ISO-10303-21;
HEADER;
FILE_DESCRIPTION (( 'STEP AP214' ),
    '1' );
FILE_NAME ('Part123456.STEP',
    '2024-06-12T09:20:54',
    ( '' ),
    ( '' ),
    'SwSTEP 2.0',
    'SolidWorks 2018',
    '' );
FILE_SCHEMA (( 'AUTOMOTIVE_DESIGN' ));
ENDSEC;

DATA;
#1 = DIRECTION ( 'NONE',  ( 2.784635057349685440E-16, -0.4751489147348846864, -0.8799053976571921121 ) ) ;
#2 = ORIENTED_EDGE ( 'NONE', *, *, #414, .F. ) ;
#3 = CARTESIAN_POINT ( 'NONE',  ( -0.2699999999999998512, 2.250000000000000444, 3.250000000000000444 ) ) ;
#4 = CARTESIAN_POINT ( 'NONE',  ( 4.179999999999999716, 1.350000000000000755, 7.349999999999999645 ) ) ;
#5 = ORIENTED_EDGE ( 'NONE', *, *, #840, .F. ) ;
#6 = DIRECTION ( 'NONE',  ( 0.000000000000000000, -1.000000000000000000, 0.000000000000000000 ) ) ;
#7 = DIRECTION ( 'NONE',  ( -1.000000000000000000, -0.000000000000000000, -0.000000000000000000 ) ) ;
#8 = LINE ( 'NONE', #149, #617 ) ;
#9 = CARTESIAN_POINT ( 'NONE',  ( -0.8999999999999999112, 1.089043047383090990, 7.237116754413131403 ) ) ;
#10 = FACE_OUTER_BOUND ( 'NONE', #1345, .T. ) ;
#11 = ORIENTED_EDGE ( 'NONE', *, *, #1446, .T. ) ;
#12 = FILL_AREA_STYLE ('',( #1313 ) ) ;
#13 = LINE ( 'NONE', #636, #1438 ) ;
#14 = DIRECTION ( 'NONE',  ( -0.000000000000000000, 1.000000000000000000, -0.000000000000000000 ) ) ;
#15 = VECTOR ( 'NONE', #567, 1000.000000000000000 ) ;
#16 = AXIS2_PLACEMENT_3D ( 'NONE', #758, #505, #1412 ) ;
#17 = FACE_OUTER_BOUND ( 'NONE', #1610, .T. ) ;
#18 = ORIENTED_EDGE ( 'NONE', *, *, #1331, .F. ) ;
#19 = DIRECTION ( 'NONE',  ( -0.000000000000000000, -0.000000000000000000, 1.000000000000000000 ) ) ;
#20 = CARTESIAN_POINT ( 'NONE',  ( -3.440000000000000391, 1.620000000000000329, 3.250000000000000444 ) ) ;
#21 = SURFACE_STYLE_USAGE ( .BOTH. , #1441 ) ;
#22 = VERTEX_POINT ( 'NONE', #985 ) ;
#23 = EDGE_CURVE ( 'NONE', #116, #166, #1455, .T. ) ;
#24 = VERTEX_POINT ( 'NONE', #1246 ) ;
#25 = DIRECTION ( 'NONE',  ( 1.000000000000000000, -5.860552283705441712E-16, 0.000000000000000000 ) ) ;
#26 = ORIENTED_EDGE ( 'NONE', *, *, #503, .T. ) ;
#27 = CARTESIAN_POINT ( 'NONE',  ( 0.000000000000000000, 1.350000000000000755, 7.349999999999999645 ) ) ;
#28 = EDGE_LOOP ( 'NONE', ( #1692, #1225, #1245, #345 ) ) ;
#29 = PLANE ( 'NONE',  #1132 ) ;
#30 = VERTEX_POINT ( 'NONE', #868 ) ;
#31 = PLANE ( 'NONE',  #385 ) ;
#32 = PRESENTATION_LAYER_ASSIGNMENT (  '', '', ( #1282 ) ) ;
#33 = PLANE ( 'NONE',  #1665 ) ;
#34 = ADVANCED_FACE ( 'NONE', ( #643 ), #1373, .F. ) ;
#35 = LINE ( 'NONE', #1054, #133 ) ;
#36 = VERTEX_POINT ( 'NONE', #349 ) ;
#37 = CARTESIAN_POINT ( 'NONE',  ( 2.270000000000000462, 2.249999999999999556, 3.250000000000000444 ) ) ;
#38 = VECTOR ( 'NONE', #488, 1000.000000000000000 ) ;
#39 = CARTESIAN_POINT ( 'NONE',  ( 2.270000000000000462, 0.2500000000000003331, 4.250000000000000000 ) ) ;
#40 = EDGE_CURVE ( 'NONE', #1420, #1221, #1141, .T. ) ;
#41 = ORIENTED_EDGE ( 'NONE', *, *, #840, .T. ) ;
#42 = DIRECTION ( 'NONE',  ( 0.000000000000000000, -1.000000000000000000, 0.000000000000000000 ) ) ;
#43 = DIRECTION ( 'NONE',  ( 0.000000000000000000, 0.000000000000000000, -1.000000000000000000 ) ) ;
#44 = EDGE_LOOP ( 'NONE', ( #1259, #969, #11, #269 ) ) ;
#45 = CARTESIAN_POINT ( 'NONE',  ( 3.440000000000001279, 1.620000000000000773, 3.250000000000000444 ) ) ;
#46 = ORIENTED_EDGE ( 'NONE', *, *, #1024, .F. ) ;
#47 = CARTESIAN_POINT ( 'NONE',  ( 5.330000000000000959, 0.8800000000000003375, 6.850000000000000533 ) ) ;
#48 = MECHANICAL_DESIGN_GEOMETRIC_PRESENTATION_REPRESENTATION (  '', ( #754 ), #1531 ) ;
#49 = DIRECTION ( 'NONE',  ( -1.172110456741085187E-15, -1.000000000000000000, -0.000000000000000000 ) ) ;
#50 = LINE ( 'NONE', #1286, #1630 ) ;
#51 = EDGE_LOOP ( 'NONE', ( #1509, #1464, #125, #26 ) ) ;
#52 = AXIS2_PLACEMENT_3D ( 'NONE', #1499, #69, #606 ) ;
#53 = DIRECTION ( 'NONE',  ( 0.000000000000000000, -0.000000000000000000, 1.000000000000000000 ) ) ;
#54 = LINE ( 'NONE', #1557, #912 ) ;
#55 = LINE ( 'NONE', #161, #1395 ) ;
#56 = ADVANCED_FACE ( 'NONE', ( #789 ), #209, .F. ) ;
#57 = LINE ( 'NONE', #1277, #889 ) ;
#58 = PLANE ( 'NONE',  #1158 ) ;
#59 = ORIENTED_EDGE ( 'NONE', *, *, #954, .T. ) ;
#60 = EDGE_LOOP ( 'NONE', ( #1406, #223, #1663, #591, #673, #996 ) ) ;
#61 = CARTESIAN_POINT ( 'NONE',  ( -4.809999999999999609, 0.2500000000000000000, 3.250000000000000444 ) ) ;
#62 = EDGE_CURVE ( 'NONE', #1122, #1472, #540, .T. ) ;
#63 = ORIENTED_EDGE ( 'NONE', *, *, #533, .F. ) ;
#64 = DIRECTION ( 'NONE',  ( 0.000000000000000000, 0.000000000000000000, 1.000000000000000000 ) ) ;
#65 = PLANE ( 'NONE',  #1325 ) ;
#66 = AXIS2_PLACEMENT_3D ( 'NONE', #360, #741, #465 ) ;
#67 = FACE_OUTER_BOUND ( 'NONE', #400, .T. ) ;
#68 = PRESENTATION_STYLE_ASSIGNMENT (( #493 ) ) ;
#69 = DIRECTION ( 'NONE',  ( 0.000000000000000000, -1.000000000000000000, 0.000000000000000000 ) ) ;
#70 = FACE_OUTER_BOUND ( 'NONE', #862, .T. ) ;
#71 = ORIENTED_EDGE ( 'NONE', *, *, #1502, .T. ) ;
#72 = DIRECTION ( 'NONE',  ( 1.000000000000000000, 0.000000000000000000, -0.000000000000000000 ) ) ;
#73 = VECTOR ( 'NONE', #1494, 1000.000000000000000 ) ;
#74 = EDGE_CURVE ( 'NONE', #409, #436, #1495, .T. ) ;
#75 = FACE_OUTER_BOUND ( 'NONE', #121, .T. ) ;
#76 = EDGE_CURVE ( 'NONE', #404, #1117, #727, .T. ) ;
#77 = CARTESIAN_POINT ( 'NONE',  ( -5.330000000000000071, 0.000000000000000000, -4.250000000000000000 ) ) ;
#78 = ORIENTED_EDGE ( 'NONE', *, *, #242, .T. ) ;
#79 = EDGE_LOOP ( 'NONE', ( #849, #78, #1278, #307, #895, #88 ) ) ;
#80 = DIRECTION ( 'NONE',  ( 2.784635057349685440E-16, -0.4751489147348846864, -0.8799053976571921121 ) ) ;
#81 =( NAMED_UNIT ( * ) PLANE_ANGLE_UNIT ( ) SI_UNIT ( $, .RADIAN. ) );
#82 = ADVANCED_FACE ( 'NONE', ( #883 ), #594, .T. ) ;
#83 = VERTEX_POINT ( 'NONE', #1505 ) ;
#84 = UNCERTAINTY_MEASURE_WITH_UNIT (LENGTH_MEASURE( 1.000000000000000082E-05 ), #1467, 'distance_accuracy_value', 'NONE');
#85 = DIRECTION ( 'NONE',  ( 4.336808689942015764E-16, 1.000000000000000000, -0.000000000000000000 ) ) ;
#86 = APPLICATION_CONTEXT ( 'automotive_design' ) ;
#87 = ORIENTED_EDGE ( 'NONE', *, *, #1239, .F. ) ;
#88 = ORIENTED_EDGE ( 'NONE', *, *, #1079, .T. ) ;
#89 = VECTOR ( 'NONE', #874, 1000.000000000000000 ) ;
#90 = VECTOR ( 'NONE', #85, 1000.000000000000000 ) ;
#91 = DIRECTION ( 'NONE',  ( -0.000000000000000000, 0.000000000000000000, 1.000000000000000000 ) ) ;
#92 = CARTESIAN_POINT ( 'NONE',  ( 0.2700000000000011280, 2.250000000000000000, 3.250000000000000444 ) ) ;
#93 = PRESENTATION_STYLE_ASSIGNMENT (( #344 ) ) ;
#94 = VERTEX_POINT ( 'NONE', #1514 ) ;
#95 = DIRECTION ( 'NONE',  ( -1.000000000000000000, 0.000000000000000000, 0.000000000000000000 ) ) ;
#96 = AXIS2_PLACEMENT_3D ( 'NONE', #799, #1233, #456 ) ;
#97 = ORIENTED_EDGE ( 'NONE', *, *, #375, .F. ) ;
#98 = CARTESIAN_POINT ( 'NONE',  ( -1.639999999999998570, 1.620000000000000773, 7.349999999999999645 ) ) ;
#99 = VERTEX_POINT ( 'NONE', #610 ) ;
#100 =( LENGTH_UNIT ( ) NAMED_UNIT ( * ) SI_UNIT ( .MILLI., .METRE. ) );
#101 = ORIENTED_EDGE ( 'NONE', *, *, #1628, .F. ) ;
#102 = AXIS2_PLACEMENT_3D ( 'NONE', #997, #1380, #481 ) ;
#103 = PLANE ( 'NONE',  #1386 ) ;
#104 = EDGE_LOOP ( 'NONE', ( #1366, #926, #804, #1071 ) ) ;
#105 = DIRECTION ( 'NONE',  ( 0.000000000000000000, -0.000000000000000000, 1.000000000000000000 ) ) ;
#106 = VECTOR ( 'NONE', #1581, 1000.000000000000000 ) ;
#107 = ORIENTED_EDGE ( 'NONE', *, *, #468, .T. ) ;
#108 = DIRECTION ( 'NONE',  ( 1.000000000000000000, 0.000000000000000000, 0.000000000000000000 ) ) ;
#109 = LINE ( 'NONE', #1174, #745 ) ;
#110 = VECTOR ( 'NONE', #1219, 1000.000000000000000 ) ;
#111 = VECTOR ( 'NONE', #261, 1000.000000000000000 ) ;
#112 =( NAMED_UNIT ( * ) PLANE_ANGLE_UNIT ( ) SI_UNIT ( $, .RADIAN. ) );
#113 = STYLED_ITEM ( 'NONE', ( #773 ), #618 ) ;
#114 = DIRECTION ( 'NONE',  ( -5.860552283705429879E-16, 1.000000000000000000, 0.000000000000000000 ) ) ;
#115 = DIRECTION ( 'NONE',  ( -1.000000000000000000, -0.000000000000000000, -0.000000000000000000 ) ) ;
#116 = VERTEX_POINT ( 'NONE', #1522 ) ;
#117 = ADVANCED_FACE ( 'NONE', ( #207 ), #744, .F. ) ;
#118 = AXIS2_PLACEMENT_3D ( 'NONE', #718, #1525, #864 ) ;
#119 = CARTESIAN_POINT ( 'NONE',  ( -4.179999999999999716, 0.8800000000000003375, 3.250000000000000444 ) ) ;
#120 = CARTESIAN_POINT ( 'NONE',  ( 4.809999999999999609, 0.2499999999999997780, 4.250000000000000000 ) ) ;
#121 = EDGE_LOOP ( 'NONE', ( #962, #1324, #631, #63 ) ) ;
#122 = EDGE_CURVE ( 'NONE', #1016, #510, #598, .T. ) ;
#123 = SURFACE_STYLE_USAGE ( .BOTH. , #1672 ) ;
#124 = PLANE ( 'NONE',  #1582 ) ;
#125 = ORIENTED_EDGE ( 'NONE', *, *, #434, .F. ) ;
#126 = EDGE_CURVE ( 'NONE', #552, #171, #1335, .T. ) ;
#127 = DIRECTION ( 'NONE',  ( -1.000000000000000000, 0.000000000000000000, 0.000000000000000000 ) ) ;
#128 = VERTEX_POINT ( 'NONE', #1527 ) ;
#129 = DIRECTION ( 'NONE',  ( 0.000000000000000000, 0.4751489147348843534, -0.8799053976571922231 ) ) ;
#130 = CARTESIAN_POINT ( 'NONE',  ( -3.439999999999999503, 0.8800000000000003375, 6.850000000000000533 ) ) ;
#131 = VECTOR ( 'NONE', #372, 1000.000000000000000 ) ;
#132 = DIRECTION ( 'NONE',  ( 5.860552283705429879E-16, -1.000000000000000000, 0.000000000000000000 ) ) ;
#133 = VECTOR ( 'NONE', #416, 1000.000000000000000 ) ;
#134 = CARTESIAN_POINT ( 'NONE',  ( -1.639999999999998570, 1.620000000000000773, 3.250000000000000444 ) ) ;
#135 = ORIENTED_EDGE ( 'NONE', *, *, #1079, .F. ) ;
#136 = VECTOR ( 'NONE', #1298, 999.9999999999998863 ) ;
#137 = PLANE ( 'NONE',  #1098 ) ;
#138 = CARTESIAN_POINT ( 'NONE',  ( 0.9000000000000005773, 0.8800000000000003375, 3.250000000000000444 ) ) ;
#139 = VECTOR ( 'NONE', #188, 1000.000000000000000 ) ;
#140 = DIRECTION ( 'NONE',  ( -5.860552283705441712E-16, -1.000000000000000000, 0.000000000000000000 ) ) ;
#141 = CARTESIAN_POINT ( 'NONE',  ( -4.179999999999999716, 0.8800000000000003375, 3.250000000000000444 ) ) ;
#142 = CARTESIAN_POINT ( 'NONE',  ( 5.330000000000000959, 1.150000000000000577, 7.349999999999999645 ) ) ;
#143 = FACE_OUTER_BOUND ( 'NONE', #1217, .T. ) ;
#144 = EDGE_CURVE ( 'NONE', #1597, #148, #427, .T. ) ;
#145 = CARTESIAN_POINT ( 'NONE',  ( -4.179999999999998828, 1.620000000000000773, 3.250000000000000444 ) ) ;
#146 = EDGE_LOOP ( 'NONE', ( #824, #181, #1572, #1153 ) ) ;
#147 = DIRECTION ( 'NONE',  ( -1.000000000000000000, 0.000000000000000000, -0.000000000000000000 ) ) ;
#148 = VERTEX_POINT ( 'NONE', #1157 ) ;
#149 = CARTESIAN_POINT ( 'NONE',  ( -5.330000000000000071, 2.500000000000000000, -4.250000000000000000 ) ) ;
#150 = DIRECTION ( 'NONE',  ( 1.000000000000000000, 0.000000000000000000, 0.000000000000000000 ) ) ;
#151 = EDGE_LOOP ( 'NONE', ( #1606, #521, #536, #1689 ) ) ;
#152 = CARTESIAN_POINT ( 'NONE',  ( 5.330000000000000959, 0.8800000000000003375, 6.850000000000000533 ) ) ;
#153 = LINE ( 'NONE', #27, #666 ) ;
#154 = LINE ( 'NONE', #937, #407 ) ;
#155 = CARTESIAN_POINT ( 'NONE',  ( 5.330000000000000959, 1.620000000000000773, 6.850000000000000533 ) ) ;
#156 = VECTOR ( 'NONE', #14, 1000.000000000000000 ) ;
#157 = EDGE_CURVE ( 'NONE', #30, #810, #832, .T. ) ;
#158 = FACE_OUTER_BOUND ( 'NONE', #146, .T. ) ;
#159 = VERTEX_POINT ( 'NONE', #365 ) ;
#160 = EDGE_CURVE ( 'NONE', #1597, #317, #1596, .T. ) ;
#161 = CARTESIAN_POINT ( 'NONE',  ( 3.440000000000000391, 0.8800000000000003375, 3.250000000000000444 ) ) ;
#162 = DIRECTION ( 'NONE',  ( 4.336808689942015764E-16, 1.000000000000000000, 0.000000000000000000 ) ) ;
#163 = VERTEX_POINT ( 'NONE', #383 ) ;
#164 = EDGE_CURVE ( 'NONE', #166, #211, #1103, .T. ) ;
#165 = MANIFOLD_SOLID_BREP ( 'Cut-Extrude2[3]', #396 ) ;
#166 = VERTEX_POINT ( 'NONE', #252 ) ;
#167 = DIRECTION ( 'NONE',  ( 1.000000000000000000, 0.000000000000000000, 0.000000000000000000 ) ) ;
#168 = EDGE_CURVE ( 'NONE', #409, #1038, #1209, .T. ) ;
#169 = CARTESIAN_POINT ( 'NONE',  ( 2.810000000000000497, 0.2499999999999996669, 4.250000000000000000 ) ) ;
#170 = DIRECTION ( 'NONE',  ( 0.000000000000000000, -0.8799053976571922231, -0.4751489147348843534 ) ) ;
#171 = VERTEX_POINT ( 'NONE', #1410 ) ;
#172 = CARTESIAN_POINT ( 'NONE',  ( 2.270000000000000462, 0.2500000000000003331, 3.250000000000000444 ) ) ;
#173 = AXIS2_PLACEMENT_3D ( 'NONE', #443, #64, #1232 ) ;
#174 = DIRECTION ( 'NONE',  ( 0.000000000000000000, 0.8799053976571921121, -0.4751489147348846864 ) ) ;
#175 = LINE ( 'NONE', #1018, #863 ) ;
#176 = FACE_OUTER_BOUND ( 'NONE', #1526, .T. ) ;
#177 = ORIENTED_EDGE ( 'NONE', *, *, #1030, .T. ) ;
#178 = FACE_OUTER_BOUND ( 'NONE', #1470, .T. ) ;
#179 = VECTOR ( 'NONE', #1247, 1000.000000000000000 ) ;
#180 = DIRECTION ( 'NONE',  ( 0.000000000000000000, -0.8799053976571922231, -0.4751489147348843534 ) ) ;
#181 = ORIENTED_EDGE ( 'NONE', *, *, #1244, .F. ) ;
#182 = PLANE ( 'NONE',  #428 ) ;
#183 = ADVANCED_FACE ( 'NONE', ( #295 ), #633, .F. ) ;
#184 = DIRECTION ( 'NONE',  ( -0.000000000000000000, 0.000000000000000000, 1.000000000000000000 ) ) ;
#185 = ORIENTED_EDGE ( 'NONE', *, *, #245, .F. ) ;
#186 = DIRECTION ( 'NONE',  ( 0.000000000000000000, 1.000000000000000000, 0.000000000000000000 ) ) ;
#187 = ORIENTED_EDGE ( 'NONE', *, *, #1536, .F. ) ;
#188 = DIRECTION ( 'NONE',  ( 1.000000000000000000, -3.794707603699267491E-16, 0.000000000000000000 ) ) ;
#189 = VECTOR ( 'NONE', #1424, 1000.000000000000000 ) ;
#190 = EDGE_CURVE ( 'NONE', #724, #552, #1291, .T. ) ;
#191 = LINE ( 'NONE', #515, #767 ) ;
#192 = VECTOR ( 'NONE', #931, 1000.000000000000000 ) ;
#193 = VECTOR ( 'NONE', #1652, 1000.000000000000000 ) ;
#194 = CARTESIAN_POINT ( 'NONE',  ( -4.809999999999999609, 2.250000000000000444, 3.250000000000000444 ) ) ;
#195 =( LENGTH_UNIT ( ) NAMED_UNIT ( * ) SI_UNIT ( .MILLI., .METRE. ) );
#196 = ORIENTED_EDGE ( 'NONE', *, *, #1405, .T. ) ;
#197 = DIRECTION ( 'NONE',  ( 0.000000000000000000, -0.4751489147348846309, -0.8799053976571921121 ) ) ;
#198 = ORIENTED_EDGE ( 'NONE', *, *, #1670, .T. ) ;
#199 = MECHANICAL_DESIGN_GEOMETRIC_PRESENTATION_REPRESENTATION (  '', ( #113 ), #293 ) ;
#200 = CARTESIAN_POINT ( 'NONE',  ( -5.330000000000000071, 2.500000000000000000, 4.250000000000000000 ) ) ;
#201 = PRODUCT_CONTEXT ( 'NONE', #86, 'mechanical' ) ;
#202 = ORIENTED_EDGE ( 'NONE', *, *, #126, .T. ) ;
#203 = ORIENTED_EDGE ( 'NONE', *, *, #1333, .F. ) ;
#204 = EDGE_CURVE ( 'NONE', #458, #409, #382, .T. ) ;
#205 = ORIENTED_EDGE ( 'NONE', *, *, #1503, .T. ) ;
#206 = CARTESIAN_POINT ( 'NONE',  ( 2.810000000000000497, 0.2499999999999996669, 3.250000000000000444 ) ) ;
#207 = FACE_OUTER_BOUND ( 'NONE', #910, .T. ) ;
#208 = ORIENTED_EDGE ( 'NONE', *, *, #393, .T. ) ;
#209 = PLANE ( 'NONE',  #102 ) ;
#210 = FACE_OUTER_BOUND ( 'NONE', #340, .T. ) ;
#211 = VERTEX_POINT ( 'NONE', #1404 ) ;
#212 = VECTOR ( 'NONE', #108, 1000.000000000000000 ) ;
#213 = EDGE_CURVE ( 'NONE', #978, #902, #1248, .T. ) ;
#214 =( LENGTH_UNIT ( ) NAMED_UNIT ( * ) SI_UNIT ( .MILLI., .METRE. ) );
#215 = LINE ( 'NONE', #1457, #448 ) ;
#216 = CARTESIAN_POINT ( 'NONE',  ( 0.000000000000000000, 0.000000000000000000, 3.250000000000000444 ) ) ;
#217 = VECTOR ( 'NONE', #1348, 1000.000000000000000 ) ;
#218 = MECHANICAL_DESIGN_GEOMETRIC_PRESENTATION_REPRESENTATION (  '', ( #1407 ), #1062 ) ;
#219 = ORIENTED_EDGE ( 'NONE', *, *, #668, .F. ) ;
#220 = ADVANCED_FACE ( 'NONE', ( #1629 ), #1419, .F. ) ;
#221 = DIRECTION ( 'NONE',  ( -0.000000000000000000, 0.000000000000000000, 1.000000000000000000 ) ) ;
#222 = CARTESIAN_POINT ( 'NONE',  ( 5.330000000000000071, 2.500000000000000000, 4.250000000000000000 ) ) ;
#223 = ORIENTED_EDGE ( 'NONE', *, *, #62, .F. ) ;
#224 = DIRECTION ( 'NONE',  ( -0.000000000000000000, -0.000000000000000000, 1.000000000000000000 ) ) ;
#225 = ORIENTED_EDGE ( 'NONE', *, *, #1493, .F. ) ;
#226 = ADVANCED_FACE ( 'NONE', ( #1434 ), #755, .F. ) ;
#227 = ORIENTED_EDGE ( 'NONE', *, *, #316, .F. ) ;
#228 = LINE ( 'NONE', #687, #539 ) ;
#229 = LINE ( 'NONE', #401, #1576 ) ;
#230 = COLOUR_RGB ( '',1.000000000000000000, 1.000000000000000000, 1.000000000000000000 ) ;
#231 = CARTESIAN_POINT ( 'NONE',  ( -0.8999999999999998002, 0.8800000000000003375, 3.250000000000000444 ) ) ;
#232 = AXIS2_PLACEMENT_3D ( 'NONE', #1691, #659, #129 ) ;
#233 = VECTOR ( 'NONE', #615, 1000.000000000000000 ) ;
#234 = CARTESIAN_POINT ( 'NONE',  ( -4.180000000000000604, 1.150000000000000577, 7.349999999999999645 ) ) ;
#235 = LINE ( 'NONE', #523, #327 ) ;
#236 = FACE_OUTER_BOUND ( 'NONE', #740, .T. ) ;
#237 = CARTESIAN_POINT ( 'NONE',  ( 5.330000000000000071, 2.500000000000000000, 4.250000000000000000 ) ) ;
#238 = EDGE_CURVE ( 'NONE', #438, #1571, #175, .T. ) ;
#239 = VERTEX_POINT ( 'NONE', #120 ) ;
#240 = DIRECTION ( 'NONE',  ( -5.860552283705441712E-16, -1.000000000000000000, 0.000000000000000000 ) ) ;
#241 = ORIENTED_EDGE ( 'NONE', *, *, #122, .F. ) ;
#242 = EDGE_CURVE ( 'NONE', #334, #24, #848, .T. ) ;
#243 = DIRECTION ( 'NONE',  ( -1.000000000000000000, 0.000000000000000000, 0.000000000000000000 ) ) ;
#244 = VERTEX_POINT ( 'NONE', #1431 ) ;
#245 = EDGE_CURVE ( 'NONE', #647, #662, #229, .T. ) ;
#246 = CARTESIAN_POINT ( 'NONE',  ( 0.9000000000000014655, 1.620000000000000773, 7.349999999999999645 ) ) ;
#247 = CARTESIAN_POINT ( 'NONE',  ( 2.810000000000000497, 2.250000000000000888, 3.250000000000000444 ) ) ;
#248 = EDGE_LOOP ( 'NONE', ( #708, #1401, #1545, #663 ) ) ;
#249 = DIRECTION ( 'NONE',  ( -1.000000000000000000, 2.168404344971009854E-16, -0.000000000000000000 ) ) ;
#250 = EDGE_CURVE ( 'NONE', #810, #1456, #562, .T. ) ;
#251 = DIRECTION ( 'NONE',  ( -0.000000000000000000, -0.000000000000000000, 1.000000000000000000 ) ) ;
#252 = CARTESIAN_POINT ( 'NONE',  ( 1.639999999999999902, 1.620000000000000329, 3.250000000000000444 ) ) ;
#253 = ORIENTED_EDGE ( 'NONE', *, *, #989, .F. ) ;
#254 = CARTESIAN_POINT ( 'NONE',  ( 0.9000000000000010214, 1.243889749148343604, 7.546500464540105035 ) ) ;
#255 = VECTOR ( 'NONE', #7, 1000.000000000000000 ) ;
#256 = VERTEX_POINT ( 'NONE', #1554 ) ;
#257 = FACE_OUTER_BOUND ( 'NONE', #599, .T. ) ;
#258 = DIRECTION ( 'NONE',  ( 0.000000000000000000, -1.000000000000000000, 0.000000000000000000 ) ) ;
#259 = LINE ( 'NONE', #480, #1655 ) ;
#260 = CARTESIAN_POINT ( 'NONE',  ( 4.809999999999999609, 0.2499999999999997780, 3.250000000000000444 ) ) ;
#261 = DIRECTION ( 'NONE',  ( -0.000000000000000000, -0.000000000000000000, 1.000000000000000000 ) ) ;
#262 = ORIENTED_EDGE ( 'NONE', *, *, #1664, .F. ) ;
#263 = DIRECTION ( 'NONE',  ( 0.000000000000000000, 1.000000000000000000, 0.000000000000000000 ) ) ;
#264 = CARTESIAN_POINT ( 'NONE',  ( 0.000000000000000000, 1.150000000000000577, 7.349999999999999645 ) ) ;
#265 = DIRECTION ( 'NONE',  ( -1.172110456741085187E-15, -1.000000000000000000, -0.000000000000000000 ) ) ;
#266 = ORIENTED_EDGE ( 'NONE', *, *, #1628, .T. ) ;
#267 = ORIENTED_EDGE ( 'NONE', *, *, #1556, .F. ) ;
#268 = CARTESIAN_POINT ( 'NONE',  ( -4.179999999999999716, 0.8800000000000003375, 3.250000000000000444 ) ) ;
#269 = ORIENTED_EDGE ( 'NONE', *, *, #750, .F. ) ;
#270 = PLANE ( 'NONE',  #1011 ) ;
#271 = FACE_OUTER_BOUND ( 'NONE', #829, .T. ) ;
#272 = FILL_AREA_STYLE_COLOUR ( '', #1575 ) ;
#273 = LINE ( 'NONE', #841, #274 ) ;
#274 = VECTOR ( 'NONE', #1227, 1000.000000000000000 ) ;
#275 = VECTOR ( 'NONE', #405, 1000.000000000000000 ) ;
#276 = DIRECTION ( 'NONE',  ( 1.000000000000000000, 0.000000000000000000, 0.000000000000000000 ) ) ;
#277 = CARTESIAN_POINT ( 'NONE',  ( 2.810000000000000497, 2.250000000000000888, 3.250000000000000444 ) ) ;
#278 = FACE_OUTER_BOUND ( 'NONE', #1437, .T. ) ;
#279 = CARTESIAN_POINT ( 'NONE',  ( 0.000000000000000000, 0.000000000000000000, 3.250000000000000444 ) ) ;
#280 = VECTOR ( 'NONE', #1177, 1000.000000000000000 ) ;
#281 = EDGE_LOOP ( 'NONE', ( #1609, #41, #976, #1283 ) ) ;
#282 = DIRECTION ( 'NONE',  ( -5.860552283705429879E-16, 1.000000000000000000, 0.000000000000000000 ) ) ;
#283 = EDGE_CURVE ( 'NONE', #1472, #577, #1513, .T. ) ;
#284 = DIRECTION ( 'NONE',  ( 0.000000000000000000, 1.000000000000000000, 0.000000000000000000 ) ) ;
#285 = ORIENTED_EDGE ( 'NONE', *, *, #1069, .T. ) ;
#286 = CARTESIAN_POINT ( 'NONE',  ( 0.9000000000000007994, 1.089043047383090990, 7.237116754413131403 ) ) ;
#287 = VERTEX_POINT ( 'NONE', #1165 ) ;
#288 = DIRECTION ( 'NONE',  ( 1.000000000000000000, 0.000000000000000000, 0.000000000000000000 ) ) ;
#289 = DIRECTION ( 'NONE',  ( 0.000000000000000000, 0.000000000000000000, -1.000000000000000000 ) ) ;
#290 = VERTEX_POINT ( 'NONE', #909 ) ;
#291 = PLANE ( 'NONE',  #870 ) ;
#292 = VERTEX_POINT ( 'NONE', #787 ) ;
#293 =( GEOMETRIC_REPRESENTATION_CONTEXT ( 3 ) GLOBAL_UNCERTAINTY_ASSIGNED_CONTEXT ( ( #84 ) ) GLOBAL_UNIT_ASSIGNED_CONTEXT ( ( #1467, #959, #693 ) ) REPRESENTATION_CONTEXT ( 'NONE', 'WORKASPACE' ) );
#294 = DIRECTION ( 'NONE',  ( 5.421010862427525868E-17, -1.000000000000000000, 0.000000000000000000 ) ) ;
#295 = FACE_OUTER_BOUND ( 'NONE', #429, .T. ) ;
#296 = VECTOR ( 'NONE', #115, 1000.000000000000000 ) ;
#297 = EDGE_LOOP ( 'NONE', ( #332, #1369, #642, #285, #802, #792 ) ) ;
#298 = EDGE_CURVE ( 'NONE', #1100, #159, #1648, .T. ) ;
#299 = DIRECTION ( 'NONE',  ( 1.000000000000000000, 5.421010862427525868E-17, 0.000000000000000000 ) ) ;
#300 = LINE ( 'NONE', #1651, #1029 ) ;
#301 = PRESENTATION_STYLE_ASSIGNMENT (( #785 ) ) ;
#302 = EDGE_LOOP ( 'NONE', ( #722, #1228, #602, #1593 ) ) ;
#303 = DIRECTION ( 'NONE',  ( 0.000000000000000000, -0.000000000000000000, 1.000000000000000000 ) ) ;
#304 = VECTOR ( 'NONE', #1089, 1000.000000000000000 ) ;
#305 = CARTESIAN_POINT ( 'NONE',  ( 5.330000000000000071, 0.000000000000000000, 4.250000000000000000 ) ) ;
#306 = ADVANCED_FACE ( 'NONE', ( #1315 ), #1341, .F. ) ;
#307 = ORIENTED_EDGE ( 'NONE', *, *, #23, .T. ) ;
#308 = DIRECTION ( 'NONE',  ( 0.000000000000000000, 0.000000000000000000, -1.000000000000000000 ) ) ;
#309 = DIRECTION ( 'NONE',  ( 5.569270114699362005E-16, 0.4751489147348843534, -0.8799053976571922231 ) ) ;
#310 = AXIS2_PLACEMENT_3D ( 'NONE', #1381, #91, #994 ) ;
#311 = ORIENTED_EDGE ( 'NONE', *, *, #1297, .F. ) ;
#312 = VERTEX_POINT ( 'NONE', #1595 ) ;
#313 = ADVANCED_FACE ( 'NONE', ( #318 ), #557, .F. ) ;
#314 = ORIENTED_EDGE ( 'NONE', *, *, #1242, .T. ) ;
#315 = PLANE ( 'NONE',  #1480 ) ;
#316 = EDGE_CURVE ( 'NONE', #1028, #1100, #1350, .T. ) ;
#317 = VERTEX_POINT ( 'NONE', #819 ) ;
#318 = FACE_OUTER_BOUND ( 'NONE', #453, .T. ) ;
#319 = VECTOR ( 'NONE', #282, 1000.000000000000000 ) ;
#320 = ORIENTED_EDGE ( 'NONE', *, *, #858, .T. ) ;
#321 = LINE ( 'NONE', #368, #136 ) ;
#322 = STYLED_ITEM ( 'NONE', ( #93 ), #1618 ) ;
#323 = CARTESIAN_POINT ( 'NONE',  ( -0.9000000000000002442, 1.620000000000000329, 3.250000000000000444 ) ) ;
#324 = VECTOR ( 'NONE', #1240, 1000.000000000000000 ) ;
#325 = PRODUCT ( 'Part123456', 'Part123456', '', ( #201 ) ) ;
#326 = CARTESIAN_POINT ( 'NONE',  ( 3.440000000000000391, 0.8800000000000003375, 3.250000000000000444 ) ) ;
#327 = VECTOR ( 'NONE', #388, 1000.000000000000000 ) ;
#328 = VECTOR ( 'NONE', #963, 1000.000000000000000 ) ;
#329 = CARTESIAN_POINT ( 'NONE',  ( -2.810000000000000497, 2.250000000000000888, 4.250000000000000000 ) ) ;
#330 = ORIENTED_EDGE ( 'NONE', *, *, #1069, .F. ) ;
#331 = DIRECTION ( 'NONE',  ( -1.172110456741085187E-15, -1.000000000000000000, -0.000000000000000000 ) ) ;
#332 = ORIENTED_EDGE ( 'NONE', *, *, #653, .F. ) ;
#333 = EDGE_CURVE ( 'NONE', #438, #287, #8, .T. ) ;
#334 = VERTEX_POINT ( 'NONE', #537 ) ;
#335 = ORIENTED_EDGE ( 'NONE', *, *, #989, .T. ) ;
#336 = DIRECTION ( 'NONE',  ( -0.000000000000000000, -1.000000000000000000, -0.000000000000000000 ) ) ;
#337 = EDGE_CURVE ( 'NONE', #371, #30, #665, .T. ) ;
#338 = DIRECTION ( 'NONE',  ( 0.000000000000000000, 0.000000000000000000, 1.000000000000000000 ) ) ;
#339 = LINE ( 'NONE', #119, #1121 ) ;
#340 = EDGE_LOOP ( 'NONE', ( #71, #1000, #1081, #1379 ) ) ;
#341 = FACE_OUTER_BOUND ( 'NONE', #442, .T. ) ;
#342 = CARTESIAN_POINT ( 'NONE',  ( 1.640000000000000346, 0.8800000000000003375, 3.250000000000000444 ) ) ;
#343 = FACE_OUTER_BOUND ( 'NONE', #297, .T. ) ;
#344 = SURFACE_STYLE_USAGE ( .BOTH. , #1508 ) ;
#345 = ORIENTED_EDGE ( 'NONE', *, *, #425, .T. ) ;
#346 = ORIENTED_EDGE ( 'NONE', *, *, #1323, .F. ) ;
#347 = AXIS2_PLACEMENT_3D ( 'NONE', #237, #243, #1539 ) ;
#348 = CARTESIAN_POINT ( 'NONE',  ( -0.2699999999999998512, 0.2500000000000006661, 3.250000000000000444 ) ) ;
#349 = CARTESIAN_POINT ( 'NONE',  ( -0.2699999999999998512, 0.2500000000000006661, 3.250000000000000444 ) ) ;
#350 = ORIENTED_EDGE ( 'NONE', *, *, #679, .T. ) ;
#351 = ADVANCED_FACE ( 'NONE', ( #271 ), #672, .F. ) ;
#352 = CLOSED_SHELL ( 'NONE', ( #1218, #753, #226, #1288, #553, #872, #56, #719 ) ) ;
#353 = CARTESIAN_POINT ( 'NONE',  ( 2.270000000000000462, 2.249999999999999556, 3.250000000000000444 ) ) ;
#354 = CARTESIAN_POINT ( 'NONE',  ( -4.180000000000000604, 1.620000000000000773, 6.850000000000000533 ) ) ;
#355 =( NAMED_UNIT ( * ) SI_UNIT ( $, .STERADIAN. ) SOLID_ANGLE_UNIT ( ) );
#356 = ORIENTED_EDGE ( 'NONE', *, *, #1231, .F. ) ;
#357 = LINE ( 'NONE', #1627, #1391 ) ;
#358 = LINE ( 'NONE', #1302, #791 ) ;
#359 = ORIENTED_EDGE ( 'NONE', *, *, #157, .T. ) ;
#360 = CARTESIAN_POINT ( 'NONE',  ( -5.330000000000000071, 2.500000000000000000, 4.250000000000000000 ) ) ;
#361 = CARTESIAN_POINT ( 'NONE',  ( 4.179999999999999716, 1.150000000000000577, 7.349999999999999645 ) ) ;
#362 = VECTOR ( 'NONE', #1551, 1000.000000000000000 ) ;
#363 = FACE_OUTER_BOUND ( 'NONE', #1131, .T. ) ;
#364 = ADVANCED_FACE ( 'NONE', ( #743 ), #29, .F. ) ;
#365 = CARTESIAN_POINT ( 'NONE',  ( 5.330000000000000071, 0.000000000000000000, 4.250000000000000000 ) ) ;
#366 = EDGE_CURVE ( 'NONE', #404, #1249, #357, .T. ) ;
#367 = LINE ( 'NONE', #1344, #304 ) ;
#368 = CARTESIAN_POINT ( 'NONE',  ( -1.639999999999999236, 1.089043047383090990, 7.237116754413131403 ) ) ;
#369 = AXIS2_PLACEMENT_3D ( 'NONE', #397, #6, #921 ) ;
#370 = EDGE_LOOP ( 'NONE', ( #435, #1063, #1094, #691 ) ) ;
#371 = VERTEX_POINT ( 'NONE', #531 ) ;
#372 = DIRECTION ( 'NONE',  ( -1.000000000000000000, 0.000000000000000000, 0.000000000000000000 ) ) ;
#373 = ORIENTED_EDGE ( 'NONE', *, *, #454, .T. ) ;
#374 = ADVANCED_FACE ( 'NONE', ( #1001 ), #538, .F. ) ;
#375 = EDGE_CURVE ( 'NONE', #83, #737, #1612, .T. ) ;
#376 = DIRECTION ( 'NONE',  ( -1.172110456741085187E-15, -1.000000000000000000, -0.000000000000000000 ) ) ;
#377 = ORIENTED_EDGE ( 'NONE', *, *, #560, .T. ) ;
#378 = DIRECTION ( 'NONE',  ( -0.000000000000000000, -0.000000000000000000, 1.000000000000000000 ) ) ;
#379 = EDGE_LOOP ( 'NONE', ( #856, #1504, #846, #780 ) ) ;
#380 = CARTESIAN_POINT ( 'NONE',  ( 4.179999999999999716, 0.8800000000000003375, 7.349999999999999645 ) ) ;
#381 = CARTESIAN_POINT ( 'NONE',  ( 0.9000000000000005773, 0.8800000000000003375, 7.349999999999999645 ) ) ;
#382 = LINE ( 'NONE', #622, #1120 ) ;
#383 = CARTESIAN_POINT ( 'NONE',  ( -1.639999999999998792, 1.350000000000000755, 7.349999999999999645 ) ) ;
#384 = ORIENTED_EDGE ( 'NONE', *, *, #511, .T. ) ;
#385 = AXIS2_PLACEMENT_3D ( 'NONE', #279, #698, #549 ) ;
#386 = LINE ( 'NONE', #387, #669 ) ;
#387 = CARTESIAN_POINT ( 'NONE',  ( 2.270000000000000462, 2.249999999999999556, 3.250000000000000444 ) ) ;
#388 = DIRECTION ( 'NONE',  ( -0.000000000000000000, -0.000000000000000000, 1.000000000000000000 ) ) ;
#389 = EDGE_LOOP ( 'NONE', ( #878, #991, #196, #1375 ) ) ;
#390 = ORIENTED_EDGE ( 'NONE', *, *, #560, .F. ) ;
#391 = DIRECTION ( 'NONE',  ( 0.000000000000000000, 1.000000000000000000, 0.000000000000000000 ) ) ;
#392 = CARTESIAN_POINT ( 'NONE',  ( 4.179999999999999716, 1.243889749148343604, 7.546500464540105035 ) ) ;
#393 = EDGE_CURVE ( 'NONE', #466, #760, #154, .T. ) ;
#394 = VERTEX_POINT ( 'NONE', #145 ) ;
#395 = PLANE ( 'NONE',  #1643 ) ;
#396 = CLOSED_SHELL ( 'NONE', ( #1127, #483, #612, #1349, #1261, #625, #1659, #1400 ) ) ;
#397 = CARTESIAN_POINT ( 'NONE',  ( -2.269999999999999130, 0.2500000000000006661, 3.250000000000000444 ) ) ;
#398 = PRODUCT_DEFINITION_CONTEXT ( 'detailed design', #995, 'design' ) ;
#399 = CARTESIAN_POINT ( 'NONE',  ( 0.9000000000000005773, 0.8800000000000003375, 7.349999999999999645 ) ) ;
#400 = EDGE_LOOP ( 'NONE', ( #690, #1563, #1023, #1013 ) ) ;
#401 = CARTESIAN_POINT ( 'NONE',  ( 4.809999999999999609, 2.250000000000000888, 3.250000000000000444 ) ) ;
#402 = ORIENTED_EDGE ( 'NONE', *, *, #1149, .T. ) ;
#403 = CARTESIAN_POINT ( 'NONE',  ( 0.000000000000000000, 1.350000000000000755, 7.349999999999999645 ) ) ;
#404 = VERTEX_POINT ( 'NONE', #923 ) ;
#405 = DIRECTION ( 'NONE',  ( 1.000000000000000000, 0.000000000000000000, 0.000000000000000000 ) ) ;
#406 = DIRECTION ( 'NONE',  ( 4.336808689942015764E-16, 1.000000000000000000, -0.000000000000000000 ) ) ;
#407 = VECTOR ( 'NONE', #527, 999.9999999999998863 ) ;
#408 = LINE ( 'NONE', #1570, #156 ) ;
#409 = VERTEX_POINT ( 'NONE', #1444 ) ;
#410 = DIRECTION ( 'NONE',  ( -0.000000000000000000, 0.000000000000000000, 1.000000000000000000 ) ) ;
#411 = VECTOR ( 'NONE', #990, 1000.000000000000000 ) ;
#412 = DIRECTION ( 'NONE',  ( -2.168404344971010347E-16, 1.000000000000000000, 0.000000000000000000 ) ) ;
#413 = LINE ( 'NONE', #1585, #192 ) ;
#414 = EDGE_CURVE ( 'NONE', #678, #239, #1275, .T. ) ;
#415 = LINE ( 'NONE', #277, #627 ) ;
#416 = DIRECTION ( 'NONE',  ( 0.000000000000000000, -1.000000000000000000, 0.000000000000000000 ) ) ;
#417 =( GEOMETRIC_REPRESENTATION_CONTEXT ( 3 ) GLOBAL_UNCERTAINTY_ASSIGNED_CONTEXT ( ( #808 ) ) GLOBAL_UNIT_ASSIGNED_CONTEXT ( ( #214, #81, #597 ) ) REPRESENTATION_CONTEXT ( 'NONE', 'WORKASPACE' ) );
#418 = ORIENTED_EDGE ( 'NONE', *, *, #1149, .F. ) ;
#419 = ORIENTED_EDGE ( 'NONE', *, *, #1092, .T. ) ;
#420 = CARTESIAN_POINT ( 'NONE',  ( 4.809999999999999609, 2.250000000000000888, 3.250000000000000444 ) ) ;
#421 = AXIS2_PLACEMENT_3D ( 'NONE', #484, #308, #701 ) ;
#422 = DIRECTION ( 'NONE',  ( -1.000000000000000000, -0.000000000000000000, -0.000000000000000000 ) ) ;
#423 = ORIENTED_EDGE ( 'NONE', *, *, #738, .T. ) ;
#424 = CARTESIAN_POINT ( 'NONE',  ( -4.179999999999999716, 0.8800000000000003375, 7.349999999999999645 ) ) ;
#425 = EDGE_CURVE ( 'NONE', #577, #99, #1320, .T. ) ;
#426 = LINE ( 'NONE', #152, #1352 ) ;
#427 = LINE ( 'NONE', #749, #906 ) ;
#428 = AXIS2_PLACEMENT_3D ( 'NONE', #451, #1354, #576 ) ;
#429 = EDGE_LOOP ( 'NONE', ( #198, #1336, #986, #1491 ) ) ;
#430 = LINE ( 'NONE', #1372, #73 ) ;
#431 = CARTESIAN_POINT ( 'NONE',  ( 2.810000000000000497, 2.250000000000000888, 3.250000000000000444 ) ) ;
#432 = FACE_OUTER_BOUND ( 'NONE', #1384, .T. ) ;
#433 = CARTESIAN_POINT ( 'NONE',  ( -2.269999999999999130, 2.250000000000000444, 3.250000000000000444 ) ) ;
#434 = EDGE_CURVE ( 'NONE', #662, #978, #415, .T. ) ;
#435 = ORIENTED_EDGE ( 'NONE', *, *, #911, .T. ) ;
#436 = VERTEX_POINT ( 'NONE', #1187 ) ;
#437 = CARTESIAN_POINT ( 'NONE',  ( -0.8999999999999998002, 0.8800000000000003375, 7.349999999999999645 ) ) ;
#438 = VERTEX_POINT ( 'NONE', #1260 ) ;
#439 = ORIENTED_EDGE ( 'NONE', *, *, #831, .T. ) ;
#440 =( GEOMETRIC_REPRESENTATION_CONTEXT ( 3 ) GLOBAL_UNCERTAINTY_ASSIGNED_CONTEXT ( ( #1322 ) ) GLOBAL_UNIT_ASSIGNED_CONTEXT ( ( #1694, #871, #1360 ) ) REPRESENTATION_CONTEXT ( 'NONE', 'WORKASPACE' ) );
#441 = PLANE ( 'NONE',  #1138 ) ;
#442 = EDGE_LOOP ( 'NONE', ( #101, #638, #1661, #177 ) ) ;
#443 = CARTESIAN_POINT ( 'NONE',  ( 0.000000000000000000, 0.000000000000000000, 3.250000000000000444 ) ) ;
#444 = LINE ( 'NONE', #651, #255 ) ;
#445 = ORIENTED_EDGE ( 'NONE', *, *, #1580, .T. ) ;
#446 = DIRECTION ( 'NONE',  ( -0.000000000000000000, -0.000000000000000000, -1.000000000000000000 ) ) ;
#447 = FACE_OUTER_BOUND ( 'NONE', #1151, .T. ) ;
#448 = VECTOR ( 'NONE', #814, 1000.000000000000000 ) ;
#449 = DIRECTION ( 'NONE',  ( 2.784635057349682975E-16, -0.4751489147348843534, 0.8799053976571922231 ) ) ;
#450 = LINE ( 'NONE', #588, #694 ) ;
#451 = CARTESIAN_POINT ( 'NONE',  ( 0.000000000000000000, 0.000000000000000000, 3.250000000000000444 ) ) ;
#452 = VERTEX_POINT ( 'NONE', #20 ) ;
#453 = EDGE_LOOP ( 'NONE', ( #205, #241, #1358, #1285 ) ) ;
#454 = EDGE_CURVE ( 'NONE', #1626, #371, #1055, .T. ) ;
#455 = DIRECTION ( 'NONE',  ( 0.000000000000000000, 0.000000000000000000, -1.000000000000000000 ) ) ;
#456 = DIRECTION ( 'NONE',  ( 5.860552283705429879E-16, -1.000000000000000000, 0.000000000000000000 ) ) ;
#457 = DIRECTION ( 'NONE',  ( 0.000000000000000000, 0.000000000000000000, -1.000000000000000000 ) ) ;
#458 = VERTEX_POINT ( 'NONE', #92 ) ;
#459 = DIRECTION ( 'NONE',  ( 1.000000000000000000, 0.000000000000000000, 0.000000000000000000 ) ) ;
#460 = EDGE_CURVE ( 'NONE', #724, #590, #57, .T. ) ;
#461 = FACE_OUTER_BOUND ( 'NONE', #1059, .T. ) ;
#462 = VECTOR ( 'NONE', #1196, 999.9999999999998863 ) ;
#463 = FACE_OUTER_BOUND ( 'NONE', #1343, .T. ) ;
#464 = AXIS2_PLACEMENT_3D ( 'NONE', #37, #167, #43 ) ;
#465 = DIRECTION ( 'NONE',  ( -1.000000000000000000, 0.000000000000000000, -0.000000000000000000 ) ) ;
#466 = VERTEX_POINT ( 'NONE', #361 ) ;
#467 = ORIENTED_EDGE ( 'NONE', *, *, #1030, .F. ) ;
#468 = EDGE_CURVE ( 'NONE', #1170, #582, #605, .T. ) ;
#469 = CARTESIAN_POINT ( 'NONE',  ( 2.810000000000000053, 2.250000000000000888, 4.250000000000000000 ) ) ;
#470 = ORIENTED_EDGE ( 'NONE', *, *, #1376, .F. ) ;
#471 = CARTESIAN_POINT ( 'NONE',  ( 1.639999999999999902, 1.620000000000000329, 7.349999999999999645 ) ) ;
#472 = VECTOR ( 'NONE', #1116, 1000.000000000000000 ) ;
#473 = PRESENTATION_STYLE_ASSIGNMENT (( #21 ) ) ;
#474 = ORIENTED_EDGE ( 'NONE', *, *, #954, .F. ) ;
#475 = ADVANCED_FACE ( 'NONE', ( #1254 ), #899, .F. ) ;
#476 = LINE ( 'NONE', #518, #1229 ) ;
#477 = CARTESIAN_POINT ( 'NONE',  ( 3.440000000000000391, 0.8800000000000003375, 7.349999999999999645 ) ) ;
#478 = LINE ( 'NONE', #286, #462 ) ;
#479 = CARTESIAN_POINT ( 'NONE',  ( -4.809999999999999609, 2.250000000000000444, 3.250000000000000444 ) ) ;
#480 = CARTESIAN_POINT ( 'NONE',  ( -5.330000000000000071, 2.500000000000000000, -4.250000000000000000 ) ) ;
#481 = DIRECTION ( 'NONE',  ( 0.000000000000000000, 0.4751489147348843534, -0.8799053976571922231 ) ) ;
#482 = EDGE_LOOP ( 'NONE', ( #1307, #356, #548, #1085 ) ) ;
#483 = ADVANCED_FACE ( 'NONE', ( #343 ), #1045, .F. ) ;
#484 = CARTESIAN_POINT ( 'NONE',  ( 0.000000000000000000, 0.000000000000000000, 3.250000000000000444 ) ) ;
#485 = ORIENTED_EDGE ( 'NONE', *, *, #460, .T. ) ;
#486 = AXIS2_PLACEMENT_3D ( 'NONE', #514, #1559, #147 ) ;
#487 = ORIENTED_EDGE ( 'NONE', *, *, #1446, .F. ) ;
#488 = DIRECTION ( 'NONE',  ( -0.000000000000000000, -0.000000000000000000, -1.000000000000000000 ) ) ;
#489 = EDGE_LOOP ( 'NONE', ( #941, #982, #1622, #620 ) ) ;
#490 = UNCERTAINTY_MEASURE_WITH_UNIT (LENGTH_MEASURE( 1.000000000000000082E-05 ), #195, 'distance_accuracy_value', 'NONE');
#491 = ADVANCED_FACE ( 'NONE', ( #1619 ), #1160, .F. ) ;
#492 = ORIENTED_EDGE ( 'NONE', *, *, #1108, .T. ) ;
#493 = SURFACE_STYLE_USAGE ( .BOTH. , #614 ) ;
#494 = AXIS2_PLACEMENT_3D ( 'NONE', #825, #684, #303 ) ;
#495 = VECTOR ( 'NONE', #960, 1000.000000000000000 ) ;
#496 = VECTOR ( 'NONE', #1687, 1000.000000000000000 ) ;
#497 = DIRECTION ( 'NONE',  ( 0.000000000000000000, -1.000000000000000000, 0.000000000000000000 ) ) ;
#498 = VECTOR ( 'NONE', #1430, 1000.000000000000000 ) ;
#499 = LINE ( 'NONE', #839, #1176 ) ;
#500 = VECTOR ( 'NONE', #1573, 1000.000000000000000 ) ;
#501 = FILL_AREA_STYLE_COLOUR ( '', #1474 ) ;
#502 = ORIENTED_EDGE ( 'NONE', *, *, #298, .F. ) ;
#503 = EDGE_CURVE ( 'NONE', #662, #948, #936, .T. ) ;
#504 = ADVANCED_FACE ( 'NONE', ( #463 ), #1299, .F. ) ;
#505 = DIRECTION ( 'NONE',  ( 0.000000000000000000, 0.8799053976571921121, -0.4751489147348846864 ) ) ;
#506 = ORIENTED_EDGE ( 'NONE', *, *, #1636, .T. ) ;
#507 = EDGE_CURVE ( 'NONE', #1182, #720, #235, .T. ) ;
#508 = DIRECTION ( 'NONE',  ( 5.860552283705429879E-16, -1.000000000000000000, 0.000000000000000000 ) ) ;
#509 = CARTESIAN_POINT ( 'NONE',  ( 0.000000000000000000, 0.000000000000000000, 3.250000000000000444 ) ) ;
#510 = VERTEX_POINT ( 'NONE', #4 ) ;
#511 = EDGE_CURVE ( 'NONE', #171, #1122, #585, .T. ) ;
#512 = CARTESIAN_POINT ( 'NONE',  ( 0.000000000000000000, 0.000000000000000000, 0.000000000000000000 ) ) ;
#513 = DIRECTION ( 'NONE',  ( 2.168404344971009854E-16, 1.000000000000000000, 0.000000000000000000 ) ) ;
#514 = CARTESIAN_POINT ( 'NONE',  ( 0.000000000000000000, 0.000000000000000000, 7.349999999999999645 ) ) ;
#515 = CARTESIAN_POINT ( 'NONE',  ( 0.000000000000000000, 1.150000000000000577, 7.349999999999999645 ) ) ;
#516 = CARTESIAN_POINT ( 'NONE',  ( -2.810000000000000497, 2.250000000000000888, 3.250000000000000444 ) ) ;
#517 = ORIENTED_EDGE ( 'NONE', *, *, #882, .F. ) ;
#518 = CARTESIAN_POINT ( 'NONE',  ( -5.330000000000000071, 2.500000000000000000, 4.250000000000000000 ) ) ;
#519 = VECTOR ( 'NONE', #1262, 1000.000000000000000 ) ;
#520 = DIRECTION ( 'NONE',  ( -1.000000000000000000, 0.000000000000000000, 0.000000000000000000 ) ) ;
#521 = ORIENTED_EDGE ( 'NONE', *, *, #1287, .F. ) ;
#522 = LINE ( 'NONE', #1025, #1317 ) ;
#523 = CARTESIAN_POINT ( 'NONE',  ( -2.810000000000000497, 0.2500000000000002220, 3.250000000000000444 ) ) ;
#524 = FACE_OUTER_BOUND ( 'NONE', #1241, .T. ) ;
#525 = CARTESIAN_POINT ( 'NONE',  ( 2.810000000000000497, 2.250000000000000888, 3.250000000000000444 ) ) ;
#526 = CARTESIAN_POINT ( 'NONE',  ( 1.640000000000000346, 0.8800000000000003375, 7.349999999999999645 ) ) ;
#527 = DIRECTION ( 'NONE',  ( 0.000000000000000000, -0.4751489147348846864, -0.8799053976571921121 ) ) ;
#528 = EDGE_LOOP ( 'NONE', ( #1109, #812, #1133, #2 ) ) ;
#529 = CARTESIAN_POINT ( 'NONE',  ( 0.2700000000000011280, 2.250000000000000000, 3.250000000000000444 ) ) ;
#530 = PLANE ( 'NONE',  #572 ) ;
#531 = CARTESIAN_POINT ( 'NONE',  ( -1.639999999999999458, 0.8800000000000003375, 3.250000000000000444 ) ) ;
#532 = CARTESIAN_POINT ( 'NONE',  ( 4.179999999999999716, 0.8800000000000003375, 7.349999999999999645 ) ) ;
#533 = EDGE_CURVE ( 'NONE', #211, #551, #1237, .T. ) ;
#534 = ORIENTED_EDGE ( 'NONE', *, *, #1244, .T. ) ;
#535 = AXIS2_PLACEMENT_3D ( 'NONE', #934, #174, #544 ) ;
#536 = ORIENTED_EDGE ( 'NONE', *, *, #1032, .F. ) ;
#537 = CARTESIAN_POINT ( 'NONE',  ( 1.640000000000000124, 1.150000000000000577, 7.349999999999999645 ) ) ;
#538 = PLANE ( 'NONE',  #676 ) ;
#539 = VECTOR ( 'NONE', #1594, 1000.000000000000000 ) ;
#540 = LINE ( 'NONE', #600, #816 ) ;
#541 = VERTEX_POINT ( 'NONE', #1432 ) ;
#542 = DIRECTION ( 'NONE',  ( -0.000000000000000000, -0.000000000000000000, -1.000000000000000000 ) ) ;
#543 = LINE ( 'NONE', #630, #709 ) ;
#544 = DIRECTION ( 'NONE',  ( 0.000000000000000000, 0.4751489147348846309, 0.8799053976571920010 ) ) ;
#545 = FACE_OUTER_BOUND ( 'NONE', #248, .T. ) ;
#546 = EDGE_CURVE ( 'NONE', #1122, #1487, #854, .T. ) ;
#547 = VECTOR ( 'NONE', #893, 1000.000000000000000 ) ;
#548 = ORIENTED_EDGE ( 'NONE', *, *, #1416, .T. ) ;
#549 = DIRECTION ( 'NONE',  ( 1.000000000000000000, 0.000000000000000000, 0.000000000000000000 ) ) ;
#550 = CARTESIAN_POINT ( 'NONE',  ( 0.2700000000000011280, 2.250000000000000000, 3.250000000000000444 ) ) ;
#551 = VERTEX_POINT ( 'NONE', #138 ) ;
#552 = VERTEX_POINT ( 'NONE', #908 ) ;
#553 = ADVANCED_FACE ( 'NONE', ( #1633 ), #1036, .T. ) ;
#554 = DIRECTION ( 'NONE',  ( 1.000000000000000000, -1.172110456741085187E-15, 0.000000000000000000 ) ) ;
#555 = EDGE_LOOP ( 'NONE', ( #506, #574, #1017, #335 ) ) ;
#556 =( GEOMETRIC_REPRESENTATION_CONTEXT ( 3 ) GLOBAL_UNCERTAINTY_ASSIGNED_CONTEXT ( ( #1528 ) ) GLOBAL_UNIT_ASSIGNED_CONTEXT ( ( #100, #112, #896 ) ) REPRESENTATION_CONTEXT ( 'NONE', 'WORKASPACE' ) );
#557 = PLANE ( 'NONE',  #1371 ) ;
#558 = EDGE_LOOP ( 'NONE', ( #1669, #1097, #702, #59 ) ) ;
#559 = PLANE ( 'NONE',  #494 ) ;
#560 = EDGE_CURVE ( 'NONE', #1567, #1111, #713, .T. ) ;
#561 = CARTESIAN_POINT ( 'NONE',  ( 1.640000000000000346, 0.8800000000000003375, 7.349999999999999645 ) ) ;
#562 = LINE ( 'NONE', #134, #189 ) ;
#563 = EDGE_LOOP ( 'NONE', ( #844, #97, #756, #897 ) ) ;
#564 = LINE ( 'NONE', #1435, #1392 ) ;
#565 = ORIENTED_EDGE ( 'NONE', *, *, #821, .T. ) ;
#566 = VECTOR ( 'NONE', #1541, 1000.000000000000000 ) ;
#567 = DIRECTION ( 'NONE',  ( -1.000000000000000000, -0.000000000000000000, -0.000000000000000000 ) ) ;
#568 = DIRECTION ( 'NONE',  ( 1.000000000000000000, 1.084202172485505174E-16, 0.000000000000000000 ) ) ;
#569 = CARTESIAN_POINT ( 'NONE',  ( 0.000000000000000000, 0.000000000000000000, 3.250000000000000444 ) ) ;
#570 = ORIENTED_EDGE ( 'NONE', *, *, #157, .F. ) ;
#571 = CARTESIAN_POINT ( 'NONE',  ( -2.269999999999999130, 0.2500000000000006661, 3.250000000000000444 ) ) ;
#572 = AXIS2_PLACEMENT_3D ( 'NONE', #656, #800, #132 ) ;
#573 = PLANE ( 'NONE',  #1688 ) ;
#574 = ORIENTED_EDGE ( 'NONE', *, *, #1591, .F. ) ;
#575 = EDGE_CURVE ( 'NONE', #239, #1263, #1542, .T. ) ;
#576 = DIRECTION ( 'NONE',  ( 1.000000000000000000, 0.000000000000000000, 0.000000000000000000 ) ) ;
#577 = VERTEX_POINT ( 'NONE', #141 ) ;
#578 = AXIS2_PLACEMENT_3D ( 'NONE', #1072, #294, #299 ) ;
#579 = DIRECTION ( 'NONE',  ( -5.860552283705441712E-16, -1.000000000000000000, 0.000000000000000000 ) ) ;
#580 = LINE ( 'NONE', #437, #495 ) ;
#581 = VECTOR ( 'NONE', #1130, 1000.000000000000000 ) ;
#582 = VERTEX_POINT ( 'NONE', #660 ) ;
#583 = LINE ( 'NONE', #1168, #1124 ) ;
#584 = LINE ( 'NONE', #951, #1613 ) ;
#585 = LINE ( 'NONE', #790, #1602 ) ;
#586 = CARTESIAN_POINT ( 'NONE',  ( -2.269999999999999130, 2.250000000000000444, 4.250000000000000000 ) ) ;
#587 = LINE ( 'NONE', #700, #217 ) ;
#588 = CARTESIAN_POINT ( 'NONE',  ( -0.2699999999999998512, 2.250000000000000444, 3.250000000000000444 ) ) ;
#589 = MANIFOLD_SOLID_BREP ( 'Cut-Extrude1', #736 ) ;
#590 = VERTEX_POINT ( 'NONE', #354 ) ;
#591 = ORIENTED_EDGE ( 'NONE', *, *, #1450, .F. ) ;
#592 = EDGE_CURVE ( 'NONE', #94, #1456, #1398, .T. ) ;
#593 = CARTESIAN_POINT ( 'NONE',  ( 5.330000000000000071, 2.500000000000000000, 4.250000000000000000 ) ) ;
#594 = PLANE ( 'NONE',  #723 ) ;
#595 = ORIENTED_EDGE ( 'NONE', *, *, #366, .F. ) ;
#596 = EDGE_CURVE ( 'NONE', #287, #1028, #259, .T. ) ;
#597 =( NAMED_UNIT ( * ) SI_UNIT ( $, .STERADIAN. ) SOLID_ANGLE_UNIT ( ) );
#598 = LINE ( 'NONE', #392, #581 ) ;
#599 = EDGE_LOOP ( 'NONE', ( #1547, #502, #227, #900 ) ) ;
#600 = CARTESIAN_POINT ( 'NONE',  ( -4.180000000000000604, 1.150000000000000577, 7.349999999999999645 ) ) ;
#601 = VECTOR ( 'NONE', #258, 1000.000000000000000 ) ;
#602 = ORIENTED_EDGE ( 'NONE', *, *, #1201, .F. ) ;
#603 = DIRECTION ( 'NONE',  ( -0.000000000000000000, -0.000000000000000000, -1.000000000000000000 ) ) ;
#604 = VECTOR ( 'NONE', #859, 1000.000000000000000 ) ;
#605 = LINE ( 'NONE', #759, #1579 ) ;
#606 = DIRECTION ( 'NONE',  ( 0.000000000000000000, -0.000000000000000000, -1.000000000000000000 ) ) ;
#607 = ADVANCED_FACE ( 'NONE', ( #17 ), #637, .T. ) ;
#608 = AXIS2_PLACEMENT_3D ( 'NONE', #1042, #922, #1615 ) ;
#609 = ORIENTED_EDGE ( 'NONE', *, *, #40, .T. ) ;
#610 = CARTESIAN_POINT ( 'NONE',  ( -3.439999999999999947, 0.8800000000000003375, 3.250000000000000444 ) ) ;
#611 = DIRECTION ( 'NONE',  ( 0.000000000000000000, -1.000000000000000000, 0.000000000000000000 ) ) ;
#612 = ADVANCED_FACE ( 'NONE', ( #432 ), #1409, .F. ) ;
#613 = ORIENTED_EDGE ( 'NONE', *, *, #1292, .F. ) ;
#614 = SURFACE_SIDE_STYLE ('',( #765 ) ) ;
#615 = DIRECTION ( 'NONE',  ( 1.000000000000000000, 0.000000000000000000, 0.000000000000000000 ) ) ;
#616 = ORIENTED_EDGE ( 'NONE', *, *, #126, .F. ) ;
#617 = VECTOR ( 'NONE', #422, 1000.000000000000000 ) ;
#618 = MANIFOLD_SOLID_BREP ( 'Cut-Extrude2[1]', #1266 ) ;
#619 = LINE ( 'NONE', #1202, #106 ) ;
#620 = ORIENTED_EDGE ( 'NONE', *, *, #973, .F. ) ;
#621 = LINE ( 'NONE', #1690, #932 ) ;
#622 = CARTESIAN_POINT ( 'NONE',  ( 0.2700000000000011280, 2.250000000000000000, 3.250000000000000444 ) ) ;
#623 = EDGE_CURVE ( 'NONE', #1226, #1332, #1540, .T. ) ;
#624 = LINE ( 'NONE', #586, #179 ) ;
#625 = ADVANCED_FACE ( 'NONE', ( #75 ), #31, .F. ) ;
#626 = PLANE ( 'NONE',  #1443 ) ;
#627 = VECTOR ( 'NONE', #611, 1000.000000000000000 ) ;
#628 = ORIENTED_EDGE ( 'NONE', *, *, #76, .T. ) ;
#629 = EDGE_LOOP ( 'NONE', ( #769, #1199, #262, #998 ) ) ;
#630 = CARTESIAN_POINT ( 'NONE',  ( -4.809999999999999609, 2.250000000000000444, 3.250000000000000444 ) ) ;
#631 = ORIENTED_EDGE ( 'NONE', *, *, #1113, .F. ) ;
#632 = EDGE_LOOP ( 'NONE', ( #485, #634, #616, #1368 ) ) ;
#633 = PLANE ( 'NONE',  #347 ) ;
#634 = ORIENTED_EDGE ( 'NONE', *, *, #1450, .T. ) ;
#635 = ORIENTED_EDGE ( 'NONE', *, *, #855, .T. ) ;
#636 = CARTESIAN_POINT ( 'NONE',  ( -3.439999999999999947, 0.8800000000000003375, 3.250000000000000444 ) ) ;
#637 = PLANE ( 'NONE',  #421 ) ;
#638 = ORIENTED_EDGE ( 'NONE', *, *, #1095, .T. ) ;
#639 = CARTESIAN_POINT ( 'NONE',  ( 3.440000000000001279, 1.620000000000000773, 3.250000000000000444 ) ) ;
#640 = FILL_AREA_STYLE ('',( #501 ) ) ;
#641 = AXIS2_PLACEMENT_3D ( 'NONE', #1478, #1347, #1489 ) ;
#642 = ORIENTED_EDGE ( 'NONE', *, *, #1361, .F. ) ;
#643 = FACE_OUTER_BOUND ( 'NONE', #1429, .T. ) ;
#644 = ADVANCED_FACE ( 'NONE', ( #836 ), #291, .F. ) ;
#645 = CARTESIAN_POINT ( 'NONE',  ( -2.810000000000000497, 0.2500000000000002220, 3.250000000000000444 ) ) ;
#646 = LINE ( 'NONE', #648, #1374 ) ;
#647 = VERTEX_POINT ( 'NONE', #420 ) ;
#648 = CARTESIAN_POINT ( 'NONE',  ( -4.809999999999999609, 0.2500000000000000000, 3.250000000000000444 ) ) ;
#649 = LINE ( 'NONE', #260, #835 ) ;
#650 = PRODUCT_DEFINITION ( 'UNKNOWN', '', #1126, #398 ) ;
#651 = CARTESIAN_POINT ( 'NONE',  ( 5.330000000000000959, 1.620000000000000773, 6.850000000000000533 ) ) ;
#652 = VECTOR ( 'NONE', #1040, 1000.000000000000000 ) ;
#653 = EDGE_CURVE ( 'NONE', #292, #551, #215, .T. ) ;
#654 = DIRECTION ( 'NONE',  ( 0.000000000000000000, 0.000000000000000000, 1.000000000000000000 ) ) ;
#655 = DIRECTION ( 'NONE',  ( 1.000000000000000000, -5.860552283705441712E-16, 0.000000000000000000 ) ) ;
#656 = CARTESIAN_POINT ( 'NONE',  ( -3.439999999999999947, 0.8800000000000003375, 7.349999999999999645 ) ) ;
#657 = CARTESIAN_POINT ( 'NONE',  ( -5.330000000000000071, 0.000000000000000000, 4.250000000000000000 ) ) ;
#658 = VERTEX_POINT ( 'NONE', #1189 ) ;
#659 = DIRECTION ( 'NONE',  ( 0.000000000000000000, -0.8799053976571922231, -0.4751489147348843534 ) ) ;
#660 = CARTESIAN_POINT ( 'NONE',  ( -2.269999999999999130, 2.250000000000000444, 3.250000000000000444 ) ) ;
#661 = CARTESIAN_POINT ( 'NONE',  ( 2.270000000000000462, 2.249999999999999556, 4.250000000000000000 ) ) ;
#662 = VERTEX_POINT ( 'NONE', #431 ) ;
#663 = ORIENTED_EDGE ( 'NONE', *, *, #1411, .T. ) ;
#664 = PLANE ( 'NONE',  #486 ) ;
#665 = LINE ( 'NONE', #928, #967 ) ;
#666 = VECTOR ( 'NONE', #288, 1000.000000000000000 ) ;
#667 = ORIENTED_EDGE ( 'NONE', *, *, #1113, .T. ) ;
#668 = EDGE_CURVE ( 'NONE', #983, #873, #413, .T. ) ;
#669 = VECTOR ( 'NONE', #892, 1000.000000000000000 ) ;
#670 = VECTOR ( 'NONE', #449, 1000.000000000000000 ) ;
#671 = DIRECTION ( 'NONE',  ( -0.000000000000000000, -0.000000000000000000, -1.000000000000000000 ) ) ;
#672 = PLANE ( 'NONE',  #1459 ) ;
#673 = ORIENTED_EDGE ( 'NONE', *, *, #715, .T. ) ;
#674 = PLANE ( 'NONE',  #1657 ) ;
#675 = ORIENTED_EDGE ( 'NONE', *, *, #1024, .T. ) ;
#676 = AXIS2_PLACEMENT_3D ( 'NONE', #813, #1194, #1569 ) ;
#677 = DIRECTION ( 'NONE',  ( -0.000000000000000000, -0.000000000000000000, 1.000000000000000000 ) ) ;
#678 = VERTEX_POINT ( 'NONE', #169 ) ;
#679 = EDGE_CURVE ( 'NONE', #1332, #1117, #55, .T. ) ;
#680 = ORIENTED_EDGE ( 'NONE', *, *, #1568, .F. ) ;
#681 = CARTESIAN_POINT ( 'NONE',  ( -3.439999999999999947, 1.150000000000000577, 7.349999999999999645 ) ) ;
#682 = AXIS2_PLACEMENT_3D ( 'NONE', #853, #338, #1637 ) ;
#683 = VECTOR ( 'NONE', #378, 1000.000000000000000 ) ;
#684 = DIRECTION ( 'NONE',  ( -0.000000000000000000, 1.000000000000000000, 0.000000000000000000 ) ) ;
#685 = FACE_OUTER_BOUND ( 'NONE', #1634, .T. ) ;
#686 = ORIENTED_EDGE ( 'NONE', *, *, #861, .F. ) ;
#687 = CARTESIAN_POINT ( 'NONE',  ( -4.809999999999999609, 2.250000000000000444, 4.250000000000000000 ) ) ;
#688 = LINE ( 'NONE', #1681, #362 ) ;
#689 = EDGE_CURVE ( 'NONE', #436, #776, #1053, .T. ) ;
#690 = ORIENTED_EDGE ( 'NONE', *, *, #414, .T. ) ;
#691 = ORIENTED_EDGE ( 'NONE', *, *, #238, .T. ) ;
#692 = ADVANCED_FACE ( 'NONE', ( #545 ), #945, .F. ) ;
#693 =( NAMED_UNIT ( * ) SI_UNIT ( $, .STERADIAN. ) SOLID_ANGLE_UNIT ( ) );
#694 = VECTOR ( 'NONE', #1224, 1000.000000000000000 ) ;
#695 =( LENGTH_UNIT ( ) NAMED_UNIT ( * ) SI_UNIT ( .MILLI., .METRE. ) );
#696 = ORIENTED_EDGE ( 'NONE', *, *, #546, .T. ) ;
#697 = ORIENTED_EDGE ( 'NONE', *, *, #1092, .F. ) ;
#698 = DIRECTION ( 'NONE',  ( 0.000000000000000000, -0.000000000000000000, 1.000000000000000000 ) ) ;
#699 = PRESENTATION_LAYER_ASSIGNMENT (  '', '', ( #113 ) ) ;
#700 = CARTESIAN_POINT ( 'NONE',  ( -0.2699999999999998512, 2.250000000000000444, 4.250000000000000000 ) ) ;
#701 = DIRECTION ( 'NONE',  ( -1.000000000000000000, 0.000000000000000000, -0.000000000000000000 ) ) ;
#702 = ORIENTED_EDGE ( 'NONE', *, *, #213, .T. ) ;
#703 = PRESENTATION_LAYER_ASSIGNMENT (  '', '', ( #322 ) ) ;
#704 = DIRECTION ( 'NONE',  ( -1.000000000000000000, 0.000000000000000000, -0.000000000000000000 ) ) ;
#705 = CARTESIAN_POINT ( 'NONE',  ( 0.9000000000000014655, 1.620000000000000773, 7.349999999999999645 ) ) ;
#706 = VECTOR ( 'NONE', #19, 1000.000000000000000 ) ;
#707 = VECTOR ( 'NONE', #1447, 1000.000000000000000 ) ;
#708 = ORIENTED_EDGE ( 'NONE', *, *, #715, .F. ) ;
#709 = VECTOR ( 'NONE', #497, 1000.000000000000000 ) ;
#710 = ADVANCED_FACE ( 'NONE', ( #158 ), #559, .F. ) ;
#711 = FACE_OUTER_BOUND ( 'NONE', #379, .T. ) ;
#712 = CARTESIAN_POINT ( 'NONE',  ( 5.330000000000000959, 1.350000000000000755, 7.349999999999999645 ) ) ;
#713 = LINE ( 'NONE', #1308, #111 ) ;
#714 = ORIENTED_EDGE ( 'NONE', *, *, #894, .F. ) ;
#715 = EDGE_CURVE ( 'NONE', #590, #394, #852, .T. ) ;
#716 = CARTESIAN_POINT ( 'NONE',  ( 4.179999999999999716, 0.8800000000000003375, 6.850000000000000533 ) ) ;
#717 = ORIENTED_EDGE ( 'NONE', *, *, #425, .F. ) ;
#718 = CARTESIAN_POINT ( 'NONE',  ( 0.000000000000000000, 0.000000000000000000, 0.000000000000000000 ) ) ;
#719 = ADVANCED_FACE ( 'NONE', ( #1144 ), #674, .F. ) ;
#720 = VERTEX_POINT ( 'NONE', #1603 ) ;
#721 = DIRECTION ( 'NONE',  ( 0.000000000000000000, -0.000000000000000000, 1.000000000000000000 ) ) ;
#722 = ORIENTED_EDGE ( 'NONE', *, *, #1185, .F. ) ;
#723 = AXIS2_PLACEMENT_3D ( 'NONE', #216, #221, #1258 ) ;
#724 = VERTEX_POINT ( 'NONE', #1064 ) ;
#725 = DIRECTION ( 'NONE',  ( -1.000000000000000000, 2.168404344971009854E-16, -0.000000000000000000 ) ) ;
#726 = CARTESIAN_POINT ( 'NONE',  ( -4.809999999999999609, 0.2499999999999998335, 4.250000000000000000 ) ) ;
#727 = LINE ( 'NONE', #477, #519 ) ;
#728 = APPLICATION_PROTOCOL_DEFINITION ( 'draft international standard', 'automotive_design', 1998, #86 ) ;
#729 = EDGE_LOOP ( 'NONE', ( #1408, #924, #884, #1058 ) ) ;
#730 = FACE_OUTER_BOUND ( 'NONE', #1211, .T. ) ;
#731 = DIRECTION ( 'NONE',  ( 0.000000000000000000, 0.000000000000000000, -1.000000000000000000 ) ) ;
#732 = ORIENTED_EDGE ( 'NONE', *, *, #1060, .F. ) ;
#733 = MECHANICAL_DESIGN_GEOMETRIC_PRESENTATION_REPRESENTATION (  '', ( #1282 ), #440 ) ;
#734 = CARTESIAN_POINT ( 'NONE',  ( -5.330000000000000071, 2.500000000000000000, -4.250000000000000000 ) ) ;
#735 = VECTOR ( 'NONE', #331, 1000.000000000000000 ) ;
#736 = CLOSED_SHELL ( 'NONE', ( #183, #993, #117, #1004, #34, #1074, #351, #1521, #1529, #1207, #843, #1471, #710, #364, #1271, #1641, #763, #475, #306, #504, #1680, #774, #1389, #877, #1590, #82 ) ) ;
#737 = VERTEX_POINT ( 'NONE', #1592 ) ;
#738 = EDGE_CURVE ( 'NONE', #256, #658, #1498, .T. ) ;
#739 = CARTESIAN_POINT ( 'NONE',  ( 0.2700000000000011280, 2.250000000000000000, 4.250000000000000000 ) ) ;
#740 = EDGE_LOOP ( 'NONE', ( #1365, #135, #423, #330 ) ) ;
#741 = DIRECTION ( 'NONE',  ( 0.000000000000000000, 0.000000000000000000, -1.000000000000000000 ) ) ;
#742 =( NAMED_UNIT ( * ) PLANE_ANGLE_UNIT ( ) SI_UNIT ( $, .RADIAN. ) );
#743 = FACE_OUTER_BOUND ( 'NONE', #555, .T. ) ;
#744 = PLANE ( 'NONE',  #891 ) ;
#745 = VECTOR ( 'NONE', #1423, 1000.000000000000000 ) ;
#746 = ORIENTED_EDGE ( 'NONE', *, *, #1267, .F. ) ;
#747 = CARTESIAN_POINT ( 'NONE',  ( 4.179999999999999716, 1.620000000000000773, 6.850000000000000533 ) ) ;
#748 = LINE ( 'NONE', #1179, #275 ) ;
#749 = CARTESIAN_POINT ( 'NONE',  ( -4.809999999999999609, 2.250000000000000444, 3.250000000000000444 ) ) ;
#750 = EDGE_CURVE ( 'NONE', #292, #1338, #478, .T. ) ;
#751 = CARTESIAN_POINT ( 'NONE',  ( -4.809999999999999609, 2.250000000000000444, 4.250000000000000000 ) ) ;
#752 = ORIENTED_EDGE ( 'NONE', *, *, #770, .T. ) ;
#753 = ADVANCED_FACE ( 'NONE', ( #363 ), #833, .F. ) ;
#754 = STYLED_ITEM ( 'NONE', ( #473 ), #1215 ) ;
#755 = PLANE ( 'NONE',  #762 ) ;
#756 = ORIENTED_EDGE ( 'NONE', *, *, #1185, .T. ) ;
#757 = ORIENTED_EDGE ( 'NONE', *, *, #1297, .T. ) ;
#758 = CARTESIAN_POINT ( 'NONE',  ( 5.330000000000000959, 1.150000000000000577, 7.349999999999999645 ) ) ;
#759 = CARTESIAN_POINT ( 'NONE',  ( -2.269999999999999130, 2.250000000000000444, 3.250000000000000444 ) ) ;
#760 = VERTEX_POINT ( 'NONE', #716 ) ;
#761 = EDGE_LOOP ( 'NONE', ( #942, #1003, #266, #595 ) ) ;
#762 = AXIS2_PLACEMENT_3D ( 'NONE', #881, #1012, #105 ) ;
#763 = ADVANCED_FACE ( 'NONE', ( #711 ), #58, .F. ) ;
#764 = VECTOR ( 'NONE', #446, 1000.000000000000000 ) ;
#765 = SURFACE_STYLE_FILL_AREA ( #640 ) ;
#766 = ORIENTED_EDGE ( 'NONE', *, *, #738, .F. ) ;
#767 = VECTOR ( 'NONE', #1462, 1000.000000000000000 ) ;
#768 = DIRECTION ( 'NONE',  ( 2.784635057349682975E-16, -0.4751489147348843534, 0.8799053976571922231 ) ) ;
#769 = ORIENTED_EDGE ( 'NONE', *, *, #623, .F. ) ;
#770 = EDGE_CURVE ( 'NONE', #1456, #371, #499, .T. ) ;
#771 = VECTOR ( 'NONE', #984, 1000.000000000000000 ) ;
#772 = AXIS2_PLACEMENT_3D ( 'NONE', #712, #180, #1096 ) ;
#773 = PRESENTATION_STYLE_ASSIGNMENT (( #123 ) ) ;
#774 = ADVANCED_FACE ( 'NONE', ( #1216 ), #1608, .F. ) ;
#775 = DIRECTION ( 'NONE',  ( -0.000000000000000000, 0.000000000000000000, 1.000000000000000000 ) ) ;
#776 = VERTEX_POINT ( 'NONE', #39 ) ;
#777 = EDGE_CURVE ( 'NONE', #24, #292, #1008, .T. ) ;
#778 = CARTESIAN_POINT ( 'NONE',  ( -5.330000000000000071, 0.000000000000000000, 4.250000000000000000 ) ) ;
#779 = DIRECTION ( 'NONE',  ( 1.000000000000000000, -3.794707603699267491E-16, 0.000000000000000000 ) ) ;
#780 = ORIENTED_EDGE ( 'NONE', *, *, #1493, .T. ) ;
#781 =( LENGTH_UNIT ( ) NAMED_UNIT ( * ) SI_UNIT ( .MILLI., .METRE. ) );
#782 = DIRECTION ( 'NONE',  ( 0.000000000000000000, -0.000000000000000000, 1.000000000000000000 ) ) ;
#783 = ORIENTED_EDGE ( 'NONE', *, *, #1383, .T. ) ;
#784 = CARTESIAN_POINT ( 'NONE',  ( 0.2700000000000011280, 2.250000000000000000, 4.250000000000000000 ) ) ;
#785 = SURFACE_STYLE_USAGE ( .BOTH. , #1048 ) ;
#786 = ORIENTED_EDGE ( 'NONE', *, *, #1272, .F. ) ;
#787 = CARTESIAN_POINT ( 'NONE',  ( 0.9000000000000005773, 0.8800000000000003375, 6.850000000000000533 ) ) ;
#788 = AXIS2_PLACEMENT_3D ( 'NONE', #1682, #1421, #779 ) ;
#789 = FACE_OUTER_BOUND ( 'NONE', #729, .T. ) ;
#790 = CARTESIAN_POINT ( 'NONE',  ( -4.179999999999999716, 0.8800000000000003375, 7.349999999999999645 ) ) ;
#791 = VECTOR ( 'NONE', #251, 1000.000000000000000 ) ;
#792 = ORIENTED_EDGE ( 'NONE', *, *, #533, .T. ) ;
#793 = CARTESIAN_POINT ( 'NONE',  ( 4.809999999999999609, 2.250000000000000888, 4.250000000000000000 ) ) ;
#794 = LINE ( 'NONE', #254, #566 ) ;
#795 = FILL_AREA_STYLE ('',( #1566 ) ) ;
#796 = PLANE ( 'NONE',  #1236 ) ;
#797 = LINE ( 'NONE', #1647, #90 ) ;
#798 = LINE ( 'NONE', #47, #1238 ) ;
#799 = CARTESIAN_POINT ( 'NONE',  ( -0.8999999999999998002, 0.8800000000000003375, 7.349999999999999645 ) ) ;
#800 = DIRECTION ( 'NONE',  ( -1.000000000000000000, -5.860552283705429879E-16, 0.000000000000000000 ) ) ;
#801 = ORIENTED_EDGE ( 'NONE', *, *, #1208, .F. ) ;
#802 = ORIENTED_EDGE ( 'NONE', *, *, #1646, .T. ) ;
#803 = DIRECTION ( 'NONE',  ( 2.784635057349685440E-16, -0.4751489147348846864, -0.8799053976571921121 ) ) ;
#804 = ORIENTED_EDGE ( 'NONE', *, *, #927, .F. ) ;
#805 = DIRECTION ( 'NONE',  ( -0.000000000000000000, -0.000000000000000000, 1.000000000000000000 ) ) ;
#806 = EDGE_CURVE ( 'NONE', #1309, #1364, #1356, .T. ) ;
#807 = CARTESIAN_POINT ( 'NONE',  ( -1.639999999999998570, 1.620000000000000773, 3.250000000000000444 ) ) ;
#808 = UNCERTAINTY_MEASURE_WITH_UNIT (LENGTH_MEASURE( 1.000000000000000082E-05 ), #214, 'distance_accuracy_value', 'NONE');
#809 = AXIS2_PLACEMENT_3D ( 'NONE', #526, #1156, #508 ) ;
#810 = VERTEX_POINT ( 'NONE', #323 ) ;
#811 = CARTESIAN_POINT ( 'NONE',  ( 4.809999999999999609, 2.250000000000000888, 3.250000000000000444 ) ) ;
#812 = ORIENTED_EDGE ( 'NONE', *, *, #821, .F. ) ;
#813 = CARTESIAN_POINT ( 'NONE',  ( 3.440000000000000391, 0.8800000000000003375, 7.349999999999999645 ) ) ;
#814 = DIRECTION ( 'NONE',  ( -0.000000000000000000, -0.000000000000000000, -1.000000000000000000 ) ) ;
#815 = CARTESIAN_POINT ( 'NONE',  ( 1.640000000000000346, 1.350000000000000755, 7.349999999999999645 ) ) ;
#816 = VECTOR ( 'NONE', #197, 1000.000000000000000 ) ;
#817 = STYLED_ITEM ( 'NONE', ( #68 ), #165 ) ;
#818 = VECTOR ( 'NONE', #901, 1000.000000000000000 ) ;
#819 = CARTESIAN_POINT ( 'NONE',  ( -2.810000000000000497, 2.250000000000000888, 4.250000000000000000 ) ) ;
#820 = VECTOR ( 'NONE', #968, 1000.000000000000000 ) ;
#821 = EDGE_CURVE ( 'NONE', #1263, #948, #1274, .T. ) ;
#822 = CARTESIAN_POINT ( 'NONE',  ( -4.179999999999998828, 1.620000000000000773, 7.349999999999999645 ) ) ;
#823 = CARTESIAN_POINT ( 'NONE',  ( 4.809999999999999609, 2.250000000000000888, 3.250000000000000444 ) ) ;
#824 = ORIENTED_EDGE ( 'NONE', *, *, #894, .T. ) ;
#825 = CARTESIAN_POINT ( 'NONE',  ( -2.269999999999999130, 2.250000000000000444, 3.250000000000000444 ) ) ;
#826 = VERTEX_POINT ( 'NONE', #961 ) ;
#827 = AXIS2_PLACEMENT_3D ( 'NONE', #1666, #1163, #1301 ) ;
#828 = PLANE ( 'NONE',  #578 ) ;
#829 = EDGE_LOOP ( 'NONE', ( #565, #838, #185, #1678 ) ) ;
#830 = DIRECTION ( 'NONE',  ( -1.172110456741085187E-15, -1.000000000000000000, -0.000000000000000000 ) ) ;
#831 = EDGE_CURVE ( 'NONE', #720, #317, #1460, .T. ) ;
#832 = LINE ( 'NONE', #231, #1191 ) ;
#833 = PLANE ( 'NONE',  #641 ) ;
#834 = ORIENTED_EDGE ( 'NONE', *, *, #74, .F. ) ;
#835 = VECTOR ( 'NONE', #913, 1000.000000000000000 ) ;
#836 = FACE_OUTER_BOUND ( 'NONE', #60, .T. ) ;
#837 = ADVANCED_FACE ( 'NONE', ( #730 ), #573, .F. ) ;
#838 = ORIENTED_EDGE ( 'NONE', *, *, #503, .F. ) ;
#839 = CARTESIAN_POINT ( 'NONE',  ( -1.639999999999999458, 0.8800000000000003375, 3.250000000000000444 ) ) ;
#840 = EDGE_CURVE ( 'NONE', #244, #1182, #1319, .T. ) ;
#841 = CARTESIAN_POINT ( 'NONE',  ( 1.640000000000000346, 0.8800000000000003375, 7.349999999999999645 ) ) ;
#842 = ORIENTED_EDGE ( 'NONE', *, *, #337, .F. ) ;
#843 = ADVANCED_FACE ( 'NONE', ( #1106 ), #964, .T. ) ;
#844 = ORIENTED_EDGE ( 'NONE', *, *, #1588, .F. ) ;
#845 = CARTESIAN_POINT ( 'NONE',  ( 4.809999999999999609, 2.250000000000000888, 4.250000000000000000 ) ) ;
#846 = ORIENTED_EDGE ( 'NONE', *, *, #204, .F. ) ;
#847 = VECTOR ( 'NONE', #42, 1000.000000000000000 ) ;
#848 = LINE ( 'NONE', #1544, #1083 ) ;
#849 = ORIENTED_EDGE ( 'NONE', *, *, #1469, .F. ) ;
#850 = LINE ( 'NONE', #1675, #818 ) ;
#851 = CARTESIAN_POINT ( 'NONE',  ( 0.2700000000000011280, 0.2500000000000011102, 4.250000000000000000 ) ) ;
#852 = LINE ( 'NONE', #822, #1088 ) ;
#853 = CARTESIAN_POINT ( 'NONE',  ( 0.000000000000000000, 0.000000000000000000, 3.250000000000000444 ) ) ;
#854 = LINE ( 'NONE', #264, #280 ) ;
#855 = EDGE_CURVE ( 'NONE', #1567, #36, #430, .T. ) ;
#856 = ORIENTED_EDGE ( 'NONE', *, *, #1239, .T. ) ;
#857 = ORIENTED_EDGE ( 'NONE', *, *, #1405, .F. ) ;
#858 = EDGE_CURVE ( 'NONE', #1402, #438, #1654, .T. ) ;
#859 = DIRECTION ( 'NONE',  ( -0.000000000000000000, -0.000000000000000000, 1.000000000000000000 ) ) ;
#860 = EDGE_LOOP ( 'NONE', ( #1035, #346, #474, #1599 ) ) ;
#861 = EDGE_CURVE ( 'NONE', #1038, #776, #1415, .T. ) ;
#862 = EDGE_LOOP ( 'NONE', ( #384, #696, #314, #202 ) ) ;
#863 = VECTOR ( 'NONE', #1677, 1000.000000000000000 ) ;
#864 = DIRECTION ( 'NONE',  ( 1.000000000000000000, 0.000000000000000000, 0.000000000000000000 ) ) ;
#865 = LINE ( 'NONE', #1056, #1538 ) ;
#866 = EDGE_LOOP ( 'NONE', ( #1330, #1370, #857, #1414 ) ) ;
#867 = LINE ( 'NONE', #1507, #987 ) ;
#868 = CARTESIAN_POINT ( 'NONE',  ( -0.8999999999999998002, 0.8800000000000003375, 3.250000000000000444 ) ) ;
#869 = VECTOR ( 'NONE', #455, 1000.000000000000000 ) ;
#870 = AXIS2_PLACEMENT_3D ( 'NONE', #424, #554, #950 ) ;
#871 =( NAMED_UNIT ( * ) PLANE_ANGLE_UNIT ( ) SI_UNIT ( $, .RADIAN. ) );
#872 = ADVANCED_FACE ( 'NONE', ( #524 ), #1087, .F. ) ;
#873 = VERTEX_POINT ( 'NONE', #726 ) ;
#874 = DIRECTION ( 'NONE',  ( -0.000000000000000000, -0.000000000000000000, -1.000000000000000000 ) ) ;
#875 = CARTESIAN_POINT ( 'NONE',  ( -1.639999999999999458, 0.8800000000000003375, 7.349999999999999645 ) ) ;
#876 = DIRECTION ( 'NONE',  ( 0.000000000000000000, -1.000000000000000000, 0.000000000000000000 ) ) ;
#877 = ADVANCED_FACE ( 'NONE', ( #278 ), #315, .F. ) ;
#878 = ORIENTED_EDGE ( 'NONE', *, *, #204, .T. ) ;
#879 = DIRECTION ( 'NONE',  ( 0.000000000000000000, -0.000000000000000000, -1.000000000000000000 ) ) ;
#880 = ORIENTED_EDGE ( 'NONE', *, *, #1095, .F. ) ;
#881 = CARTESIAN_POINT ( 'NONE',  ( -1.639999999999999458, 0.8800000000000003375, 7.349999999999999645 ) ) ;
#882 = EDGE_CURVE ( 'NONE', #128, #1100, #1073, .T. ) ;
#883 = FACE_OUTER_BOUND ( 'NONE', #281, .T. ) ;
#884 = ORIENTED_EDGE ( 'NONE', *, *, #1231, .T. ) ;
#885 = CARTESIAN_POINT ( 'NONE',  ( 0.9000000000000005773, 0.8800000000000003375, 3.250000000000000444 ) ) ;
#886 = PRESENTATION_LAYER_ASSIGNMENT (  '', '', ( #1407 ) ) ;
#887 = LINE ( 'NONE', #1524, #89 ) ;
#888 = VECTOR ( 'NONE', #1070, 1000.000000000000000 ) ;
#889 = VECTOR ( 'NONE', #1265, 1000.000000000000000 ) ;
#890 = CARTESIAN_POINT ( 'NONE',  ( -3.439999999999999947, 1.243889749148343604, 7.546500464540105035 ) ) ;
#891 = AXIS2_PLACEMENT_3D ( 'NONE', #1644, #1623, #731 ) ;
#892 = DIRECTION ( 'NONE',  ( -0.000000000000000000, -0.000000000000000000, 1.000000000000000000 ) ) ;
#893 = DIRECTION ( 'NONE',  ( -1.172110456741085187E-15, -1.000000000000000000, -0.000000000000000000 ) ) ;
#894 = EDGE_CURVE ( 'NONE', #826, #1110, #624, .T. ) ;
#895 = ORIENTED_EDGE ( 'NONE', *, *, #979, .F. ) ;
#896 =( NAMED_UNIT ( * ) SI_UNIT ( $, .STERADIAN. ) SOLID_ANGLE_UNIT ( ) );
#897 = ORIENTED_EDGE ( 'NONE', *, *, #1142, .F. ) ;
#898 = DIRECTION ( 'NONE',  ( 1.000000000000000000, 1.084202172485505174E-16, 0.000000000000000000 ) ) ;
#899 = PLANE ( 'NONE',  #1488 ) ;
#900 = ORIENTED_EDGE ( 'NONE', *, *, #911, .F. ) ;
#901 = DIRECTION ( 'NONE',  ( -0.000000000000000000, -0.000000000000000000, -1.000000000000000000 ) ) ;
#902 = VERTEX_POINT ( 'NONE', #1512 ) ;
#903 = CARTESIAN_POINT ( 'NONE',  ( 0.2700000000000011280, 0.2500000000000011657, 4.250000000000000000 ) ) ;
#904 = CARTESIAN_POINT ( 'NONE',  ( 0.9000000000000005773, 0.8800000000000003375, 3.250000000000000444 ) ) ;
#905 = PLANE ( 'NONE',  #369 ) ;
#906 = VECTOR ( 'NONE', #1280, 1000.000000000000000 ) ;
#907 = ORIENTED_EDGE ( 'NONE', *, *, #76, .F. ) ;
#908 = CARTESIAN_POINT ( 'NONE',  ( -3.439999999999999503, 1.350000000000000755, 7.349999999999999645 ) ) ;
#909 = CARTESIAN_POINT ( 'NONE',  ( 3.440000000000001279, 1.620000000000000773, 6.850000000000000533 ) ) ;
#910 = EDGE_LOOP ( 'NONE', ( #1510, #517, #418, #1382 ) ) ;
#911 = EDGE_CURVE ( 'NONE', #1571, #1028, #935, .T. ) ;
#912 = VECTOR ( 'NONE', #898, 1000.000000000000000 ) ;
#913 = DIRECTION ( 'NONE',  ( -0.000000000000000000, -0.000000000000000000, 1.000000000000000000 ) ) ;
#914 = COLOUR_RGB ( '',0.2509803921568627416, 0.2509803921568627416, 0.2509803921568627416 ) ;
#915 = CARTESIAN_POINT ( 'NONE',  ( 5.330000000000000959, 1.620000000000000773, 6.850000000000000533 ) ) ;
#916 = CARTESIAN_POINT ( 'NONE',  ( 0.9000000000000005773, 1.150000000000000577, 7.349999999999999645 ) ) ;
#917 = VECTOR ( 'NONE', #980, 1000.000000000000000 ) ;
#918 = DIRECTION ( 'NONE',  ( 1.000000000000000000, 0.000000000000000000, 0.000000000000000000 ) ) ;
#919 = DIRECTION ( 'NONE',  ( 1.172110456741085187E-15, 1.000000000000000000, 0.000000000000000000 ) ) ;
#920 = ORIENTED_EDGE ( 'NONE', *, *, #1272, .T. ) ;
#921 = DIRECTION ( 'NONE',  ( 0.000000000000000000, -0.000000000000000000, -1.000000000000000000 ) ) ;
#922 = DIRECTION ( 'NONE',  ( 0.000000000000000000, 1.000000000000000000, 0.000000000000000000 ) ) ;
#923 = CARTESIAN_POINT ( 'NONE',  ( 3.440000000000000391, 0.8800000000000003375, 6.850000000000000533 ) ) ;
#924 = ORIENTED_EDGE ( 'NONE', *, *, #806, .F. ) ;
#925 = DIRECTION ( 'NONE',  ( -1.000000000000000000, 0.000000000000000000, -0.000000000000000000 ) ) ;
#926 = ORIENTED_EDGE ( 'NONE', *, *, #981, .F. ) ;
#927 = EDGE_CURVE ( 'NONE', #128, #1402, #1125, .T. ) ;
#928 = CARTESIAN_POINT ( 'NONE',  ( -1.639999999999999458, 0.8800000000000003375, 3.250000000000000444 ) ) ;
#929 = SURFACE_STYLE_FILL_AREA ( #940 ) ;
#930 = VECTOR ( 'NONE', #1534, 1000.000000000000000 ) ;
#931 = DIRECTION ( 'NONE',  ( 0.000000000000000000, -1.000000000000000000, 0.000000000000000000 ) ) ;
#932 = VECTOR ( 'NONE', #127, 1000.000000000000000 ) ;
#933 = AXIS2_PLACEMENT_3D ( 'NONE', #1433, #140, #655 ) ;
#934 = CARTESIAN_POINT ( 'NONE',  ( 5.330000000000000959, 1.150000000000000577, 7.349999999999999645 ) ) ;
#935 = LINE ( 'NONE', #1377, #771 ) ;
#936 = LINE ( 'NONE', #247, #652 ) ;
#937 = CARTESIAN_POINT ( 'NONE',  ( 4.179999999999999716, 1.089043047383090990, 7.237116754413131403 ) ) ;
#938 = VECTOR ( 'NONE', #1212, 1000.000000000000000 ) ;
#939 = DIRECTION ( 'NONE',  ( 0.000000000000000000, 0.4751489147348846309, 0.8799053976571920010 ) ) ;
#940 = FILL_AREA_STYLE ('',( #272 ) ) ;
#941 = ORIENTED_EDGE ( 'NONE', *, *, #546, .F. ) ;
#942 = ORIENTED_EDGE ( 'NONE', *, *, #1383, .F. ) ;
#943 = CARTESIAN_POINT ( 'NONE',  ( -0.2699999999999998512, 2.250000000000000444, 3.250000000000000444 ) ) ;
#944 = ORIENTED_EDGE ( 'NONE', *, *, #507, .T. ) ;
#945 = PLANE ( 'NONE',  #1574 ) ;
#946 = EDGE_CURVE ( 'NONE', #148, #983, #1234, .T. ) ;
#947 = DIRECTION ( 'NONE',  ( 1.000000000000000000, -4.336808689942015764E-16, 0.000000000000000000 ) ) ;
#948 = VERTEX_POINT ( 'NONE', #469 ) ;
#949 = EDGE_CURVE ( 'NONE', #1251, #99, #972, .T. ) ;
#950 = DIRECTION ( 'NONE',  ( 1.172110456741085187E-15, 1.000000000000000000, 0.000000000000000000 ) ) ;
#951 = CARTESIAN_POINT ( 'NONE',  ( -2.810000000000000497, 2.250000000000000888, 3.250000000000000444 ) ) ;
#952 = VECTOR ( 'NONE', #768, 1000.000000000000000 ) ;
#953 = EDGE_LOOP ( 'NONE', ( #609, #225, #746, #492 ) ) ;
#954 = EDGE_CURVE ( 'NONE', #902, #647, #797, .T. ) ;
#955 = FACE_OUTER_BOUND ( 'NONE', #1078, .T. ) ;
#956 = ORIENTED_EDGE ( 'NONE', *, *, #1411, .F. ) ;
#957 = FACE_BOUND ( 'NONE', #528, .T. ) ;
#958 = ORIENTED_EDGE ( 'NONE', *, *, #1674, .F. ) ;
#959 =( NAMED_UNIT ( * ) PLANE_ANGLE_UNIT ( ) SI_UNIT ( $, .RADIAN. ) );
#960 = DIRECTION ( 'NONE',  ( -5.860552283705429879E-16, 1.000000000000000000, 0.000000000000000000 ) ) ;
#961 = CARTESIAN_POINT ( 'NONE',  ( -0.2699999999999998512, 2.250000000000000444, 4.250000000000000000 ) ) ;
#962 = ORIENTED_EDGE ( 'NONE', *, *, #164, .F. ) ;
#963 = DIRECTION ( 'NONE',  ( -0.000000000000000000, -0.000000000000000000, -1.000000000000000000 ) ) ;
#964 = PLANE ( 'NONE',  #173 ) ;
#965 = ORIENTED_EDGE ( 'NONE', *, *, #689, .F. ) ;
#966 = DIRECTION ( 'NONE',  ( 1.084202172485505174E-16, -1.000000000000000000, 0.000000000000000000 ) ) ;
#967 = VECTOR ( 'NONE', #276, 1000.000000000000000 ) ;
#968 = DIRECTION ( 'NONE',  ( 1.000000000000000000, 1.084202172485505174E-16, 0.000000000000000000 ) ) ;
#969 = ORIENTED_EDGE ( 'NONE', *, *, #242, .F. ) ;
#970 = CARTESIAN_POINT ( 'NONE',  ( 0.000000000000000000, 1.150000000000000577, 7.349999999999999645 ) ) ;
#971 = FACE_BOUND ( 'NONE', #1535, .T. ) ;
#972 = LINE ( 'NONE', #1396, #1440 ) ;
#973 = EDGE_CURVE ( 'NONE', #1487, #1251, #1578, .T. ) ;
#974 = CARTESIAN_POINT ( 'NONE',  ( -4.809999999999999609, 0.2500000000000000000, 3.250000000000000444 ) ) ;
#975 = VECTOR ( 'NONE', #1497, 1000.000000000000000 ) ;
#976 = ORIENTED_EDGE ( 'NONE', *, *, #1536, .T. ) ;
#977 = ORIENTED_EDGE ( 'NONE', *, *, #949, .T. ) ;
#978 = VERTEX_POINT ( 'NONE', #1264 ) ;
#979 = EDGE_CURVE ( 'NONE', #256, #166, #1679, .T. ) ;
#980 = DIRECTION ( 'NONE',  ( 1.000000000000000000, 0.000000000000000000, 0.000000000000000000 ) ) ;
#981 = EDGE_CURVE ( 'NONE', #1402, #159, #1214, .T. ) ;
#982 = ORIENTED_EDGE ( 'NONE', *, *, #62, .T. ) ;
#983 = VERTEX_POINT ( 'NONE', #751 ) ;
#984 = DIRECTION ( 'NONE',  ( -1.000000000000000000, -0.000000000000000000, -0.000000000000000000 ) ) ;
#985 = CARTESIAN_POINT ( 'NONE',  ( -0.2699999999999998512, 0.2500000000000006661, 4.250000000000000000 ) ) ;
#986 = ORIENTED_EDGE ( 'NONE', *, *, #858, .F. ) ;
#987 = VECTOR ( 'NONE', #1642, 1000.000000000000000 ) ;
#988 = VERTEX_POINT ( 'NONE', #353 ) ;
#989 = EDGE_CURVE ( 'NONE', #36, #22, #1006, .T. ) ;
#990 = DIRECTION ( 'NONE',  ( -0.000000000000000000, -0.000000000000000000, -1.000000000000000000 ) ) ;
#991 = ORIENTED_EDGE ( 'NONE', *, *, #74, .T. ) ;
#992 = DIRECTION ( 'NONE',  ( 1.000000000000000000, -3.794707603699267491E-16, 0.000000000000000000 ) ) ;
#993 = ADVANCED_FACE ( 'NONE', ( #1355 ), #1390, .F. ) ;
#994 = DIRECTION ( 'NONE',  ( 1.000000000000000000, 0.000000000000000000, 0.000000000000000000 ) ) ;
#995 = APPLICATION_CONTEXT ( 'automotive_design' ) ;
#996 = ORIENTED_EDGE ( 'NONE', *, *, #1292, .T. ) ;
#997 = CARTESIAN_POINT ( 'NONE',  ( 5.330000000000000959, 1.350000000000000755, 7.349999999999999645 ) ) ;
#998 = ORIENTED_EDGE ( 'NONE', *, *, #679, .F. ) ;
#999 = AXIS2_PLACEMENT_3D ( 'NONE', #433, #1340, #1184 ) ;
#1000 = ORIENTED_EDGE ( 'NONE', *, *, #946, .F. ) ;
#1001 = FACE_OUTER_BOUND ( 'NONE', #1010, .T. ) ;
#1002 = VECTOR ( 'NONE', #677, 1000.000000000000000 ) ;
#1003 = ORIENTED_EDGE ( 'NONE', *, *, #393, .F. ) ;
#1004 = ADVANCED_FACE ( 'NONE', ( #1560, #971, #1273, #957, #1378 ), #1518, .F. ) ;
#1005 = EDGE_CURVE ( 'NONE', #978, #678, #1339, .T. ) ;
#1006 = LINE ( 'NONE', #348, #1252 ) ;
#1007 = CARTESIAN_POINT ( 'NONE',  ( 4.809999999999999609, 0.2499999999999997780, 3.250000000000000444 ) ) ;
#1008 = LINE ( 'NONE', #1367, #110 ) ;
#1009 = EDGE_CURVE ( 'NONE', #737, #30, #867, .T. ) ;
#1010 = EDGE_LOOP ( 'NONE', ( #907, #1105, #467, #445, #419, #350 ) ) ;
#1011 = AXIS2_PLACEMENT_3D ( 'NONE', #1552, #1183, #1565 ) ;
#1012 = DIRECTION ( 'NONE',  ( 0.000000000000000000, 1.000000000000000000, 0.000000000000000000 ) ) ;
#1013 = ORIENTED_EDGE ( 'NONE', *, *, #1005, .T. ) ;
#1014 = ADVANCED_FACE ( 'NONE', ( #341 ), #1112, .T. ) ;
#1015 = CARTESIAN_POINT ( 'NONE',  ( -2.269999999999999130, 2.250000000000000444, 4.250000000000000000 ) ) ;
#1016 = VERTEX_POINT ( 'NONE', #747 ) ;
#1017 = ORIENTED_EDGE ( 'NONE', *, *, #1617, .F. ) ;
#1018 = CARTESIAN_POINT ( 'NONE',  ( 5.330000000000000071, 2.500000000000000000, -4.250000000000000000 ) ) ;
#1019 = AXIS2_PLACEMENT_3D ( 'NONE', #381, #1671, #919 ) ;
#1020 = ORIENTED_EDGE ( 'NONE', *, *, #653, .T. ) ;
#1021 = CARTESIAN_POINT ( 'NONE',  ( 3.440000000000000391, 0.8800000000000003375, 3.250000000000000444 ) ) ;
#1022 = FILL_AREA_STYLE ('',( #1607 ) ) ;
#1023 = ORIENTED_EDGE ( 'NONE', *, *, #213, .F. ) ;
#1024 = EDGE_CURVE ( 'NONE', #1016, #1226, #887, .T. ) ;
#1025 = CARTESIAN_POINT ( 'NONE',  ( 4.179999999999999716, 0.8800000000000003375, 7.349999999999999645 ) ) ;
#1026 = CARTESIAN_POINT ( 'NONE',  ( 0.2700000000000011280, 2.250000000000000000, 3.250000000000000444 ) ) ;
#1027 = LINE ( 'NONE', #532, #1475 ) ;
#1028 = VERTEX_POINT ( 'NONE', #77 ) ;
#1029 = VECTOR ( 'NONE', #376, 1000.000000000000000 ) ;
#1030 = EDGE_CURVE ( 'NONE', #1057, #1249, #300, .T. ) ;
#1031 = CARTESIAN_POINT ( 'NONE',  ( -0.9000000000000005773, 1.620000000000000773, 6.850000000000000533 ) ) ;
#1032 = EDGE_CURVE ( 'NONE', #148, #244, #543, .T. ) ;
#1033 = CARTESIAN_POINT ( 'NONE',  ( -2.269999999999999130, 0.2500000000000006661, 4.250000000000000000 ) ) ;
#1034 = FACE_OUTER_BOUND ( 'NONE', #1448, .T. ) ;
#1035 = ORIENTED_EDGE ( 'NONE', *, *, #575, .T. ) ;
#1036 = PLANE ( 'NONE',  #827 ) ;
#1037 = DIRECTION ( 'NONE',  ( 1.000000000000000000, 0.000000000000000000, 0.000000000000000000 ) ) ;
#1038 = VERTEX_POINT ( 'NONE', #903 ) ;
#1039 = CARTESIAN_POINT ( 'NONE',  ( -4.179999999999999716, 0.8800000000000003375, 7.349999999999999645 ) ) ;
#1040 = DIRECTION ( 'NONE',  ( -0.000000000000000000, -0.000000000000000000, 1.000000000000000000 ) ) ;
#1041 =( NAMED_UNIT ( * ) PLANE_ANGLE_UNIT ( ) SI_UNIT ( $, .RADIAN. ) );
#1042 = CARTESIAN_POINT ( 'NONE',  ( 0.9000000000000005773, 0.8800000000000003375, 7.349999999999999645 ) ) ;
#1043 = DIRECTION ( 'NONE',  ( -0.000000000000000000, 1.000000000000000000, -0.000000000000000000 ) ) ;
#1044 = ORIENTED_EDGE ( 'NONE', *, *, #927, .T. ) ;
#1045 = PLANE ( 'NONE',  #1019 ) ;
#1046 = PLANE ( 'NONE',  #96 ) ;
#1047 = VECTOR ( 'NONE', #1037, 1000.000000000000000 ) ;
#1048 = SURFACE_SIDE_STYLE ('',( #1147 ) ) ;
#1049 = DIRECTION ( 'NONE',  ( 0.000000000000000000, 0.8799053976571921121, -0.4751489147348846864 ) ) ;
#1050 = LINE ( 'NONE', #1684, #1192 ) ;
#1051 = ORIENTED_EDGE ( 'NONE', *, *, #592, .T. ) ;
#1052 = VECTOR ( 'NONE', #1530, 1000.000000000000000 ) ;
#1053 = LINE ( 'NONE', #172, #1195 ) ;
#1054 = CARTESIAN_POINT ( 'NONE',  ( 0.2700000000000011280, 2.250000000000000000, 4.250000000000000000 ) ) ;
#1055 = LINE ( 'NONE', #875, #193 ) ;
#1056 = CARTESIAN_POINT ( 'NONE',  ( -4.179999999999998828, 1.620000000000000773, 3.250000000000000444 ) ) ;
#1057 = VERTEX_POINT ( 'NONE', #1660 ) ;
#1058 = ORIENTED_EDGE ( 'NONE', *, *, #1550, .F. ) ;
#1059 = EDGE_LOOP ( 'NONE', ( #786, #783, #628, #1223 ) ) ;
#1060 = EDGE_CURVE ( 'NONE', #873, #720, #54, .T. ) ;
#1061 = PLANE ( 'NONE',  #999 ) ;
#1062 =( GEOMETRIC_REPRESENTATION_CONTEXT ( 3 ) GLOBAL_UNCERTAINTY_ASSIGNED_CONTEXT ( ( #1175 ) ) GLOBAL_UNIT_ASSIGNED_CONTEXT ( ( #695, #1587, #1600 ) ) REPRESENTATION_CONTEXT ( 'NONE', 'WORKASPACE' ) );
#1063 = ORIENTED_EDGE ( 'NONE', *, *, #596, .F. ) ;
#1064 = CARTESIAN_POINT ( 'NONE',  ( -3.439999999999999503, 1.620000000000000773, 6.850000000000000533 ) ) ;
#1065 = CARTESIAN_POINT ( 'NONE',  ( -3.440000000000000391, 1.620000000000000329, 7.349999999999999645 ) ) ;
#1066 = PRESENTATION_LAYER_ASSIGNMENT (  '', '', ( #817 ) ) ;
#1067 = DIRECTION ( 'NONE',  ( 1.000000000000000000, 0.000000000000000000, 0.000000000000000000 ) ) ;
#1068 = VECTOR ( 'NONE', #725, 1000.000000000000000 ) ;
#1069 = EDGE_CURVE ( 'NONE', #312, #658, #794, .T. ) ;
#1070 = DIRECTION ( 'NONE',  ( -1.000000000000000000, 5.860552283705441712E-16, -0.000000000000000000 ) ) ;
#1071 = ORIENTED_EDGE ( 'NONE', *, *, #882, .T. ) ;
#1072 = CARTESIAN_POINT ( 'NONE',  ( 4.809999999999999609, 0.2499999999999997780, 3.250000000000000444 ) ) ;
#1073 = LINE ( 'NONE', #1255, #1479 ) ;
#1074 = ADVANCED_FACE ( 'NONE', ( #257 ), #626, .T. ) ;
#1075 = ORIENTED_EDGE ( 'NONE', *, *, #861, .T. ) ;
#1076 = PLANE ( 'NONE',  #535 ) ;
#1077 = ORIENTED_EDGE ( 'NONE', *, *, #1287, .T. ) ;
#1078 = EDGE_LOOP ( 'NONE', ( #1148, #1482, #977, #1203, #680, #1532 ) ) ;
#1079 = EDGE_CURVE ( 'NONE', #256, #1476, #688, .T. ) ;
#1080 = CARTESIAN_POINT ( 'NONE',  ( -1.639999999999999902, 0.8800000000000003375, 6.850000000000000533 ) ) ;
#1081 = ORIENTED_EDGE ( 'NONE', *, *, #144, .F. ) ;
#1082 = CARTESIAN_POINT ( 'NONE',  ( 3.440000000000000391, 0.8800000000000003375, 7.349999999999999645 ) ) ;
#1083 = VECTOR ( 'NONE', #1, 999.9999999999998863 ) ;
#1084 = VECTOR ( 'NONE', #1043, 1000.000000000000000 ) ;
#1085 = ORIENTED_EDGE ( 'NONE', *, *, #250, .T. ) ;
#1086 = SURFACE_STYLE_FILL_AREA ( #12 ) ;
#1087 = PLANE ( 'NONE',  #1310 ) ;
#1088 = VECTOR ( 'NONE', #542, 1000.000000000000000 ) ;
#1089 = DIRECTION ( 'NONE',  ( -0.000000000000000000, 1.000000000000000000, -0.000000000000000000 ) ) ;
#1090 = PRESENTATION_LAYER_ASSIGNMENT (  '', '', ( #754 ) ) ;
#1091 = COLOUR_RGB ( '',0.7921568627450980005, 0.8196078431372548767, 0.9333333333333333481 ) ;
#1092 = EDGE_CURVE ( 'NONE', #290, #1332, #1394, .T. ) ;
#1093 = DIRECTION ( 'NONE',  ( -0.000000000000000000, 1.000000000000000000, -0.000000000000000000 ) ) ;
#1094 = ORIENTED_EDGE ( 'NONE', *, *, #333, .F. ) ;
#1095 = EDGE_CURVE ( 'NONE', #466, #510, #522, .T. ) ;
#1096 = DIRECTION ( 'NONE',  ( 0.000000000000000000, 0.4751489147348843534, -0.8799053976571922231 ) ) ;
#1097 = ORIENTED_EDGE ( 'NONE', *, *, #434, .T. ) ;
#1098 = AXIS2_PLACEMENT_3D ( 'NONE', #1039, #263, #782 ) ;
#1099 = DIRECTION ( 'NONE',  ( -1.000000000000000000, 0.000000000000000000, -0.000000000000000000 ) ) ;
#1100 = VERTEX_POINT ( 'NONE', #778 ) ;
#1101 = ORIENTED_EDGE ( 'NONE', *, *, #40, .F. ) ;
#1102 = LINE ( 'NONE', #550, #1002 ) ;
#1103 = LINE ( 'NONE', #1136, #1555 ) ;
#1104 = LINE ( 'NONE', #1164, #601 ) ;
#1105 = ORIENTED_EDGE ( 'NONE', *, *, #366, .T. ) ;
#1106 = FACE_OUTER_BOUND ( 'NONE', #558, .T. ) ;
#1107 = COLOUR_RGB ( '',1.000000000000000000, 1.000000000000000000, 1.000000000000000000 ) ;
#1108 = EDGE_CURVE ( 'NONE', #988, #1420, #386, .T. ) ;
#1109 = ORIENTED_EDGE ( 'NONE', *, *, #1533, .F. ) ;
#1110 = VERTEX_POINT ( 'NONE', #1015 ) ;
#1111 = VERTEX_POINT ( 'NONE', #1033 ) ;
#1112 = PLANE ( 'NONE',  #310 ) ;
#1113 = EDGE_CURVE ( 'NONE', #551, #116, #1519, .T. ) ;
#1114 = FILL_AREA_STYLE_COLOUR ( '', #1091 ) ;
#1115 = PRODUCT_DEFINITION_SHAPE ( 'NONE', 'NONE',  #650 ) ;
#1116 = DIRECTION ( 'NONE',  ( -5.860552283705429879E-16, 1.000000000000000000, 0.000000000000000000 ) ) ;
#1117 = VERTEX_POINT ( 'NONE', #1021 ) ;
#1118 = DIRECTION ( 'NONE',  ( 0.000000000000000000, 0.000000000000000000, 1.000000000000000000 ) ) ;
#1119 = ADVANCED_FACE ( 'NONE', ( #447 ), #103, .F. ) ;
#1120 = VECTOR ( 'NONE', #876, 1000.000000000000000 ) ;
#1121 = VECTOR ( 'NONE', #265, 1000.000000000000000 ) ;
#1122 = VERTEX_POINT ( 'NONE', #234 ) ;
#1123 = DIRECTION ( 'NONE',  ( -0.000000000000000000, -0.000000000000000000, 1.000000000000000000 ) ) ;
#1124 = VECTOR ( 'NONE', #1305, 1000.000000000000000 ) ;
#1125 = LINE ( 'NONE', #200, #233 ) ;
#1126 = PRODUCT_DEFINITION_FORMATION_WITH_SPECIFIED_SOURCE ( 'ANY', '', #325, .NOT_KNOWN. ) ;
#1127 = ADVANCED_FACE ( 'NONE', ( #178 ), #395, .F. ) ;
#1128 = CARTESIAN_POINT ( 'NONE',  ( -3.439999999999999947, 1.089043047383090990, 7.237116754413131403 ) ) ;
#1129 = ORIENTED_EDGE ( 'NONE', *, *, #831, .F. ) ;
#1130 = DIRECTION ( 'NONE',  ( 0.000000000000000000, -0.4751489147348843534, 0.8799053976571922231 ) ) ;
#1131 = EDGE_LOOP ( 'NONE', ( #1640, #1135, #958, #1543, #1051, #752 ) ) ;
#1132 = AXIS2_PLACEMENT_3D ( 'NONE', #943, #1067, #289 ) ;
#1133 = ORIENTED_EDGE ( 'NONE', *, *, #575, .F. ) ;
#1134 = ADVANCED_FACE ( 'NONE', ( #1172 ), #1146, .F. ) ;
#1135 = ORIENTED_EDGE ( 'NONE', *, *, #1142, .T. ) ;
#1136 = CARTESIAN_POINT ( 'NONE',  ( 0.9000000000000014655, 1.620000000000000773, 3.250000000000000444 ) ) ;
#1137 = EDGE_CURVE ( 'NONE', #99, #452, #13, .T. ) ;
#1138 = AXIS2_PLACEMENT_3D ( 'NONE', #61, #966, #568 ) ;
#1139 = DIRECTION ( 'NONE',  ( -1.000000000000000000, -0.000000000000000000, -0.000000000000000000 ) ) ;
#1140 = LINE ( 'NONE', #561, #319 ) ;
#1141 = LINE ( 'NONE', #739, #1068 ) ;
#1142 = EDGE_CURVE ( 'NONE', #1626, #1295, #321, .T. ) ;
#1143 = FACE_OUTER_BOUND ( 'NONE', #482, .T. ) ;
#1144 = FACE_OUTER_BOUND ( 'NONE', #563, .T. ) ;
#1145 = MECHANICAL_DESIGN_GEOMETRIC_PRESENTATION_REPRESENTATION (  '', ( #817 ), #556 ) ;
#1146 = PLANE ( 'NONE',  #16 ) ;
#1147 = SURFACE_STYLE_FILL_AREA ( #795 ) ;
#1148 = ORIENTED_EDGE ( 'NONE', *, *, #1242, .F. ) ;
#1149 = EDGE_CURVE ( 'NONE', #287, #128, #476, .T. ) ;
#1150 = CARTESIAN_POINT ( 'NONE',  ( -1.639999999999999902, 1.150000000000000577, 7.349999999999999645 ) ) ;
#1151 = EDGE_LOOP ( 'NONE', ( #880, #208, #920, #1625, #46, #1650 ) ) ;
#1152 = DIRECTION ( 'NONE',  ( 0.000000000000000000, 1.000000000000000000, 0.000000000000000000 ) ) ;
#1153 = ORIENTED_EDGE ( 'NONE', *, *, #1591, .T. ) ;
#1154 = DIRECTION ( 'NONE',  ( -0.000000000000000000, -0.000000000000000000, 1.000000000000000000 ) ) ;
#1155 = ADVANCED_FACE ( 'NONE', ( #1632 ), #137, .F. ) ;
#1156 = DIRECTION ( 'NONE',  ( -1.000000000000000000, -5.860552283705429879E-16, 0.000000000000000000 ) ) ;
#1157 = CARTESIAN_POINT ( 'NONE',  ( -4.809999999999999609, 2.250000000000000444, 3.250000000000000444 ) ) ;
#1158 = AXIS2_PLACEMENT_3D ( 'NONE', #1222, #704, #184 ) ;
#1159 = DIRECTION ( 'NONE',  ( 0.000000000000000000, -1.000000000000000000, 0.000000000000000000 ) ) ;
#1160 = PLANE ( 'NONE',  #232 ) ;
#1161 = CLOSED_SHELL ( 'NONE', ( #837, #374, #1537, #1119, #1014, #220, #313, #1134 ) ) ;
#1162 =( NAMED_UNIT ( * ) SI_UNIT ( $, .STERADIAN. ) SOLID_ANGLE_UNIT ( ) );
#1163 = DIRECTION ( 'NONE',  ( 0.000000000000000000, -0.000000000000000000, 1.000000000000000000 ) ) ;
#1164 = CARTESIAN_POINT ( 'NONE',  ( -2.269999999999999130, 2.250000000000000444, 4.250000000000000000 ) ) ;
#1165 = CARTESIAN_POINT ( 'NONE',  ( -5.330000000000000071, 2.500000000000000000, -4.250000000000000000 ) ) ;
#1166 = EDGE_CURVE ( 'NONE', #902, #239, #649, .T. ) ;
#1167 = VECTOR ( 'NONE', #224, 1000.000000000000000 ) ;
#1168 = CARTESIAN_POINT ( 'NONE',  ( 0.000000000000000000, 1.350000000000000755, 7.349999999999999645 ) ) ;
#1169 = LINE ( 'NONE', #1065, #764 ) ;
#1170 = VERTEX_POINT ( 'NONE', #3 ) ;
#1171 = CARTESIAN_POINT ( 'NONE',  ( 3.440000000000000391, 1.150000000000000577, 7.349999999999999645 ) ) ;
#1172 = FACE_OUTER_BOUND ( 'NONE', #761, .T. ) ;
#1173 = CARTESIAN_POINT ( 'NONE',  ( 4.809999999999999609, 2.250000000000000888, 4.250000000000000000 ) ) ;
#1174 = CARTESIAN_POINT ( 'NONE',  ( -2.269999999999999130, 2.250000000000000444, 3.250000000000000444 ) ) ;
#1175 = UNCERTAINTY_MEASURE_WITH_UNIT (LENGTH_MEASURE( 1.000000000000000082E-05 ), #695, 'distance_accuracy_value', 'NONE');
#1176 = VECTOR ( 'NONE', #49, 1000.000000000000000 ) ;
#1177 = DIRECTION ( 'NONE',  ( 1.000000000000000000, 0.000000000000000000, 0.000000000000000000 ) ) ;
#1178 = LINE ( 'NONE', #970, #975 ) ;
#1179 = CARTESIAN_POINT ( 'NONE',  ( -2.269999999999999130, 0.2500000000000006661, 4.250000000000000000 ) ) ;
#1180 = DIRECTION ( 'NONE',  ( -1.000000000000000000, -0.000000000000000000, -0.000000000000000000 ) ) ;
#1181 = ORIENTED_EDGE ( 'NONE', *, *, #337, .T. ) ;
#1182 = VERTEX_POINT ( 'NONE', #645 ) ;
#1183 = DIRECTION ( 'NONE',  ( 0.000000000000000000, -0.000000000000000000, 1.000000000000000000 ) ) ;
#1184 = DIRECTION ( 'NONE',  ( -0.000000000000000000, 0.000000000000000000, 1.000000000000000000 ) ) ;
#1185 = EDGE_CURVE ( 'NONE', #83, #1295, #621, .T. ) ;
#1186 = ORIENTED_EDGE ( 'NONE', *, *, #375, .T. ) ;
#1187 = CARTESIAN_POINT ( 'NONE',  ( 2.270000000000000462, 0.2500000000000003331, 3.250000000000000444 ) ) ;
#1188 = ORIENTED_EDGE ( 'NONE', *, *, #1204, .F. ) ;
#1189 = CARTESIAN_POINT ( 'NONE',  ( 0.9000000000000014655, 1.620000000000000773, 6.850000000000000533 ) ) ;
#1190 = FACE_OUTER_BOUND ( 'NONE', #860, .T. ) ;
#1191 = VECTOR ( 'NONE', #1268, 1000.000000000000000 ) ;
#1192 = VECTOR ( 'NONE', #1154, 1000.000000000000000 ) ;
#1193 = DIRECTION ( 'NONE',  ( 0.000000000000000000, -0.000000000000000000, 1.000000000000000000 ) ) ;
#1194 = DIRECTION ( 'NONE',  ( 1.000000000000000000, -1.172110456741085187E-15, 0.000000000000000000 ) ) ;
#1195 = VECTOR ( 'NONE', #1321, 1000.000000000000000 ) ;
#1196 = DIRECTION ( 'NONE',  ( 5.569270114699366935E-16, 0.4751489147348846864, 0.8799053976571921121 ) ) ;
#1197 = VECTOR ( 'NONE', #406, 1000.000000000000000 ) ;
#1198 = SURFACE_SIDE_STYLE ('',( #929 ) ) ;
#1199 = ORIENTED_EDGE ( 'NONE', *, *, #1327, .F. ) ;
#1200 = ORIENTED_EDGE ( 'NONE', *, *, #806, .T. ) ;
#1201 = EDGE_CURVE ( 'NONE', #163, #1364, #1296, .T. ) ;
#1202 = CARTESIAN_POINT ( 'NONE',  ( -4.180000000000000604, 1.350000000000000755, 7.349999999999999645 ) ) ;
#1203 = ORIENTED_EDGE ( 'NONE', *, *, #1137, .T. ) ;
#1204 = EDGE_CURVE ( 'NONE', #312, #1476, #583, .T. ) ;
#1205 = DIRECTION ( 'NONE',  ( -5.860552283705441712E-16, -1.000000000000000000, 0.000000000000000000 ) ) ;
#1206 = DIRECTION ( 'NONE',  ( -0.000000000000000000, 1.000000000000000000, -0.000000000000000000 ) ) ;
#1207 = ADVANCED_FACE ( 'NONE', ( #1577 ), #1300, .F. ) ;
#1208 = EDGE_CURVE ( 'NONE', #1111, #22, #748, .T. ) ;
#1209 = LINE ( 'NONE', #1656, #1167 ) ;
#1210 = LINE ( 'NONE', #399, #498 ) ;
#1211 = EDGE_LOOP ( 'NONE', ( #697, #203, #675, #1492 ) ) ;
#1212 = DIRECTION ( 'NONE',  ( 5.569270114699362005E-16, 0.4751489147348843534, -0.8799053976571922231 ) ) ;
#1213 = AXIS2_PLACEMENT_3D ( 'NONE', #525, #925, #410 ) ;
#1214 = LINE ( 'NONE', #222, #1052 ) ;
#1215 = MANIFOLD_SOLID_BREP ( 'Cut-Extrude2[2]', #352 ) ;
#1216 = FACE_OUTER_BOUND ( 'NONE', #151, .T. ) ;
#1217 = EDGE_LOOP ( 'NONE', ( #1517, #635, #1425, #107 ) ) ;
#1218 = ADVANCED_FACE ( 'NONE', ( #1143 ), #1428, .F. ) ;
#1219 = DIRECTION ( 'NONE',  ( -1.000000000000000000, -0.000000000000000000, -0.000000000000000000 ) ) ;
#1220 = CARTESIAN_POINT ( 'NONE',  ( 3.440000000000000835, 1.243889749148343604, 7.546500464540105035 ) ) ;
#1221 = VERTEX_POINT ( 'NONE', #784 ) ;
#1222 = CARTESIAN_POINT ( 'NONE',  ( 0.2700000000000011280, 2.250000000000000000, 3.250000000000000444 ) ) ;
#1223 = ORIENTED_EDGE ( 'NONE', *, *, #1664, .T. ) ;
#1224 = DIRECTION ( 'NONE',  ( -0.000000000000000000, -0.000000000000000000, 1.000000000000000000 ) ) ;
#1225 = ORIENTED_EDGE ( 'NONE', *, *, #1466, .T. ) ;
#1226 = VERTEX_POINT ( 'NONE', #1290 ) ;
#1227 = DIRECTION ( 'NONE',  ( -0.000000000000000000, -0.000000000000000000, -1.000000000000000000 ) ) ;
#1228 = ORIENTED_EDGE ( 'NONE', *, *, #1461, .T. ) ;
#1229 = VECTOR ( 'NONE', #1546, 1000.000000000000000 ) ;
#1230 = ADVANCED_FACE ( 'NONE', ( #70 ), #664, .F. ) ;
#1231 = EDGE_CURVE ( 'NONE', #1309, #94, #1676, .T. ) ;
#1232 = DIRECTION ( 'NONE',  ( 1.000000000000000000, 0.000000000000000000, -0.000000000000000000 ) ) ;
#1233 = DIRECTION ( 'NONE',  ( -1.000000000000000000, -5.860552283705429879E-16, 0.000000000000000000 ) ) ;
#1234 = LINE ( 'NONE', #479, #1520 ) ;
#1235 = DIRECTION ( 'NONE',  ( -1.000000000000000000, -0.000000000000000000, -0.000000000000000000 ) ) ;
#1236 = AXIS2_PLACEMENT_3D ( 'NONE', #142, #1049, #1442 ) ;
#1237 = LINE ( 'NONE', #904, #547 ) ;
#1238 = VECTOR ( 'NONE', #1235, 1000.000000000000000 ) ;
#1239 = EDGE_CURVE ( 'NONE', #1221, #1038, #35, .T. ) ;
#1240 = DIRECTION ( 'NONE',  ( -1.000000000000000000, 0.000000000000000000, 0.000000000000000000 ) ) ;
#1241 = EDGE_LOOP ( 'NONE', ( #1316, #570, #842, #1243 ) ) ;
#1242 = EDGE_CURVE ( 'NONE', #1487, #552, #1436, .T. ) ;
#1243 = ORIENTED_EDGE ( 'NONE', *, *, #770, .F. ) ;
#1244 = EDGE_CURVE ( 'NONE', #582, #1110, #1050, .T. ) ;
#1245 = ORIENTED_EDGE ( 'NONE', *, *, #283, .T. ) ;
#1246 = CARTESIAN_POINT ( 'NONE',  ( 1.640000000000000346, 0.8800000000000003375, 6.850000000000000533 ) ) ;
#1247 = DIRECTION ( 'NONE',  ( -1.000000000000000000, -0.000000000000000000, -0.000000000000000000 ) ) ;
#1248 = LINE ( 'NONE', #1007, #930 ) ;
#1249 = VERTEX_POINT ( 'NONE', #1171 ) ;
#1250 = LINE ( 'NONE', #661, #1084 ) ;
#1251 = VERTEX_POINT ( 'NONE', #130 ) ;
#1252 = VECTOR ( 'NONE', #1385, 1000.000000000000000 ) ;
#1253 = MECHANICAL_DESIGN_GEOMETRIC_PRESENTATION_REPRESENTATION (  '', ( #322 ), #1548 ) ;
#1254 = FACE_OUTER_BOUND ( 'NONE', #953, .T. ) ;
#1255 = CARTESIAN_POINT ( 'NONE',  ( -5.330000000000000071, 2.500000000000000000, 4.250000000000000000 ) ) ;
#1256 = FILL_AREA_STYLE ('',( #1114 ) ) ;
#1257 = LINE ( 'NONE', #326, #917 ) ;
#1258 = DIRECTION ( 'NONE',  ( 1.000000000000000000, 0.000000000000000000, 0.000000000000000000 ) ) ;
#1259 = ORIENTED_EDGE ( 'NONE', *, *, #777, .F. ) ;
#1260 = CARTESIAN_POINT ( 'NONE',  ( 5.330000000000000071, 2.500000000000000000, -4.250000000000000000 ) ) ;
#1261 = ADVANCED_FACE ( 'NONE', ( #176 ), #270, .T. ) ;
#1262 = DIRECTION ( 'NONE',  ( -0.000000000000000000, -0.000000000000000000, -1.000000000000000000 ) ) ;
#1263 = VERTEX_POINT ( 'NONE', #793 ) ;
#1264 = CARTESIAN_POINT ( 'NONE',  ( 2.810000000000000497, 0.2499999999999996669, 3.250000000000000444 ) ) ;
#1265 = DIRECTION ( 'NONE',  ( -1.000000000000000000, -0.000000000000000000, -0.000000000000000000 ) ) ;
#1266 = CLOSED_SHELL ( 'NONE', ( #1363, #692, #644, #1155, #1230, #607, #491, #1417 ) ) ;
#1267 = EDGE_CURVE ( 'NONE', #988, #458, #1413, .T. ) ;
#1268 = DIRECTION ( 'NONE',  ( -5.860552283705429879E-16, 1.000000000000000000, 0.000000000000000000 ) ) ;
#1269 = LINE ( 'NONE', #1449, #847 ) ;
#1270 = VECTOR ( 'NONE', #803, 999.9999999999998863 ) ;
#1271 = ADVANCED_FACE ( 'NONE', ( #685 ), #905, .F. ) ;
#1272 = EDGE_CURVE ( 'NONE', #760, #541, #1027, .T. ) ;
#1273 = FACE_BOUND ( 'NONE', #1486, .T. ) ;
#1274 = LINE ( 'NONE', #845, #324 ) ;
#1275 = LINE ( 'NONE', #1439, #500 ) ;
#1276 = CARTESIAN_POINT ( 'NONE',  ( 0.000000000000000000, 1.350000000000000755, 7.349999999999999645 ) ) ;
#1277 = CARTESIAN_POINT ( 'NONE',  ( 5.330000000000000959, 1.620000000000000773, 6.850000000000000533 ) ) ;
#1278 = ORIENTED_EDGE ( 'NONE', *, *, #1556, .T. ) ;
#1279 = ORIENTED_EDGE ( 'NONE', *, *, #855, .F. ) ;
#1280 = DIRECTION ( 'NONE',  ( -1.000000000000000000, -2.168404344971010347E-16, -0.000000000000000000 ) ) ;
#1281 = ORIENTED_EDGE ( 'NONE', *, *, #1009, .F. ) ;
#1282 = STYLED_ITEM ( 'NONE', ( #301 ), #589 ) ;
#1283 = ORIENTED_EDGE ( 'NONE', *, *, #144, .T. ) ;
#1284 = DIRECTION ( 'NONE',  ( -1.172110456741085187E-15, -1.000000000000000000, -0.000000000000000000 ) ) ;
#1285 = ORIENTED_EDGE ( 'NONE', *, *, #1580, .F. ) ;
#1286 = CARTESIAN_POINT ( 'NONE',  ( 4.179999999999999716, 0.8800000000000003375, 3.250000000000000444 ) ) ;
#1287 = EDGE_CURVE ( 'NONE', #244, #873, #646, .T. ) ;
#1288 = ADVANCED_FACE ( 'NONE', ( #1516 ), #1046, .F. ) ;
#1289 = DIRECTION ( 'NONE',  ( 1.000000000000000000, -5.860552283705441712E-16, 0.000000000000000000 ) ) ;
#1290 = CARTESIAN_POINT ( 'NONE',  ( 4.179999999999999716, 1.620000000000000329, 3.250000000000000444 ) ) ;
#1291 = LINE ( 'NONE', #890, #952 ) ;
#1292 = EDGE_CURVE ( 'NONE', #394, #577, #339, .T. ) ;
#1293 = DIRECTION ( 'NONE',  ( -1.000000000000000000, -2.168404344971010347E-16, 0.000000000000000000 ) ) ;
#1294 = FACE_OUTER_BOUND ( 'NONE', #79, .T. ) ;
#1295 = VERTEX_POINT ( 'NONE', #1150 ) ;
#1296 = LINE ( 'NONE', #403, #1653 ) ;
#1297 = EDGE_CURVE ( 'NONE', #1110, #1111, #1104, .T. ) ;
#1298 = DIRECTION ( 'NONE',  ( 5.569270114699366935E-16, 0.4751489147348846864, 0.8799053976571921121 ) ) ;
#1299 = PLANE ( 'NONE',  #788 ) ;
#1300 = PLANE ( 'NONE',  #1213 ) ;
#1301 = DIRECTION ( 'NONE',  ( 1.000000000000000000, 0.000000000000000000, 0.000000000000000000 ) ) ;
#1302 = CARTESIAN_POINT ( 'NONE',  ( 4.809999999999999609, 2.250000000000000888, 3.250000000000000444 ) ) ;
#1303 = CARTESIAN_POINT ( 'NONE',  ( -4.179999999999999716, 0.8800000000000003375, 7.349999999999999645 ) ) ;
#1304 = AXIS2_PLACEMENT_3D ( 'NONE', #734, #1118, #72 ) ;
#1305 = DIRECTION ( 'NONE',  ( 1.000000000000000000, 0.000000000000000000, 0.000000000000000000 ) ) ;
#1306 = DIRECTION ( 'NONE',  ( -1.000000000000000000, 2.168404344971009854E-16, 0.000000000000000000 ) ) ;
#1307 = ORIENTED_EDGE ( 'NONE', *, *, #592, .F. ) ;
#1308 = CARTESIAN_POINT ( 'NONE',  ( -2.269999999999999130, 0.2500000000000006661, 3.250000000000000444 ) ) ;
#1309 = VERTEX_POINT ( 'NONE', #1031 ) ;
#1310 = AXIS2_PLACEMENT_3D ( 'NONE', #569, #721, #459 ) ;
#1311 = DIRECTION ( 'NONE',  ( 5.569270114699366935E-16, 0.4751489147348846864, 0.8799053976571921121 ) ) ;
#1312 = EDGE_LOOP ( 'NONE', ( #1393, #1186, #1346, #359, #1451, #1200 ) ) ;
#1313 = FILL_AREA_STYLE_COLOUR ( '', #230 ) ;
#1314 = CARTESIAN_POINT ( 'NONE',  ( 2.270000000000000462, 2.249999999999999556, 4.250000000000000000 ) ) ;
#1315 = FACE_OUTER_BOUND ( 'NONE', #866, .T. ) ;
#1316 = ORIENTED_EDGE ( 'NONE', *, *, #250, .F. ) ;
#1317 = VECTOR ( 'NONE', #1152, 1000.000000000000000 ) ;
#1318 = DIRECTION ( 'NONE',  ( -1.000000000000000000, -0.000000000000000000, -0.000000000000000000 ) ) ;
#1319 = LINE ( 'NONE', #974, #820 ) ;
#1320 = LINE ( 'NONE', #268, #1500 ) ;
#1321 = DIRECTION ( 'NONE',  ( -0.000000000000000000, -0.000000000000000000, 1.000000000000000000 ) ) ;
#1322 = UNCERTAINTY_MEASURE_WITH_UNIT (LENGTH_MEASURE( 1.000000000000000082E-05 ), #1694, 'distance_accuracy_value', 'NONE');
#1323 = EDGE_CURVE ( 'NONE', #647, #1263, #358, .T. ) ;
#1324 = ORIENTED_EDGE ( 'NONE', *, *, #23, .F. ) ;
#1325 = AXIS2_PLACEMENT_3D ( 'NONE', #1082, #186, #53 ) ;
#1326 = ORIENTED_EDGE ( 'NONE', *, *, #168, .T. ) ;
#1327 = EDGE_CURVE ( 'NONE', #541, #1226, #50, .T. ) ;
#1328 = CARTESIAN_POINT ( 'NONE',  ( 5.330000000000000959, 1.150000000000000577, 7.349999999999999645 ) ) ;
#1329 = CARTESIAN_POINT ( 'NONE',  ( -4.180000000000000604, 0.8800000000000003375, 6.850000000000000533 ) ) ;
#1330 = ORIENTED_EDGE ( 'NONE', *, *, #1376, .T. ) ;
#1331 = EDGE_CURVE ( 'NONE', #582, #1567, #109, .T. ) ;
#1332 = VERTEX_POINT ( 'NONE', #639 ) ;
#1333 = EDGE_CURVE ( 'NONE', #1016, #290, #444, .T. ) ;
#1334 = SURFACE_STYLE_USAGE ( .BOTH. , #1198 ) ;
#1335 = LINE ( 'NONE', #1276, #131 ) ;
#1336 = ORIENTED_EDGE ( 'NONE', *, *, #238, .F. ) ;
#1337 = VECTOR ( 'NONE', #249, 1000.000000000000000 ) ;
#1338 = VERTEX_POINT ( 'NONE', #916 ) ;
#1339 = LINE ( 'NONE', #206, #604 ) ;
#1340 = DIRECTION ( 'NONE',  ( -1.000000000000000000, 0.000000000000000000, -0.000000000000000000 ) ) ;
#1341 = PLANE ( 'NONE',  #464 ) ;
#1342 = ORIENTED_EDGE ( 'NONE', *, *, #1469, .T. ) ;
#1343 = EDGE_LOOP ( 'NONE', ( #1075, #965, #834, #1326 ) ) ;
#1344 = CARTESIAN_POINT ( 'NONE',  ( -0.2699999999999998512, 2.250000000000000444, 3.250000000000000444 ) ) ;
#1345 = EDGE_LOOP ( 'NONE', ( #757, #390, #18, #534 ) ) ;
#1346 = ORIENTED_EDGE ( 'NONE', *, *, #1009, .T. ) ;
#1347 = DIRECTION ( 'NONE',  ( 1.000000000000000000, -1.172110456741085187E-15, 0.000000000000000000 ) ) ;
#1348 = DIRECTION ( 'NONE',  ( -0.000000000000000000, 1.000000000000000000, -0.000000000000000000 ) ) ;
#1349 = ADVANCED_FACE ( 'NONE', ( #1294 ), #1553, .F. ) ;
#1350 = LINE ( 'NONE', #1589, #706 ) ;
#1351 = CARTESIAN_POINT ( 'NONE',  ( -0.9000000000000000222, 1.243889749148343604, 7.546500464540105035 ) ) ;
#1352 = VECTOR ( 'NONE', #1318, 1000.000000000000000 ) ;
#1353 = ORIENTED_EDGE ( 'NONE', *, *, #1208, .T. ) ;
#1354 = DIRECTION ( 'NONE',  ( -0.000000000000000000, 0.000000000000000000, 1.000000000000000000 ) ) ;
#1355 = FACE_OUTER_BOUND ( 'NONE', #370, .T. ) ;
#1356 = LINE ( 'NONE', #1351, #670 ) ;
#1357 = SURFACE_STYLE_FILL_AREA ( #1022 ) ;
#1358 = ORIENTED_EDGE ( 'NONE', *, *, #1333, .T. ) ;
#1359 = DIRECTION ( 'NONE',  ( 1.000000000000000000, -5.860552283705441712E-16, 0.000000000000000000 ) ) ;
#1360 =( NAMED_UNIT ( * ) SI_UNIT ( $, .STERADIAN. ) SOLID_ANGLE_UNIT ( ) );
#1361 = EDGE_CURVE ( 'NONE', #312, #1338, #1210, .T. ) ;
#1362 = PLANE ( 'NONE',  #772 ) ;
#1363 = ADVANCED_FACE ( 'NONE', ( #955 ), #530, .F. ) ;
#1364 = VERTEX_POINT ( 'NONE', #1561 ) ;
#1365 = ORIENTED_EDGE ( 'NONE', *, *, #1204, .T. ) ;
#1366 = ORIENTED_EDGE ( 'NONE', *, *, #298, .T. ) ;
#1367 = CARTESIAN_POINT ( 'NONE',  ( 5.330000000000000959, 0.8800000000000003375, 6.850000000000000533 ) ) ;
#1368 = ORIENTED_EDGE ( 'NONE', *, *, #190, .F. ) ;
#1369 = ORIENTED_EDGE ( 'NONE', *, *, #750, .T. ) ;
#1370 = ORIENTED_EDGE ( 'NONE', *, *, #1108, .F. ) ;
#1371 = AXIS2_PLACEMENT_3D ( 'NONE', #1465, #170, #1583 ) ;
#1372 = CARTESIAN_POINT ( 'NONE',  ( -2.269999999999999130, 0.2500000000000006661, 3.250000000000000444 ) ) ;
#1373 = PLANE ( 'NONE',  #52 ) ;
#1374 = VECTOR ( 'NONE', #805, 1000.000000000000000 ) ;
#1375 = ORIENTED_EDGE ( 'NONE', *, *, #1267, .T. ) ;
#1376 = EDGE_CURVE ( 'NONE', #776, #1420, #1250, .T. ) ;
#1377 = CARTESIAN_POINT ( 'NONE',  ( -5.330000000000000071, 0.000000000000000000, -4.250000000000000000 ) ) ;
#1378 = FACE_OUTER_BOUND ( 'NONE', #104, .T. ) ;
#1379 = ORIENTED_EDGE ( 'NONE', *, *, #160, .T. ) ;
#1380 = DIRECTION ( 'NONE',  ( 0.000000000000000000, -0.8799053976571922231, -0.4751489147348843534 ) ) ;
#1381 = CARTESIAN_POINT ( 'NONE',  ( 0.000000000000000000, 0.000000000000000000, 7.349999999999999645 ) ) ;
#1382 = ORIENTED_EDGE ( 'NONE', *, *, #596, .T. ) ;
#1383 = EDGE_CURVE ( 'NONE', #760, #404, #564, .T. ) ;
#1384 = EDGE_LOOP ( 'NONE', ( #267, #1506, #1020, #667 ) ) ;
#1385 = DIRECTION ( 'NONE',  ( -0.000000000000000000, -0.000000000000000000, 1.000000000000000000 ) ) ;
#1386 = AXIS2_PLACEMENT_3D ( 'NONE', #380, #95, #654 ) ;
#1387 = APPLICATION_PROTOCOL_DEFINITION ( 'draft international standard', 'automotive_design', 1998, #995 ) ;
#1388 = EDGE_LOOP ( 'NONE', ( #732, #219, #1620, #1129 ) ) ;
#1389 = ADVANCED_FACE ( 'NONE', ( #210 ), #124, .F. ) ;
#1390 = PLANE ( 'NONE',  #1304 ) ;
#1391 = VECTOR ( 'NONE', #1311, 999.9999999999998863 ) ;
#1392 = VECTOR ( 'NONE', #1180, 1000.000000000000000 ) ;
#1393 = ORIENTED_EDGE ( 'NONE', *, *, #1461, .F. ) ;
#1394 = LINE ( 'NONE', #1427, #38 ) ;
#1395 = VECTOR ( 'NONE', #830, 1000.000000000000000 ) ;
#1396 = CARTESIAN_POINT ( 'NONE',  ( -3.439999999999999947, 0.8800000000000003375, 7.349999999999999645 ) ) ;
#1397 = DIRECTION ( 'NONE',  ( -0.000000000000000000, -1.000000000000000000, -0.000000000000000000 ) ) ;
#1398 = LINE ( 'NONE', #98, #1683 ) ;
#1399 = SURFACE_STYLE_FILL_AREA ( #1256 ) ;
#1400 = ADVANCED_FACE ( 'NONE', ( #1598 ), #796, .F. ) ;
#1401 = ORIENTED_EDGE ( 'NONE', *, *, #460, .F. ) ;
#1402 = VERTEX_POINT ( 'NONE', #1418 ) ;
#1403 = ORIENTED_EDGE ( 'NONE', *, *, #1060, .T. ) ;
#1404 = CARTESIAN_POINT ( 'NONE',  ( 0.9000000000000014655, 1.620000000000000773, 3.250000000000000444 ) ) ;
#1405 = EDGE_CURVE ( 'NONE', #436, #988, #408, .T. ) ;
#1406 = ORIENTED_EDGE ( 'NONE', *, *, #283, .F. ) ;
#1407 = STYLED_ITEM ( 'NONE', ( #1454 ), #1515 ) ;
#1408 = ORIENTED_EDGE ( 'NONE', *, *, #1201, .T. ) ;
#1409 = PLANE ( 'NONE',  #608 ) ;
#1410 = CARTESIAN_POINT ( 'NONE',  ( -4.179999999999998828, 1.350000000000000755, 7.349999999999999645 ) ) ;
#1411 = EDGE_CURVE ( 'NONE', #452, #394, #865, .T. ) ;
#1412 = DIRECTION ( 'NONE',  ( 0.000000000000000000, 0.4751489147348846309, 0.8799053976571920010 ) ) ;
#1413 = LINE ( 'NONE', #529, #1337 ) ;
#1414 = ORIENTED_EDGE ( 'NONE', *, *, #689, .T. ) ;
#1415 = LINE ( 'NONE', #851, #139 ) ;
#1416 = EDGE_CURVE ( 'NONE', #1309, #810, #850, .T. ) ;
#1417 = ADVANCED_FACE ( 'NONE', ( #1458 ), #1076, .F. ) ;
#1418 = CARTESIAN_POINT ( 'NONE',  ( 5.330000000000000071, 2.500000000000000000, 4.250000000000000000 ) ) ;
#1419 = PLANE ( 'NONE',  #1511 ) ;
#1420 = VERTEX_POINT ( 'NONE', #1314 ) ;
#1421 = DIRECTION ( 'NONE',  ( -3.794707603699267491E-16, -1.000000000000000000, 0.000000000000000000 ) ) ;
#1422 = EDGE_LOOP ( 'NONE', ( #1281, #1453, #373, #1181 ) ) ;
#1423 = DIRECTION ( 'NONE',  ( 0.000000000000000000, -1.000000000000000000, 0.000000000000000000 ) ) ;
#1424 = DIRECTION ( 'NONE',  ( -1.000000000000000000, 5.860552283705441712E-16, -0.000000000000000000 ) ) ;
#1425 = ORIENTED_EDGE ( 'NONE', *, *, #1617, .T. ) ;
#1426 = AXIS2_PLACEMENT_3D ( 'NONE', #194, #1099, #1614 ) ;
#1427 = CARTESIAN_POINT ( 'NONE',  ( 3.440000000000001279, 1.620000000000000773, 7.349999999999999645 ) ) ;
#1428 = PLANE ( 'NONE',  #933 ) ;
#1429 = EDGE_LOOP ( 'NONE', ( #320, #1645, #402, #1044 ) ) ;
#1430 = DIRECTION ( 'NONE',  ( -1.172110456741085187E-15, -1.000000000000000000, -0.000000000000000000 ) ) ;
#1431 = CARTESIAN_POINT ( 'NONE',  ( -4.809999999999999609, 0.2500000000000000000, 3.250000000000000444 ) ) ;
#1432 = CARTESIAN_POINT ( 'NONE',  ( 4.179999999999999716, 0.8800000000000003375, 3.250000000000000444 ) ) ;
#1433 = CARTESIAN_POINT ( 'NONE',  ( -1.639999999999998570, 1.620000000000000773, 7.349999999999999645 ) ) ;
#1434 = FACE_OUTER_BOUND ( 'NONE', #1422, .T. ) ;
#1435 = CARTESIAN_POINT ( 'NONE',  ( 5.330000000000000959, 0.8800000000000003375, 6.850000000000000533 ) ) ;
#1436 = LINE ( 'NONE', #1693, #707 ) ;
#1437 = EDGE_LOOP ( 'NONE', ( #439, #1584, #187, #944 ) ) ;
#1438 = VECTOR ( 'NONE', #114, 1000.000000000000000 ) ;
#1439 = CARTESIAN_POINT ( 'NONE',  ( 4.809999999999999609, 0.2499999999999997780, 4.250000000000000000 ) ) ;
#1440 = VECTOR ( 'NONE', #603, 1000.000000000000000 ) ;
#1441 = SURFACE_SIDE_STYLE ('',( #1086 ) ) ;
#1442 = DIRECTION ( 'NONE',  ( 0.000000000000000000, 0.4751489147348846309, 0.8799053976571920010 ) ) ;
#1443 = AXIS2_PLACEMENT_3D ( 'NONE', #512, #1159, #879 ) ;
#1444 = CARTESIAN_POINT ( 'NONE',  ( 0.2700000000000011280, 0.2500000000000011102, 3.250000000000000444 ) ) ;
#1445 = ORIENTED_EDGE ( 'NONE', *, *, #1636, .F. ) ;
#1446 = EDGE_CURVE ( 'NONE', #334, #1338, #191, .T. ) ;
#1447 = DIRECTION ( 'NONE',  ( -5.860552283705429879E-16, 1.000000000000000000, 0.000000000000000000 ) ) ;
#1448 = EDGE_LOOP ( 'NONE', ( #1403, #1586, #5, #1077 ) ) ;
#1449 = CARTESIAN_POINT ( 'NONE',  ( 2.810000000000000497, 2.250000000000000888, 4.250000000000000000 ) ) ;
#1450 = EDGE_CURVE ( 'NONE', #590, #171, #619, .T. ) ;
#1451 = ORIENTED_EDGE ( 'NONE', *, *, #1416, .F. ) ;
#1452 = CARTESIAN_POINT ( 'NONE',  ( -4.179999999999998828, 1.620000000000000773, 7.349999999999999645 ) ) ;
#1453 = ORIENTED_EDGE ( 'NONE', *, *, #1588, .T. ) ;
#1454 = PRESENTATION_STYLE_ASSIGNMENT (( #1334 ) ) ;
#1455 = LINE ( 'NONE', #342, #472 ) ;
#1456 = VERTEX_POINT ( 'NONE', #807 ) ;
#1457 = CARTESIAN_POINT ( 'NONE',  ( 0.9000000000000005773, 0.8800000000000003375, 7.349999999999999645 ) ) ;
#1458 = FACE_OUTER_BOUND ( 'NONE', #489, .T. ) ;
#1459 = AXIS2_PLACEMENT_3D ( 'NONE', #811, #284, #1193 ) ;
#1460 = LINE ( 'NONE', #329, #1562 ) ;
#1461 = EDGE_CURVE ( 'NONE', #83, #1364, #580, .T. ) ;
#1462 = DIRECTION ( 'NONE',  ( -1.000000000000000000, 0.000000000000000000, 0.000000000000000000 ) ) ;
#1463 = ORIENTED_EDGE ( 'NONE', *, *, #979, .T. ) ;
#1464 = ORIENTED_EDGE ( 'NONE', *, *, #1005, .F. ) ;
#1465 = CARTESIAN_POINT ( 'NONE',  ( 5.330000000000000959, 1.350000000000000755, 7.349999999999999645 ) ) ;
#1466 = EDGE_CURVE ( 'NONE', #1251, #1472, #426, .T. ) ;
#1467 =( LENGTH_UNIT ( ) NAMED_UNIT ( * ) SI_UNIT ( .MILLI., .METRE. ) );
#1468 = CARTESIAN_POINT ( 'NONE',  ( -1.639999999999999014, 1.243889749148343604, 7.546500464540105035 ) ) ;
#1469 = EDGE_CURVE ( 'NONE', #334, #1476, #1140, .T. ) ;
#1470 = EDGE_LOOP ( 'NONE', ( #1631, #766, #1463, #1667 ) ) ;
#1471 = ADVANCED_FACE ( 'NONE', ( #10 ), #1061, .F. ) ;
#1472 = VERTEX_POINT ( 'NONE', #1329 ) ;
#1473 = DIRECTION ( 'NONE',  ( 0.000000000000000000, 0.8799053976571921121, -0.4751489147348846864 ) ) ;
#1474 = COLOUR_RGB ( '',1.000000000000000000, 1.000000000000000000, 1.000000000000000000 ) ;
#1475 = VECTOR ( 'NONE', #671, 1000.000000000000000 ) ;
#1476 = VERTEX_POINT ( 'NONE', #815 ) ;
#1477 = VECTOR ( 'NONE', #309, 1000.000000000000000 ) ;
#1478 = CARTESIAN_POINT ( 'NONE',  ( -1.639999999999999458, 0.8800000000000003375, 7.349999999999999645 ) ) ;
#1479 = VECTOR ( 'NONE', #336, 1000.000000000000000 ) ;
#1480 = AXIS2_PLACEMENT_3D ( 'NONE', #1501, #1624, #1635 ) ;
#1481 = CARTESIAN_POINT ( 'NONE',  ( 5.330000000000000071, 0.000000000000000000, -4.250000000000000000 ) ) ;
#1482 = ORIENTED_EDGE ( 'NONE', *, *, #973, .T. ) ;
#1483 = LINE ( 'NONE', #305, #1638 ) ;
#1484 = PRODUCT_RELATED_PRODUCT_CATEGORY ( 'part', '', ( #325 ) ) ;
#1485 = CARTESIAN_POINT ( 'NONE',  ( 3.440000000000001279, 1.620000000000000773, 7.349999999999999645 ) ) ;
#1486 = EDGE_LOOP ( 'NONE', ( #801, #311, #714, #1445 ) ) ;
#1487 = VERTEX_POINT ( 'NONE', #681 ) ;
#1488 = AXIS2_PLACEMENT_3D ( 'NONE', #1026, #513, #1306 ) ;
#1489 = DIRECTION ( 'NONE',  ( 1.172110456741085187E-15, 1.000000000000000000, 0.000000000000000000 ) ) ;
#1490 = DIRECTION ( 'NONE',  ( -0.000000000000000000, -0.000000000000000000, -1.000000000000000000 ) ) ;
#1491 = ORIENTED_EDGE ( 'NONE', *, *, #981, .T. ) ;
#1492 = ORIENTED_EDGE ( 'NONE', *, *, #623, .T. ) ;
#1493 = EDGE_CURVE ( 'NONE', #458, #1221, #1102, .T. ) ;
#1494 = DIRECTION ( 'NONE',  ( 1.000000000000000000, 0.000000000000000000, 0.000000000000000000 ) ) ;
#1495 = LINE ( 'NONE', #1639, #1673 ) ;
#1496 = ORIENTED_EDGE ( 'NONE', *, *, #1361, .T. ) ;
#1497 = DIRECTION ( 'NONE',  ( -1.000000000000000000, 0.000000000000000000, 0.000000000000000000 ) ) ;
#1498 = LINE ( 'NONE', #155, #15 ) ;
#1499 = CARTESIAN_POINT ( 'NONE',  ( 0.000000000000000000, 2.500000000000000000, 0.000000000000000000 ) ) ;
#1500 = VECTOR ( 'NONE', #150, 1000.000000000000000 ) ;
#1501 = CARTESIAN_POINT ( 'NONE',  ( -2.810000000000000497, 2.250000000000000888, 3.250000000000000444 ) ) ;
#1502 = EDGE_CURVE ( 'NONE', #317, #983, #228, .T. ) ;
#1503 = EDGE_CURVE ( 'NONE', #1057, #510, #153, .T. ) ;
#1504 = ORIENTED_EDGE ( 'NONE', *, *, #168, .F. ) ;
#1505 = CARTESIAN_POINT ( 'NONE',  ( -0.8999999999999999112, 1.150000000000000577, 7.349999999999999645 ) ) ;
#1506 = ORIENTED_EDGE ( 'NONE', *, *, #777, .T. ) ;
#1507 = CARTESIAN_POINT ( 'NONE',  ( -0.8999999999999998002, 0.8800000000000003375, 7.349999999999999645 ) ) ;
#1508 = SURFACE_SIDE_STYLE ('',( #1399 ) ) ;
#1509 = ORIENTED_EDGE ( 'NONE', *, *, #1533, .T. ) ;
#1510 = ORIENTED_EDGE ( 'NONE', *, *, #316, .T. ) ;
#1511 = AXIS2_PLACEMENT_3D ( 'NONE', #509, #775, #1662 ) ;
#1512 = CARTESIAN_POINT ( 'NONE',  ( 4.809999999999999609, 0.2499999999999997780, 3.250000000000000444 ) ) ;
#1513 = LINE ( 'NONE', #1303, #496 ) ;
#1514 = CARTESIAN_POINT ( 'NONE',  ( -1.639999999999998126, 1.620000000000000773, 6.850000000000000533 ) ) ;
#1515 = MANIFOLD_SOLID_BREP ( 'Cut-Extrude2[4]', #1161 ) ;
#1516 = FACE_OUTER_BOUND ( 'NONE', #1312, .T. ) ;
#1517 = ORIENTED_EDGE ( 'NONE', *, *, #1331, .T. ) ;
#1518 = PLANE ( 'NONE',  #66 ) ;
#1519 = LINE ( 'NONE', #885, #212 ) ;
#1520 = VECTOR ( 'NONE', #1123, 1000.000000000000000 ) ;
#1521 = ADVANCED_FACE ( 'NONE', ( #1190 ), #33, .F. ) ;
#1522 = CARTESIAN_POINT ( 'NONE',  ( 1.640000000000000346, 0.8800000000000003375, 3.250000000000000444 ) ) ;
#1523 = SHAPE_DEFINITION_REPRESENTATION ( #1115, #1618 ) ;
#1524 = CARTESIAN_POINT ( 'NONE',  ( 4.179999999999999716, 1.620000000000000329, 7.349999999999999645 ) ) ;
#1525 = DIRECTION ( 'NONE',  ( 0.000000000000000000, 0.000000000000000000, 1.000000000000000000 ) ) ;
#1526 = EDGE_LOOP ( 'NONE', ( #487, #1342, #1188, #1496 ) ) ;
#1527 = CARTESIAN_POINT ( 'NONE',  ( -5.330000000000000071, 2.500000000000000000, 4.250000000000000000 ) ) ;
#1528 = UNCERTAINTY_MEASURE_WITH_UNIT (LENGTH_MEASURE( 1.000000000000000082E-05 ), #100, 'distance_accuracy_value', 'NONE');
#1529 = ADVANCED_FACE ( 'NONE', ( #67 ), #828, .F. ) ;
#1530 = DIRECTION ( 'NONE',  ( -0.000000000000000000, -1.000000000000000000, -0.000000000000000000 ) ) ;
#1531 =( GEOMETRIC_REPRESENTATION_CONTEXT ( 3 ) GLOBAL_UNCERTAINTY_ASSIGNED_CONTEXT ( ( #1668 ) ) GLOBAL_UNIT_ASSIGNED_CONTEXT ( ( #781, #1041, #1162 ) ) REPRESENTATION_CONTEXT ( 'NONE', 'WORKASPACE' ) );
#1532 = ORIENTED_EDGE ( 'NONE', *, *, #190, .T. ) ;
#1533 = EDGE_CURVE ( 'NONE', #948, #678, #1269, .T. ) ;
#1534 = DIRECTION ( 'NONE',  ( 1.000000000000000000, 5.421010862427525868E-17, -0.000000000000000000 ) ) ;
#1535 = EDGE_LOOP ( 'NONE', ( #686, #87, #1101, #470 ) ) ;
#1536 = EDGE_CURVE ( 'NONE', #1182, #1597, #584, .T. ) ;
#1537 = ADVANCED_FACE ( 'NONE', ( #461 ), #65, .F. ) ;
#1538 = VECTOR ( 'NONE', #1549, 1000.000000000000000 ) ;
#1539 = DIRECTION ( 'NONE',  ( 0.000000000000000000, 0.000000000000000000, 1.000000000000000000 ) ) ;
#1540 = LINE ( 'NONE', #45, #888 ) ;
#1541 = DIRECTION ( 'NONE',  ( 5.569270114699362005E-16, 0.4751489147348843534, -0.8799053976571922231 ) ) ;
#1542 = LINE ( 'NONE', #1173, #1197 ) ;
#1543 = ORIENTED_EDGE ( 'NONE', *, *, #1550, .T. ) ;
#1544 = CARTESIAN_POINT ( 'NONE',  ( 1.640000000000000124, 1.089043047383090990, 7.237116754413131403 ) ) ;
#1545 = ORIENTED_EDGE ( 'NONE', *, *, #1568, .T. ) ;
#1546 = DIRECTION ( 'NONE',  ( -0.000000000000000000, -0.000000000000000000, 1.000000000000000000 ) ) ;
#1547 = ORIENTED_EDGE ( 'NONE', *, *, #1670, .F. ) ;
#1548 =( GEOMETRIC_REPRESENTATION_CONTEXT ( 3 ) GLOBAL_UNCERTAINTY_ASSIGNED_CONTEXT ( ( #490 ) ) GLOBAL_UNIT_ASSIGNED_CONTEXT ( ( #195, #742, #355 ) ) REPRESENTATION_CONTEXT ( 'NONE', 'WORKASPACE' ) );
#1549 = DIRECTION ( 'NONE',  ( -1.000000000000000000, 5.860552283705441712E-16, -0.000000000000000000 ) ) ;
#1550 = EDGE_CURVE ( 'NONE', #163, #94, #1616, .T. ) ;
#1551 = DIRECTION ( 'NONE',  ( 2.784635057349682975E-16, -0.4751489147348843534, 0.8799053976571922231 ) ) ;
#1552 = CARTESIAN_POINT ( 'NONE',  ( 0.000000000000000000, 0.000000000000000000, 7.349999999999999645 ) ) ;
#1553 = PLANE ( 'NONE',  #809 ) ;
#1554 = CARTESIAN_POINT ( 'NONE',  ( 1.639999999999999902, 1.620000000000000773, 6.850000000000000533 ) ) ;
#1555 = VECTOR ( 'NONE', #1649, 1000.000000000000000 ) ;
#1556 = EDGE_CURVE ( 'NONE', #24, #116, #273, .T. ) ;
#1557 = CARTESIAN_POINT ( 'NONE',  ( -4.809999999999999609, 0.2500000000000000000, 4.250000000000000000 ) ) ;
#1558 = ORIENTED_EDGE ( 'NONE', *, *, #1137, .F. ) ;
#1559 = DIRECTION ( 'NONE',  ( 0.000000000000000000, 0.000000000000000000, -1.000000000000000000 ) ) ;
#1560 = FACE_BOUND ( 'NONE', #1388, .T. ) ;
#1561 = CARTESIAN_POINT ( 'NONE',  ( -0.8999999999999998002, 1.350000000000000755, 7.349999999999999645 ) ) ;
#1562 = VECTOR ( 'NONE', #1093, 1000.000000000000000 ) ;
#1563 = ORIENTED_EDGE ( 'NONE', *, *, #1166, .F. ) ;
#1564 = FACE_OUTER_BOUND ( 'NONE', #389, .T. ) ;
#1565 = DIRECTION ( 'NONE',  ( 1.000000000000000000, 0.000000000000000000, 0.000000000000000000 ) ) ;
#1566 = FILL_AREA_STYLE_COLOUR ( '', #914 ) ;
#1567 = VERTEX_POINT ( 'NONE', #571 ) ;
#1568 = EDGE_CURVE ( 'NONE', #724, #452, #1169, .T. ) ;
#1569 = DIRECTION ( 'NONE',  ( 1.172110456741085187E-15, 1.000000000000000000, 0.000000000000000000 ) ) ;
#1570 = CARTESIAN_POINT ( 'NONE',  ( 2.270000000000000462, 2.249999999999999556, 3.250000000000000444 ) ) ;
#1571 = VERTEX_POINT ( 'NONE', #1481 ) ;
#1572 = ORIENTED_EDGE ( 'NONE', *, *, #468, .F. ) ;
#1573 = DIRECTION ( 'NONE',  ( 1.000000000000000000, 5.421010862427525868E-17, -0.000000000000000000 ) ) ;
#1574 = AXIS2_PLACEMENT_3D ( 'NONE', #1452, #1205, #25 ) ;
#1575 = COLOUR_RGB ( '',1.000000000000000000, 1.000000000000000000, 1.000000000000000000 ) ;
#1576 = VECTOR ( 'NONE', #520, 1000.000000000000000 ) ;
#1577 = FACE_OUTER_BOUND ( 'NONE', #51, .T. ) ;
#1578 = LINE ( 'NONE', #1128, #1601 ) ;
#1579 = VECTOR ( 'NONE', #1139, 1000.000000000000000 ) ;
#1580 = EDGE_CURVE ( 'NONE', #1057, #290, #1686, .T. ) ;
#1581 = DIRECTION ( 'NONE',  ( -0.000000000000000000, -0.4751489147348843534, 0.8799053976571922231 ) ) ;
#1582 = AXIS2_PLACEMENT_3D ( 'NONE', #1685, #412, #1293 ) ;
#1583 = DIRECTION ( 'NONE',  ( 0.000000000000000000, 0.4751489147348843534, -0.8799053976571922231 ) ) ;
#1584 = ORIENTED_EDGE ( 'NONE', *, *, #160, .F. ) ;
#1585 = CARTESIAN_POINT ( 'NONE',  ( -4.809999999999999609, 2.250000000000000444, 4.250000000000000000 ) ) ;
#1586 = ORIENTED_EDGE ( 'NONE', *, *, #507, .F. ) ;
#1587 =( NAMED_UNIT ( * ) PLANE_ANGLE_UNIT ( ) SI_UNIT ( $, .RADIAN. ) );
#1588 = EDGE_CURVE ( 'NONE', #737, #1626, #798, .T. ) ;
#1589 = CARTESIAN_POINT ( 'NONE',  ( -5.330000000000000071, 0.000000000000000000, 4.250000000000000000 ) ) ;
#1590 = ADVANCED_FACE ( 'NONE', ( #1034 ), #441, .F. ) ;
#1591 = EDGE_CURVE ( 'NONE', #1170, #826, #450, .T. ) ;
#1592 = CARTESIAN_POINT ( 'NONE',  ( -0.8999999999999998002, 0.8800000000000003375, 6.850000000000000533 ) ) ;
#1593 = ORIENTED_EDGE ( 'NONE', *, *, #1674, .T. ) ;
#1594 = DIRECTION ( 'NONE',  ( -1.000000000000000000, -2.168404344971010347E-16, -0.000000000000000000 ) ) ;
#1595 = CARTESIAN_POINT ( 'NONE',  ( 0.9000000000000011324, 1.350000000000000755, 7.349999999999999645 ) ) ;
#1596 = LINE ( 'NONE', #516, #683 ) ;
#1597 = VERTEX_POINT ( 'NONE', #1605 ) ;
#1598 = FACE_OUTER_BOUND ( 'NONE', #44, .T. ) ;
#1599 = ORIENTED_EDGE ( 'NONE', *, *, #1166, .T. ) ;
#1600 =( NAMED_UNIT ( * ) SI_UNIT ( $, .STERADIAN. ) SOLID_ANGLE_UNIT ( ) );
#1601 = VECTOR ( 'NONE', #80, 999.9999999999998863 ) ;
#1602 = VECTOR ( 'NONE', #1284, 1000.000000000000000 ) ;
#1603 = CARTESIAN_POINT ( 'NONE',  ( -2.810000000000000497, 0.2500000000000002220, 4.250000000000000000 ) ) ;
#1604 = LINE ( 'NONE', #1611, #735 ) ;
#1605 = CARTESIAN_POINT ( 'NONE',  ( -2.810000000000000497, 2.250000000000000888, 3.250000000000000444 ) ) ;
#1606 = ORIENTED_EDGE ( 'NONE', *, *, #668, .T. ) ;
#1607 = FILL_AREA_STYLE_COLOUR ( '', #1107 ) ;
#1608 = PLANE ( 'NONE',  #1426 ) ;
#1609 = ORIENTED_EDGE ( 'NONE', *, *, #1032, .T. ) ;
#1610 = EDGE_LOOP ( 'NONE', ( #1558, #717, #613, #956 ) ) ;
#1611 = CARTESIAN_POINT ( 'NONE',  ( -1.639999999999999458, 0.8800000000000003375, 7.349999999999999645 ) ) ;
#1612 = LINE ( 'NONE', #9, #1270 ) ;
#1613 = VECTOR ( 'NONE', #1206, 1000.000000000000000 ) ;
#1614 = DIRECTION ( 'NONE',  ( -0.000000000000000000, 0.000000000000000000, 1.000000000000000000 ) ) ;
#1615 = DIRECTION ( 'NONE',  ( 0.000000000000000000, -0.000000000000000000, 1.000000000000000000 ) ) ;
#1616 = LINE ( 'NONE', #1468, #1477 ) ;
#1617 = EDGE_CURVE ( 'NONE', #36, #1170, #367, .T. ) ;
#1618 = ADVANCED_BREP_SHAPE_REPRESENTATION ( 'Part123456', ( #589, #618, #1215, #165, #1515, #118 ), #417 ) ;
#1619 = FACE_OUTER_BOUND ( 'NONE', #632, .T. ) ;
#1620 = ORIENTED_EDGE ( 'NONE', *, *, #1502, .F. ) ;
#1621 = PLANE ( 'NONE',  #682 ) ;
#1622 = ORIENTED_EDGE ( 'NONE', *, *, #1466, .F. ) ;
#1623 = DIRECTION ( 'NONE',  ( 1.000000000000000000, -0.000000000000000000, 0.000000000000000000 ) ) ;
#1624 = DIRECTION ( 'NONE',  ( 1.000000000000000000, 0.000000000000000000, 0.000000000000000000 ) ) ;
#1625 = ORIENTED_EDGE ( 'NONE', *, *, #1327, .T. ) ;
#1626 = VERTEX_POINT ( 'NONE', #1080 ) ;
#1627 = CARTESIAN_POINT ( 'NONE',  ( 3.440000000000000835, 1.089043047383090990, 7.237116754413131403 ) ) ;
#1628 = EDGE_CURVE ( 'NONE', #466, #1249, #1178, .T. ) ;
#1629 = FACE_OUTER_BOUND ( 'NONE', #629, .T. ) ;
#1630 = VECTOR ( 'NONE', #391, 1000.000000000000000 ) ;
#1631 = ORIENTED_EDGE ( 'NONE', *, *, #1646, .F. ) ;
#1632 = FACE_OUTER_BOUND ( 'NONE', #28, .T. ) ;
#1633 = FACE_OUTER_BOUND ( 'NONE', #302, .T. ) ;
#1634 = EDGE_LOOP ( 'NONE', ( #1353, #253, #1279, #377 ) ) ;
#1635 = DIRECTION ( 'NONE',  ( 0.000000000000000000, 0.000000000000000000, -1.000000000000000000 ) ) ;
#1636 = EDGE_CURVE ( 'NONE', #22, #826, #587, .T. ) ;
#1637 = DIRECTION ( 'NONE',  ( 1.000000000000000000, 0.000000000000000000, -0.000000000000000000 ) ) ;
#1638 = VECTOR ( 'NONE', #457, 1000.000000000000000 ) ;
#1639 = CARTESIAN_POINT ( 'NONE',  ( 0.2700000000000011280, 0.2500000000000011102, 3.250000000000000444 ) ) ;
#1640 = ORIENTED_EDGE ( 'NONE', *, *, #454, .F. ) ;
#1641 = ADVANCED_FACE ( 'NONE', ( #143 ), #182, .T. ) ;
#1642 = DIRECTION ( 'NONE',  ( -0.000000000000000000, -0.000000000000000000, -1.000000000000000000 ) ) ;
#1643 = AXIS2_PLACEMENT_3D ( 'NONE', #246, #240, #1289 ) ;
#1644 = CARTESIAN_POINT ( 'NONE',  ( -5.330000000000000071, 2.500000000000000000, 4.250000000000000000 ) ) ;
#1645 = ORIENTED_EDGE ( 'NONE', *, *, #333, .T. ) ;
#1646 = EDGE_CURVE ( 'NONE', #658, #211, #1658, .T. ) ;
#1647 = CARTESIAN_POINT ( 'NONE',  ( 4.809999999999999609, 2.250000000000000888, 3.250000000000000444 ) ) ;
#1648 = LINE ( 'NONE', #657, #1047 ) ;
#1649 = DIRECTION ( 'NONE',  ( -1.000000000000000000, 5.860552283705441712E-16, -0.000000000000000000 ) ) ;
#1650 = ORIENTED_EDGE ( 'NONE', *, *, #122, .T. ) ;
#1651 = CARTESIAN_POINT ( 'NONE',  ( 3.440000000000000391, 0.8800000000000003375, 7.349999999999999645 ) ) ;
#1652 = DIRECTION ( 'NONE',  ( -0.000000000000000000, -0.000000000000000000, -1.000000000000000000 ) ) ;
#1653 = VECTOR ( 'NONE', #918, 1000.000000000000000 ) ;
#1654 = LINE ( 'NONE', #593, #869 ) ;
#1655 = VECTOR ( 'NONE', #1397, 1000.000000000000000 ) ;
#1656 = CARTESIAN_POINT ( 'NONE',  ( 0.2700000000000011280, 0.2500000000000011102, 3.250000000000000444 ) ) ;
#1657 = AXIS2_PLACEMENT_3D ( 'NONE', #1328, #1473, #939 ) ;
#1658 = LINE ( 'NONE', #705, #328 ) ;
#1659 = ADVANCED_FACE ( 'NONE', ( #236 ), #1362, .F. ) ;
#1660 = CARTESIAN_POINT ( 'NONE',  ( 3.440000000000000835, 1.350000000000000755, 7.349999999999999645 ) ) ;
#1661 = ORIENTED_EDGE ( 'NONE', *, *, #1503, .F. ) ;
#1662 = DIRECTION ( 'NONE',  ( 1.000000000000000000, 0.000000000000000000, 0.000000000000000000 ) ) ;
#1663 = ORIENTED_EDGE ( 'NONE', *, *, #511, .F. ) ;
#1664 = EDGE_CURVE ( 'NONE', #1117, #541, #1257, .T. ) ;
#1665 = AXIS2_PLACEMENT_3D ( 'NONE', #823, #947, #162 ) ;
#1666 = CARTESIAN_POINT ( 'NONE',  ( 0.000000000000000000, 0.000000000000000000, 7.349999999999999645 ) ) ;
#1667 = ORIENTED_EDGE ( 'NONE', *, *, #164, .T. ) ;
#1668 = UNCERTAINTY_MEASURE_WITH_UNIT (LENGTH_MEASURE( 1.000000000000000082E-05 ), #781, 'distance_accuracy_value', 'NONE');
#1669 = ORIENTED_EDGE ( 'NONE', *, *, #245, .T. ) ;
#1670 = EDGE_CURVE ( 'NONE', #159, #1571, #1483, .T. ) ;
#1671 = DIRECTION ( 'NONE',  ( 1.000000000000000000, -1.172110456741085187E-15, 0.000000000000000000 ) ) ;
#1672 = SURFACE_SIDE_STYLE ('',( #1357 ) ) ;
#1673 = VECTOR ( 'NONE', #992, 1000.000000000000000 ) ;
#1674 = EDGE_CURVE ( 'NONE', #163, #1295, #1604, .T. ) ;
#1675 = CARTESIAN_POINT ( 'NONE',  ( -0.9000000000000002442, 1.620000000000000329, 7.349999999999999645 ) ) ;
#1676 = LINE ( 'NONE', #915, #296 ) ;
#1677 = DIRECTION ( 'NONE',  ( -0.000000000000000000, -1.000000000000000000, -0.000000000000000000 ) ) ;
#1678 = ORIENTED_EDGE ( 'NONE', *, *, #1323, .T. ) ;
#1679 = LINE ( 'NONE', #471, #411 ) ;
#1680 = ADVANCED_FACE ( 'NONE', ( #1564 ), #1621, .T. ) ;
#1681 = CARTESIAN_POINT ( 'NONE',  ( 1.640000000000000124, 1.243889749148343604, 7.546500464540105035 ) ) ;
#1682 = CARTESIAN_POINT ( 'NONE',  ( 0.2700000000000011280, 0.2500000000000011102, 3.250000000000000444 ) ) ;
#1683 = VECTOR ( 'NONE', #1490, 1000.000000000000000 ) ;
#1684 = CARTESIAN_POINT ( 'NONE',  ( -2.269999999999999130, 2.250000000000000444, 3.250000000000000444 ) ) ;
#1685 = CARTESIAN_POINT ( 'NONE',  ( -4.809999999999999609, 2.250000000000000444, 3.250000000000000444 ) ) ;
#1686 = LINE ( 'NONE', #1220, #938 ) ;
#1687 = DIRECTION ( 'NONE',  ( -0.000000000000000000, -0.000000000000000000, -1.000000000000000000 ) ) ;
#1688 = AXIS2_PLACEMENT_3D ( 'NONE', #1485, #579, #1359 ) ;
#1689 = ORIENTED_EDGE ( 'NONE', *, *, #946, .T. ) ;
#1690 = CARTESIAN_POINT ( 'NONE',  ( 0.000000000000000000, 1.150000000000000577, 7.349999999999999645 ) ) ;
#1691 = CARTESIAN_POINT ( 'NONE',  ( 5.330000000000000959, 1.350000000000000755, 7.349999999999999645 ) ) ;
#1692 = ORIENTED_EDGE ( 'NONE', *, *, #949, .F. ) ;
#1693 = CARTESIAN_POINT ( 'NONE',  ( -3.439999999999999947, 0.8800000000000003375, 7.349999999999999645 ) ) ;
#1694 =( LENGTH_UNIT ( ) NAMED_UNIT ( * ) SI_UNIT ( .MILLI., .METRE. ) );
ENDSEC;
END-ISO-10303-21;
