ISO-10303-21;
HEADER;
/* Generated by software containing ST-Developer
 * from STEP Tools, Inc. (www.steptools.com) 
 */
/* OPTION: strings as raw bytes, not using required /X/ escapes */

FILE_DESCRIPTION(
/* description */ ('Unknown'),
/* implementation_level */ '2;1');

FILE_NAME(
/* name */ 'CTB1202 2BK',
/* time_stamp */ '2024-10-23T14:55:19+02:00',
/* author */ ('Unknown'),
/* organization */ ('Unknown'),
/* preprocessor_version */ 'ST-DEVELOPER v19.4',
/* originating_system */ 'Solid Edge',
/* authorisation */ 'Unknown');

FILE_SCHEMA (('AUTOMOTIVE_DESIGN {1 0 10303 214 3 1 1}'));
ENDSEC;

DATA;
#10=PROPERTY_DEFINITION_REPRESENTATION(#14,#12);
#11=PROPERTY_DEFINITION_REPRESENTATION(#15,#13);
#12=REPRESENTATION('',(#16),#3925);
#13=REPRESENTATION('',(#17),#3925);
#14=PROPERTY_DEFINITION('pmi validation property','',#3930);
#15=PROPERTY_DEFINITION('pmi validation property','',#3930);
#16=VALUE_REPRESENTATION_ITEM('number of annotations',COUNT_MEASURE(0.));
#17=VALUE_REPRESENTATION_ITEM('number of views',COUNT_MEASURE(0.));
#18=SHAPE_REPRESENTATION_RELATIONSHIP('','',#2643,#19);
#19=ADVANCED_BREP_SHAPE_REPRESENTATION('',(#2641),#3925);
#20=TOROIDAL_SURFACE('',#2673,1.65,0.35);
#21=TOROIDAL_SURFACE('',#2703,0.275,0.2);
#22=TOROIDAL_SURFACE('',#2705,0.275,0.2);
#23=TOROIDAL_SURFACE('',#2790,1.65,0.35);
#24=TOROIDAL_SURFACE('',#2821,1.64999999999999,0.3);
#25=TOROIDAL_SURFACE('',#2822,1.64999999999999,0.3);
#26=TOROIDAL_SURFACE('',#2823,1.64999999999999,0.3);
#27=TOROIDAL_SURFACE('',#2824,1.64999999999999,0.3);
#28=CONICAL_SURFACE('',#2669,1.94999999999999,1.21740142767232);
#29=CONICAL_SURFACE('',#2755,1.94999999999999,1.21740142767232);
#30=CYLINDRICAL_SURFACE('',#2665,1.94999999999999);
#31=CYLINDRICAL_SURFACE('',#2671,1.65);
#32=CYLINDRICAL_SURFACE('',#2675,2.);
#33=CYLINDRICAL_SURFACE('',#2682,0.2);
#34=CYLINDRICAL_SURFACE('',#2688,0.5);
#35=CYLINDRICAL_SURFACE('',#2693,0.2);
#36=CYLINDRICAL_SURFACE('',#2699,0.5);
#37=CYLINDRICAL_SURFACE('',#2720,0.558904781221497);
#38=CYLINDRICAL_SURFACE('',#2725,0.258904781221497);
#39=CYLINDRICAL_SURFACE('',#2728,0.558904781221497);
#40=CYLINDRICAL_SURFACE('',#2733,0.258904781221497);
#41=CYLINDRICAL_SURFACE('',#2736,0.475);
#42=CYLINDRICAL_SURFACE('',#2738,0.475);
#43=CYLINDRICAL_SURFACE('',#2740,1.94999999999999);
#44=CYLINDRICAL_SURFACE('',#2753,1.5);
#45=CYLINDRICAL_SURFACE('',#2758,1.5);
#46=CYLINDRICAL_SURFACE('',#2771,0.5);
#47=CYLINDRICAL_SURFACE('',#2774,0.5);
#48=CYLINDRICAL_SURFACE('',#2780,1.65);
#49=CYLINDRICAL_SURFACE('',#2798,0.9);
#50=CYLINDRICAL_SURFACE('',#2800,2.);
#51=CYLINDRICAL_SURFACE('',#2802,0.9);
#52=CYLINDRICAL_SURFACE('',#2808,0.05);
#53=CYLINDRICAL_SURFACE('',#2810,0.05);
#54=CYLINDRICAL_SURFACE('',#2819,0.05);
#55=CYLINDRICAL_SURFACE('',#2820,0.05);
#56=B_SPLINE_CURVE_WITH_KNOTS('',3,(#3425,#3426,#3427,#3428),
 .UNSPECIFIED.,.F.,.F.,(4,4),(0.,0.000500279353815157),.UNSPECIFIED.);
#57=B_SPLINE_CURVE_WITH_KNOTS('',3,(#3429,#3430,#3431,#3432),
 .UNSPECIFIED.,.F.,.F.,(4,4),(3.25260651745651E-19,0.000500161891023716),
 .UNSPECIFIED.);
#58=B_SPLINE_CURVE_WITH_KNOTS('',3,(#3441,#3442,#3443,#3444),
 .UNSPECIFIED.,.F.,.F.,(4,4),(3.74638526433389E-18,0.000500279353815155),
 .UNSPECIFIED.);
#59=B_SPLINE_CURVE_WITH_KNOTS('',3,(#3445,#3446,#3447,#3448),
 .UNSPECIFIED.,.F.,.F.,(4,4),(8.68314127178124E-19,0.000500161891023711),
 .UNSPECIFIED.);
#60=B_SPLINE_CURVE_WITH_KNOTS('',3,(#3584,#3585,#3586,#3587),
 .UNSPECIFIED.,.F.,.F.,(4,4),(3.7698443869E-18,0.000500279353815155),
 .UNSPECIFIED.);
#61=B_SPLINE_CURVE_WITH_KNOTS('',3,(#3588,#3589,#3590,#3591),
 .UNSPECIFIED.,.F.,.F.,(4,4),(1.09263967073042E-19,0.000500161891023711),
 .UNSPECIFIED.);
#62=B_SPLINE_CURVE_WITH_KNOTS('',3,(#3605,#3606,#3607,#3608),
 .UNSPECIFIED.,.F.,.F.,(4,4),(0.,0.000500279353815157),.UNSPECIFIED.);
#63=B_SPLINE_CURVE_WITH_KNOTS('',3,(#3609,#3610,#3611,#3612),
 .UNSPECIFIED.,.F.,.F.,(4,4),(1.73810830548999E-18,0.000500161891023717),
 .UNSPECIFIED.);
#64=ELLIPSE('',#2657,5.70141858031794,1.94999999999999);
#65=ELLIPSE('',#2658,5.70141858031794,1.94999999999999);
#66=ELLIPSE('',#2660,5.70141858031803,1.94999999999999);
#67=ELLIPSE('',#2661,5.70141858031803,1.94999999999999);
#68=ELLIPSE('',#2683,0.207055236082017,0.2);
#69=ELLIPSE('',#2684,0.207055236082017,0.2);
#70=ELLIPSE('',#2689,0.517638090205041,0.5);
#71=ELLIPSE('',#2690,0.517638090205041,0.5);
#72=ELLIPSE('',#2694,0.207055236082017,0.2);
#73=ELLIPSE('',#2695,0.207055236082017,0.2);
#74=ELLIPSE('',#2700,0.517638090205041,0.5);
#75=ELLIPSE('',#2701,0.517638090205041,0.5);
#76=ELLIPSE('',#2710,5.70141858031803,1.94999999999999);
#77=ELLIPSE('',#2711,5.70141858031803,1.94999999999999);
#78=ELLIPSE('',#2715,5.70141858031794,1.94999999999999);
#79=ELLIPSE('',#2716,5.70141858031794,1.94999999999999);
#80=ELLIPSE('',#2721,0.578620807115925,0.558904781221497);
#81=ELLIPSE('',#2722,0.578620807115925,0.558904781221497);
#82=ELLIPSE('',#2724,0.2680379529929,0.258904781221497);
#83=ELLIPSE('',#2726,0.2680379529929,0.258904781221497);
#84=ELLIPSE('',#2729,0.578620807115925,0.558904781221497);
#85=ELLIPSE('',#2730,0.578620807115925,0.558904781221497);
#86=ELLIPSE('',#2732,0.2680379529929,0.258904781221497);
#87=ELLIPSE('',#2734,0.2680379529929,0.258904781221497);
#88=ELLIPSE('',#2809,0.0707106781186547,0.05);
#89=ELLIPSE('',#2811,0.0707106781186547,0.05);
#90=CIRCLE('',#2646,0.5);
#91=CIRCLE('',#2647,0.5);
#92=CIRCLE('',#2648,0.05);
#93=CIRCLE('',#2649,0.05);
#94=CIRCLE('',#2650,0.05);
#95=CIRCLE('',#2651,0.05);
#96=CIRCLE('',#2653,1.64999999999999);
#97=CIRCLE('',#2655,1.64999999999999);
#98=CIRCLE('',#2663,1.94999999999999);
#99=CIRCLE('',#2664,1.94999999999999);
#100=CIRCLE('',#2666,1.94999999999999);
#101=CIRCLE('',#2667,1.94999999999999);
#102=CIRCLE('',#2668,1.94999999999999);
#103=CIRCLE('',#2670,1.64999999999999);
#104=CIRCLE('',#2672,1.65);
#105=CIRCLE('',#2674,2.);
#106=CIRCLE('',#2676,2.);
#107=CIRCLE('',#2678,0.275);
#108=CIRCLE('',#2680,0.275);
#109=CIRCLE('',#2704,0.475);
#110=CIRCLE('',#2706,0.475);
#111=CIRCLE('',#2708,1.64999999999999);
#112=CIRCLE('',#2713,1.64999999999999);
#113=CIRCLE('',#2718,1.94999999999999);
#114=CIRCLE('',#2719,1.94999999999999);
#115=CIRCLE('',#2737,0.475);
#116=CIRCLE('',#2739,0.475);
#117=CIRCLE('',#2741,1.94999999999999);
#118=CIRCLE('',#2742,1.94999999999999);
#119=CIRCLE('',#2743,1.94999999999999);
#120=CIRCLE('',#2745,1.5);
#121=CIRCLE('',#2747,1.5);
#122=CIRCLE('',#2749,0.5);
#123=CIRCLE('',#2751,0.5);
#124=CIRCLE('',#2754,1.5);
#125=CIRCLE('',#2756,1.64999999999999);
#126=CIRCLE('',#2759,1.5);
#127=CIRCLE('',#2781,1.65);
#128=CIRCLE('',#2789,0.9);
#129=CIRCLE('',#2791,2.);
#130=CIRCLE('',#2793,0.9);
#131=CIRCLE('',#2799,0.9);
#132=CIRCLE('',#2801,2.);
#133=CIRCLE('',#2803,0.9);
#134=CIRCLE('',#2816,0.05);
#135=CIRCLE('',#2817,0.05);
#136=ORIENTED_EDGE('',*,*,#644,.F.);
#137=ORIENTED_EDGE('',*,*,#645,.T.);
#138=ORIENTED_EDGE('',*,*,#646,.F.);
#139=ORIENTED_EDGE('',*,*,#647,.T.);
#140=ORIENTED_EDGE('',*,*,#648,.T.);
#141=ORIENTED_EDGE('',*,*,#649,.T.);
#142=ORIENTED_EDGE('',*,*,#650,.F.);
#143=ORIENTED_EDGE('',*,*,#651,.T.);
#144=ORIENTED_EDGE('',*,*,#652,.T.);
#145=ORIENTED_EDGE('',*,*,#653,.T.);
#146=ORIENTED_EDGE('',*,*,#654,.F.);
#147=ORIENTED_EDGE('',*,*,#655,.F.);
#148=ORIENTED_EDGE('',*,*,#656,.T.);
#149=ORIENTED_EDGE('',*,*,#657,.T.);
#150=ORIENTED_EDGE('',*,*,#658,.T.);
#151=ORIENTED_EDGE('',*,*,#659,.T.);
#152=ORIENTED_EDGE('',*,*,#660,.T.);
#153=ORIENTED_EDGE('',*,*,#661,.F.);
#154=ORIENTED_EDGE('',*,*,#662,.T.);
#155=ORIENTED_EDGE('',*,*,#663,.T.);
#156=ORIENTED_EDGE('',*,*,#664,.F.);
#157=ORIENTED_EDGE('',*,*,#665,.F.);
#158=ORIENTED_EDGE('',*,*,#666,.F.);
#159=ORIENTED_EDGE('',*,*,#667,.F.);
#160=ORIENTED_EDGE('',*,*,#668,.F.);
#161=ORIENTED_EDGE('',*,*,#669,.T.);
#162=ORIENTED_EDGE('',*,*,#670,.T.);
#163=ORIENTED_EDGE('',*,*,#671,.T.);
#164=ORIENTED_EDGE('',*,*,#672,.T.);
#165=ORIENTED_EDGE('',*,*,#673,.T.);
#166=ORIENTED_EDGE('',*,*,#668,.T.);
#167=ORIENTED_EDGE('',*,*,#674,.T.);
#168=ORIENTED_EDGE('',*,*,#675,.F.);
#169=ORIENTED_EDGE('',*,*,#676,.F.);
#170=ORIENTED_EDGE('',*,*,#677,.F.);
#171=ORIENTED_EDGE('',*,*,#678,.T.);
#172=ORIENTED_EDGE('',*,*,#670,.F.);
#173=ORIENTED_EDGE('',*,*,#679,.T.);
#174=ORIENTED_EDGE('',*,*,#680,.T.);
#175=ORIENTED_EDGE('',*,*,#681,.T.);
#176=ORIENTED_EDGE('',*,*,#682,.T.);
#177=ORIENTED_EDGE('',*,*,#676,.T.);
#178=ORIENTED_EDGE('',*,*,#683,.F.);
#179=ORIENTED_EDGE('',*,*,#681,.F.);
#180=ORIENTED_EDGE('',*,*,#684,.F.);
#181=ORIENTED_EDGE('',*,*,#675,.T.);
#182=ORIENTED_EDGE('',*,*,#685,.T.);
#183=ORIENTED_EDGE('',*,*,#672,.F.);
#184=ORIENTED_EDGE('',*,*,#682,.F.);
#185=ORIENTED_EDGE('',*,*,#680,.F.);
#186=ORIENTED_EDGE('',*,*,#686,.T.);
#187=ORIENTED_EDGE('',*,*,#677,.T.);
#188=ORIENTED_EDGE('',*,*,#683,.T.);
#189=ORIENTED_EDGE('',*,*,#687,.F.);
#190=ORIENTED_EDGE('',*,*,#684,.T.);
#191=ORIENTED_EDGE('',*,*,#688,.F.);
#192=ORIENTED_EDGE('',*,*,#687,.T.);
#193=ORIENTED_EDGE('',*,*,#689,.F.);
#194=ORIENTED_EDGE('',*,*,#688,.T.);
#195=ORIENTED_EDGE('',*,*,#690,.F.);
#196=ORIENTED_EDGE('',*,*,#689,.T.);
#197=ORIENTED_EDGE('',*,*,#691,.T.);
#198=ORIENTED_EDGE('',*,*,#692,.T.);
#199=ORIENTED_EDGE('',*,*,#693,.F.);
#200=ORIENTED_EDGE('',*,*,#694,.F.);
#201=ORIENTED_EDGE('',*,*,#695,.T.);
#202=ORIENTED_EDGE('',*,*,#696,.T.);
#203=ORIENTED_EDGE('',*,*,#697,.F.);
#204=ORIENTED_EDGE('',*,*,#698,.F.);
#205=ORIENTED_EDGE('',*,*,#699,.T.);
#206=ORIENTED_EDGE('',*,*,#694,.T.);
#207=ORIENTED_EDGE('',*,*,#700,.F.);
#208=ORIENTED_EDGE('',*,*,#701,.F.);
#209=ORIENTED_EDGE('',*,*,#702,.T.);
#210=ORIENTED_EDGE('',*,*,#698,.T.);
#211=ORIENTED_EDGE('',*,*,#703,.F.);
#212=ORIENTED_EDGE('',*,*,#704,.F.);
#213=ORIENTED_EDGE('',*,*,#705,.T.);
#214=ORIENTED_EDGE('',*,*,#701,.T.);
#215=ORIENTED_EDGE('',*,*,#706,.F.);
#216=ORIENTED_EDGE('',*,*,#707,.F.);
#217=ORIENTED_EDGE('',*,*,#708,.T.);
#218=ORIENTED_EDGE('',*,*,#704,.T.);
#219=ORIENTED_EDGE('',*,*,#709,.F.);
#220=ORIENTED_EDGE('',*,*,#710,.F.);
#221=ORIENTED_EDGE('',*,*,#711,.T.);
#222=ORIENTED_EDGE('',*,*,#707,.T.);
#223=ORIENTED_EDGE('',*,*,#712,.F.);
#224=ORIENTED_EDGE('',*,*,#713,.F.);
#225=ORIENTED_EDGE('',*,*,#714,.T.);
#226=ORIENTED_EDGE('',*,*,#710,.T.);
#227=ORIENTED_EDGE('',*,*,#715,.F.);
#228=ORIENTED_EDGE('',*,*,#716,.F.);
#229=ORIENTED_EDGE('',*,*,#717,.T.);
#230=ORIENTED_EDGE('',*,*,#718,.T.);
#231=ORIENTED_EDGE('',*,*,#719,.F.);
#232=ORIENTED_EDGE('',*,*,#720,.F.);
#233=ORIENTED_EDGE('',*,*,#721,.T.);
#234=ORIENTED_EDGE('',*,*,#716,.T.);
#235=ORIENTED_EDGE('',*,*,#722,.F.);
#236=ORIENTED_EDGE('',*,*,#723,.F.);
#237=ORIENTED_EDGE('',*,*,#724,.T.);
#238=ORIENTED_EDGE('',*,*,#720,.T.);
#239=ORIENTED_EDGE('',*,*,#725,.F.);
#240=ORIENTED_EDGE('',*,*,#726,.F.);
#241=ORIENTED_EDGE('',*,*,#727,.T.);
#242=ORIENTED_EDGE('',*,*,#723,.T.);
#243=ORIENTED_EDGE('',*,*,#728,.F.);
#244=ORIENTED_EDGE('',*,*,#729,.F.);
#245=ORIENTED_EDGE('',*,*,#730,.T.);
#246=ORIENTED_EDGE('',*,*,#726,.T.);
#247=ORIENTED_EDGE('',*,*,#731,.F.);
#248=ORIENTED_EDGE('',*,*,#732,.F.);
#249=ORIENTED_EDGE('',*,*,#733,.T.);
#250=ORIENTED_EDGE('',*,*,#729,.T.);
#251=ORIENTED_EDGE('',*,*,#734,.F.);
#252=ORIENTED_EDGE('',*,*,#735,.F.);
#253=ORIENTED_EDGE('',*,*,#736,.T.);
#254=ORIENTED_EDGE('',*,*,#732,.T.);
#255=ORIENTED_EDGE('',*,*,#691,.F.);
#256=ORIENTED_EDGE('',*,*,#737,.F.);
#257=ORIENTED_EDGE('',*,*,#692,.F.);
#258=ORIENTED_EDGE('',*,*,#738,.F.);
#259=ORIENTED_EDGE('',*,*,#739,.T.);
#260=ORIENTED_EDGE('',*,*,#740,.T.);
#261=ORIENTED_EDGE('',*,*,#741,.F.);
#262=ORIENTED_EDGE('',*,*,#742,.T.);
#263=ORIENTED_EDGE('',*,*,#739,.F.);
#264=ORIENTED_EDGE('',*,*,#743,.T.);
#265=ORIENTED_EDGE('',*,*,#744,.T.);
#266=ORIENTED_EDGE('',*,*,#745,.T.);
#267=ORIENTED_EDGE('',*,*,#746,.F.);
#268=ORIENTED_EDGE('',*,*,#747,.T.);
#269=ORIENTED_EDGE('',*,*,#748,.T.);
#270=ORIENTED_EDGE('',*,*,#749,.T.);
#271=ORIENTED_EDGE('',*,*,#746,.T.);
#272=ORIENTED_EDGE('',*,*,#750,.T.);
#273=ORIENTED_EDGE('',*,*,#751,.F.);
#274=ORIENTED_EDGE('',*,*,#752,.F.);
#275=ORIENTED_EDGE('',*,*,#753,.T.);
#276=ORIENTED_EDGE('',*,*,#752,.T.);
#277=ORIENTED_EDGE('',*,*,#754,.F.);
#278=ORIENTED_EDGE('',*,*,#745,.F.);
#279=ORIENTED_EDGE('',*,*,#755,.F.);
#280=ORIENTED_EDGE('',*,*,#756,.T.);
#281=ORIENTED_EDGE('',*,*,#757,.T.);
#282=ORIENTED_EDGE('',*,*,#713,.T.);
#283=ORIENTED_EDGE('',*,*,#758,.F.);
#284=ORIENTED_EDGE('',*,*,#759,.F.);
#285=ORIENTED_EDGE('',*,*,#695,.F.);
#286=ORIENTED_EDGE('',*,*,#699,.F.);
#287=ORIENTED_EDGE('',*,*,#702,.F.);
#288=ORIENTED_EDGE('',*,*,#705,.F.);
#289=ORIENTED_EDGE('',*,*,#708,.F.);
#290=ORIENTED_EDGE('',*,*,#711,.F.);
#291=ORIENTED_EDGE('',*,*,#714,.F.);
#292=ORIENTED_EDGE('',*,*,#757,.F.);
#293=ORIENTED_EDGE('',*,*,#759,.T.);
#294=ORIENTED_EDGE('',*,*,#760,.T.);
#295=ORIENTED_EDGE('',*,*,#761,.F.);
#296=ORIENTED_EDGE('',*,*,#696,.F.);
#297=ORIENTED_EDGE('',*,*,#761,.T.);
#298=ORIENTED_EDGE('',*,*,#762,.T.);
#299=ORIENTED_EDGE('',*,*,#755,.T.);
#300=ORIENTED_EDGE('',*,*,#712,.T.);
#301=ORIENTED_EDGE('',*,*,#709,.T.);
#302=ORIENTED_EDGE('',*,*,#706,.T.);
#303=ORIENTED_EDGE('',*,*,#703,.T.);
#304=ORIENTED_EDGE('',*,*,#700,.T.);
#305=ORIENTED_EDGE('',*,*,#697,.T.);
#306=ORIENTED_EDGE('',*,*,#693,.T.);
#307=ORIENTED_EDGE('',*,*,#763,.F.);
#308=ORIENTED_EDGE('',*,*,#764,.T.);
#309=ORIENTED_EDGE('',*,*,#765,.T.);
#310=ORIENTED_EDGE('',*,*,#735,.T.);
#311=ORIENTED_EDGE('',*,*,#766,.F.);
#312=ORIENTED_EDGE('',*,*,#767,.F.);
#313=ORIENTED_EDGE('',*,*,#717,.F.);
#314=ORIENTED_EDGE('',*,*,#721,.F.);
#315=ORIENTED_EDGE('',*,*,#724,.F.);
#316=ORIENTED_EDGE('',*,*,#727,.F.);
#317=ORIENTED_EDGE('',*,*,#730,.F.);
#318=ORIENTED_EDGE('',*,*,#733,.F.);
#319=ORIENTED_EDGE('',*,*,#736,.F.);
#320=ORIENTED_EDGE('',*,*,#765,.F.);
#321=ORIENTED_EDGE('',*,*,#767,.T.);
#322=ORIENTED_EDGE('',*,*,#768,.T.);
#323=ORIENTED_EDGE('',*,*,#769,.F.);
#324=ORIENTED_EDGE('',*,*,#718,.F.);
#325=ORIENTED_EDGE('',*,*,#769,.T.);
#326=ORIENTED_EDGE('',*,*,#770,.T.);
#327=ORIENTED_EDGE('',*,*,#763,.T.);
#328=ORIENTED_EDGE('',*,*,#734,.T.);
#329=ORIENTED_EDGE('',*,*,#731,.T.);
#330=ORIENTED_EDGE('',*,*,#728,.T.);
#331=ORIENTED_EDGE('',*,*,#725,.T.);
#332=ORIENTED_EDGE('',*,*,#722,.T.);
#333=ORIENTED_EDGE('',*,*,#719,.T.);
#334=ORIENTED_EDGE('',*,*,#715,.T.);
#335=ORIENTED_EDGE('',*,*,#737,.T.);
#336=ORIENTED_EDGE('',*,*,#771,.F.);
#337=ORIENTED_EDGE('',*,*,#772,.F.);
#338=ORIENTED_EDGE('',*,*,#738,.T.);
#339=ORIENTED_EDGE('',*,*,#773,.F.);
#340=ORIENTED_EDGE('',*,*,#744,.F.);
#341=ORIENTED_EDGE('',*,*,#774,.T.);
#342=ORIENTED_EDGE('',*,*,#741,.T.);
#343=ORIENTED_EDGE('',*,*,#754,.T.);
#344=ORIENTED_EDGE('',*,*,#751,.T.);
#345=ORIENTED_EDGE('',*,*,#775,.T.);
#346=ORIENTED_EDGE('',*,*,#748,.F.);
#347=ORIENTED_EDGE('',*,*,#753,.F.);
#348=ORIENTED_EDGE('',*,*,#762,.F.);
#349=ORIENTED_EDGE('',*,*,#760,.F.);
#350=ORIENTED_EDGE('',*,*,#758,.T.);
#351=ORIENTED_EDGE('',*,*,#756,.F.);
#352=ORIENTED_EDGE('',*,*,#776,.F.);
#353=ORIENTED_EDGE('',*,*,#777,.F.);
#354=ORIENTED_EDGE('',*,*,#778,.T.);
#355=ORIENTED_EDGE('',*,*,#779,.T.);
#356=ORIENTED_EDGE('',*,*,#780,.T.);
#357=ORIENTED_EDGE('',*,*,#781,.T.);
#358=ORIENTED_EDGE('',*,*,#782,.F.);
#359=ORIENTED_EDGE('',*,*,#770,.F.);
#360=ORIENTED_EDGE('',*,*,#768,.F.);
#361=ORIENTED_EDGE('',*,*,#766,.T.);
#362=ORIENTED_EDGE('',*,*,#764,.F.);
#363=ORIENTED_EDGE('',*,*,#783,.F.);
#364=ORIENTED_EDGE('',*,*,#784,.F.);
#365=ORIENTED_EDGE('',*,*,#785,.T.);
#366=ORIENTED_EDGE('',*,*,#786,.T.);
#367=ORIENTED_EDGE('',*,*,#787,.T.);
#368=ORIENTED_EDGE('',*,*,#788,.T.);
#369=ORIENTED_EDGE('',*,*,#789,.F.);
#370=ORIENTED_EDGE('',*,*,#771,.T.);
#371=ORIENTED_EDGE('',*,*,#790,.T.);
#372=ORIENTED_EDGE('',*,*,#791,.T.);
#373=ORIENTED_EDGE('',*,*,#780,.F.);
#374=ORIENTED_EDGE('',*,*,#792,.F.);
#375=ORIENTED_EDGE('',*,*,#772,.T.);
#376=ORIENTED_EDGE('',*,*,#793,.T.);
#377=ORIENTED_EDGE('',*,*,#794,.T.);
#378=ORIENTED_EDGE('',*,*,#787,.F.);
#379=ORIENTED_EDGE('',*,*,#795,.F.);
#380=ORIENTED_EDGE('',*,*,#796,.F.);
#381=ORIENTED_EDGE('',*,*,#797,.T.);
#382=ORIENTED_EDGE('',*,*,#798,.T.);
#383=ORIENTED_EDGE('',*,*,#799,.F.);
#384=ORIENTED_EDGE('',*,*,#776,.T.);
#385=ORIENTED_EDGE('',*,*,#800,.T.);
#386=ORIENTED_EDGE('',*,*,#801,.F.);
#387=ORIENTED_EDGE('',*,*,#773,.T.);
#388=ORIENTED_EDGE('',*,*,#802,.F.);
#389=ORIENTED_EDGE('',*,*,#803,.T.);
#390=ORIENTED_EDGE('',*,*,#804,.T.);
#391=ORIENTED_EDGE('',*,*,#805,.F.);
#392=ORIENTED_EDGE('',*,*,#783,.T.);
#393=ORIENTED_EDGE('',*,*,#806,.T.);
#394=ORIENTED_EDGE('',*,*,#781,.F.);
#395=ORIENTED_EDGE('',*,*,#807,.T.);
#396=ORIENTED_EDGE('',*,*,#808,.F.);
#397=ORIENTED_EDGE('',*,*,#809,.T.);
#398=ORIENTED_EDGE('',*,*,#810,.F.);
#399=ORIENTED_EDGE('',*,*,#782,.T.);
#400=ORIENTED_EDGE('',*,*,#809,.F.);
#401=ORIENTED_EDGE('',*,*,#811,.F.);
#402=ORIENTED_EDGE('',*,*,#812,.F.);
#403=ORIENTED_EDGE('',*,*,#777,.T.);
#404=ORIENTED_EDGE('',*,*,#810,.T.);
#405=ORIENTED_EDGE('',*,*,#813,.F.);
#406=ORIENTED_EDGE('',*,*,#778,.F.);
#407=ORIENTED_EDGE('',*,*,#812,.T.);
#408=ORIENTED_EDGE('',*,*,#814,.T.);
#409=ORIENTED_EDGE('',*,*,#815,.T.);
#410=ORIENTED_EDGE('',*,*,#816,.F.);
#411=ORIENTED_EDGE('',*,*,#779,.F.);
#412=ORIENTED_EDGE('',*,*,#815,.F.);
#413=ORIENTED_EDGE('',*,*,#817,.F.);
#414=ORIENTED_EDGE('',*,*,#788,.F.);
#415=ORIENTED_EDGE('',*,*,#818,.T.);
#416=ORIENTED_EDGE('',*,*,#819,.F.);
#417=ORIENTED_EDGE('',*,*,#820,.T.);
#418=ORIENTED_EDGE('',*,*,#821,.F.);
#419=ORIENTED_EDGE('',*,*,#789,.T.);
#420=ORIENTED_EDGE('',*,*,#820,.F.);
#421=ORIENTED_EDGE('',*,*,#822,.F.);
#422=ORIENTED_EDGE('',*,*,#823,.F.);
#423=ORIENTED_EDGE('',*,*,#784,.T.);
#424=ORIENTED_EDGE('',*,*,#821,.T.);
#425=ORIENTED_EDGE('',*,*,#824,.F.);
#426=ORIENTED_EDGE('',*,*,#785,.F.);
#427=ORIENTED_EDGE('',*,*,#823,.T.);
#428=ORIENTED_EDGE('',*,*,#825,.T.);
#429=ORIENTED_EDGE('',*,*,#826,.T.);
#430=ORIENTED_EDGE('',*,*,#827,.F.);
#431=ORIENTED_EDGE('',*,*,#786,.F.);
#432=ORIENTED_EDGE('',*,*,#826,.F.);
#433=ORIENTED_EDGE('',*,*,#828,.F.);
#434=ORIENTED_EDGE('',*,*,#649,.F.);
#435=ORIENTED_EDGE('',*,*,#829,.T.);
#436=ORIENTED_EDGE('',*,*,#792,.T.);
#437=ORIENTED_EDGE('',*,*,#816,.T.);
#438=ORIENTED_EDGE('',*,*,#830,.T.);
#439=ORIENTED_EDGE('',*,*,#790,.F.);
#440=ORIENTED_EDGE('',*,*,#829,.F.);
#441=ORIENTED_EDGE('',*,*,#648,.F.);
#442=ORIENTED_EDGE('',*,*,#831,.F.);
#443=ORIENTED_EDGE('',*,*,#791,.F.);
#444=ORIENTED_EDGE('',*,*,#831,.T.);
#445=ORIENTED_EDGE('',*,*,#647,.F.);
#446=ORIENTED_EDGE('',*,*,#832,.T.);
#447=ORIENTED_EDGE('',*,*,#807,.F.);
#448=ORIENTED_EDGE('',*,*,#653,.F.);
#449=ORIENTED_EDGE('',*,*,#833,.T.);
#450=ORIENTED_EDGE('',*,*,#795,.T.);
#451=ORIENTED_EDGE('',*,*,#827,.T.);
#452=ORIENTED_EDGE('',*,*,#834,.T.);
#453=ORIENTED_EDGE('',*,*,#793,.F.);
#454=ORIENTED_EDGE('',*,*,#833,.F.);
#455=ORIENTED_EDGE('',*,*,#652,.F.);
#456=ORIENTED_EDGE('',*,*,#835,.F.);
#457=ORIENTED_EDGE('',*,*,#794,.F.);
#458=ORIENTED_EDGE('',*,*,#835,.T.);
#459=ORIENTED_EDGE('',*,*,#651,.F.);
#460=ORIENTED_EDGE('',*,*,#836,.T.);
#461=ORIENTED_EDGE('',*,*,#818,.F.);
#462=ORIENTED_EDGE('',*,*,#798,.F.);
#463=ORIENTED_EDGE('',*,*,#837,.T.);
#464=ORIENTED_EDGE('',*,*,#838,.F.);
#465=ORIENTED_EDGE('',*,*,#839,.F.);
#466=ORIENTED_EDGE('',*,*,#839,.T.);
#467=ORIENTED_EDGE('',*,*,#840,.F.);
#468=ORIENTED_EDGE('',*,*,#841,.F.);
#469=ORIENTED_EDGE('',*,*,#799,.T.);
#470=ORIENTED_EDGE('',*,*,#842,.F.);
#471=ORIENTED_EDGE('',*,*,#796,.T.);
#472=ORIENTED_EDGE('',*,*,#841,.T.);
#473=ORIENTED_EDGE('',*,*,#843,.T.);
#474=ORIENTED_EDGE('',*,*,#800,.F.);
#475=ORIENTED_EDGE('',*,*,#797,.F.);
#476=ORIENTED_EDGE('',*,*,#842,.T.);
#477=ORIENTED_EDGE('',*,*,#844,.T.);
#478=ORIENTED_EDGE('',*,*,#837,.F.);
#479=ORIENTED_EDGE('',*,*,#845,.F.);
#480=ORIENTED_EDGE('',*,*,#801,.T.);
#481=ORIENTED_EDGE('',*,*,#804,.F.);
#482=ORIENTED_EDGE('',*,*,#846,.T.);
#483=ORIENTED_EDGE('',*,*,#847,.F.);
#484=ORIENTED_EDGE('',*,*,#848,.F.);
#485=ORIENTED_EDGE('',*,*,#848,.T.);
#486=ORIENTED_EDGE('',*,*,#849,.F.);
#487=ORIENTED_EDGE('',*,*,#850,.F.);
#488=ORIENTED_EDGE('',*,*,#805,.T.);
#489=ORIENTED_EDGE('',*,*,#851,.F.);
#490=ORIENTED_EDGE('',*,*,#802,.T.);
#491=ORIENTED_EDGE('',*,*,#850,.T.);
#492=ORIENTED_EDGE('',*,*,#852,.T.);
#493=ORIENTED_EDGE('',*,*,#806,.F.);
#494=ORIENTED_EDGE('',*,*,#803,.F.);
#495=ORIENTED_EDGE('',*,*,#851,.T.);
#496=ORIENTED_EDGE('',*,*,#853,.T.);
#497=ORIENTED_EDGE('',*,*,#846,.F.);
#498=ORIENTED_EDGE('',*,*,#854,.T.);
#499=ORIENTED_EDGE('',*,*,#855,.F.);
#500=ORIENTED_EDGE('',*,*,#856,.F.);
#501=ORIENTED_EDGE('',*,*,#857,.T.);
#502=ORIENTED_EDGE('',*,*,#834,.F.);
#503=ORIENTED_EDGE('',*,*,#828,.T.);
#504=ORIENTED_EDGE('',*,*,#825,.F.);
#505=ORIENTED_EDGE('',*,*,#824,.T.);
#506=ORIENTED_EDGE('',*,*,#822,.T.);
#507=ORIENTED_EDGE('',*,*,#819,.T.);
#508=ORIENTED_EDGE('',*,*,#836,.F.);
#509=ORIENTED_EDGE('',*,*,#650,.T.);
#510=ORIENTED_EDGE('',*,*,#830,.F.);
#511=ORIENTED_EDGE('',*,*,#817,.T.);
#512=ORIENTED_EDGE('',*,*,#814,.F.);
#513=ORIENTED_EDGE('',*,*,#813,.T.);
#514=ORIENTED_EDGE('',*,*,#811,.T.);
#515=ORIENTED_EDGE('',*,*,#808,.T.);
#516=ORIENTED_EDGE('',*,*,#832,.F.);
#517=ORIENTED_EDGE('',*,*,#646,.T.);
#518=ORIENTED_EDGE('',*,*,#858,.T.);
#519=ORIENTED_EDGE('',*,*,#857,.F.);
#520=ORIENTED_EDGE('',*,*,#859,.F.);
#521=ORIENTED_EDGE('',*,*,#654,.T.);
#522=ORIENTED_EDGE('',*,*,#860,.F.);
#523=ORIENTED_EDGE('',*,*,#844,.F.);
#524=ORIENTED_EDGE('',*,*,#843,.F.);
#525=ORIENTED_EDGE('',*,*,#840,.T.);
#526=ORIENTED_EDGE('',*,*,#838,.T.);
#527=ORIENTED_EDGE('',*,*,#861,.F.);
#528=ORIENTED_EDGE('',*,*,#845,.T.);
#529=ORIENTED_EDGE('',*,*,#862,.F.);
#530=ORIENTED_EDGE('',*,*,#853,.F.);
#531=ORIENTED_EDGE('',*,*,#852,.F.);
#532=ORIENTED_EDGE('',*,*,#849,.T.);
#533=ORIENTED_EDGE('',*,*,#847,.T.);
#534=ORIENTED_EDGE('',*,*,#863,.F.);
#535=ORIENTED_EDGE('',*,*,#864,.T.);
#536=ORIENTED_EDGE('',*,*,#663,.F.);
#537=ORIENTED_EDGE('',*,*,#865,.F.);
#538=ORIENTED_EDGE('',*,*,#866,.F.);
#539=ORIENTED_EDGE('',*,*,#867,.F.);
#540=ORIENTED_EDGE('',*,*,#854,.F.);
#541=ORIENTED_EDGE('',*,*,#858,.F.);
#542=ORIENTED_EDGE('',*,*,#645,.F.);
#543=ORIENTED_EDGE('',*,*,#868,.T.);
#544=ORIENTED_EDGE('',*,*,#867,.T.);
#545=ORIENTED_EDGE('',*,*,#869,.F.);
#546=ORIENTED_EDGE('',*,*,#870,.F.);
#547=ORIENTED_EDGE('',*,*,#855,.T.);
#548=ORIENTED_EDGE('',*,*,#871,.F.);
#549=ORIENTED_EDGE('',*,*,#872,.T.);
#550=ORIENTED_EDGE('',*,*,#873,.T.);
#551=ORIENTED_EDGE('',*,*,#655,.T.);
#552=ORIENTED_EDGE('',*,*,#859,.T.);
#553=ORIENTED_EDGE('',*,*,#856,.T.);
#554=ORIENTED_EDGE('',*,*,#870,.T.);
#555=ORIENTED_EDGE('',*,*,#874,.T.);
#556=ORIENTED_EDGE('',*,*,#875,.T.);
#557=ORIENTED_EDGE('',*,*,#661,.T.);
#558=ORIENTED_EDGE('',*,*,#865,.T.);
#559=ORIENTED_EDGE('',*,*,#662,.F.);
#560=ORIENTED_EDGE('',*,*,#875,.F.);
#561=ORIENTED_EDGE('',*,*,#876,.T.);
#562=ORIENTED_EDGE('',*,*,#877,.F.);
#563=ORIENTED_EDGE('',*,*,#860,.T.);
#564=ORIENTED_EDGE('',*,*,#878,.F.);
#565=ORIENTED_EDGE('',*,*,#861,.T.);
#566=ORIENTED_EDGE('',*,*,#879,.T.);
#567=ORIENTED_EDGE('',*,*,#862,.T.);
#568=ORIENTED_EDGE('',*,*,#690,.T.);
#569=ORIENTED_EDGE('',*,*,#879,.F.);
#570=ORIENTED_EDGE('',*,*,#878,.T.);
#571=ORIENTED_EDGE('',*,*,#877,.T.);
#572=ORIENTED_EDGE('',*,*,#876,.F.);
#573=ORIENTED_EDGE('',*,*,#874,.F.);
#574=ORIENTED_EDGE('',*,*,#869,.T.);
#575=ORIENTED_EDGE('',*,*,#866,.T.);
#576=ORIENTED_EDGE('',*,*,#873,.F.);
#577=ORIENTED_EDGE('',*,*,#880,.T.);
#578=ORIENTED_EDGE('',*,*,#881,.T.);
#579=ORIENTED_EDGE('',*,*,#656,.F.);
#580=ORIENTED_EDGE('',*,*,#882,.T.);
#581=ORIENTED_EDGE('',*,*,#883,.T.);
#582=ORIENTED_EDGE('',*,*,#884,.T.);
#583=ORIENTED_EDGE('',*,*,#658,.F.);
#584=ORIENTED_EDGE('',*,*,#885,.T.);
#585=ORIENTED_EDGE('',*,*,#886,.T.);
#586=ORIENTED_EDGE('',*,*,#871,.T.);
#587=ORIENTED_EDGE('',*,*,#660,.F.);
#588=ORIENTED_EDGE('',*,*,#881,.F.);
#589=ORIENTED_EDGE('',*,*,#887,.T.);
#590=ORIENTED_EDGE('',*,*,#882,.F.);
#591=ORIENTED_EDGE('',*,*,#657,.F.);
#592=ORIENTED_EDGE('',*,*,#884,.F.);
#593=ORIENTED_EDGE('',*,*,#888,.T.);
#594=ORIENTED_EDGE('',*,*,#885,.F.);
#595=ORIENTED_EDGE('',*,*,#659,.F.);
#596=ORIENTED_EDGE('',*,*,#880,.F.);
#597=ORIENTED_EDGE('',*,*,#872,.F.);
#598=ORIENTED_EDGE('',*,*,#886,.F.);
#599=ORIENTED_EDGE('',*,*,#888,.F.);
#600=ORIENTED_EDGE('',*,*,#883,.F.);
#601=ORIENTED_EDGE('',*,*,#887,.F.);
#602=ORIENTED_EDGE('',*,*,#889,.F.);
#603=ORIENTED_EDGE('',*,*,#890,.T.);
#604=ORIENTED_EDGE('',*,*,#664,.T.);
#605=ORIENTED_EDGE('',*,*,#864,.F.);
#606=ORIENTED_EDGE('',*,*,#644,.T.);
#607=ORIENTED_EDGE('',*,*,#891,.F.);
#608=ORIENTED_EDGE('',*,*,#892,.F.);
#609=ORIENTED_EDGE('',*,*,#868,.F.);
#610=ORIENTED_EDGE('',*,*,#863,.T.);
#611=ORIENTED_EDGE('',*,*,#892,.T.);
#612=ORIENTED_EDGE('',*,*,#893,.T.);
#613=ORIENTED_EDGE('',*,*,#894,.T.);
#614=ORIENTED_EDGE('',*,*,#895,.T.);
#615=ORIENTED_EDGE('',*,*,#889,.T.);
#616=ORIENTED_EDGE('',*,*,#666,.T.);
#617=ORIENTED_EDGE('',*,*,#896,.F.);
#618=ORIENTED_EDGE('',*,*,#894,.F.);
#619=ORIENTED_EDGE('',*,*,#897,.T.);
#620=ORIENTED_EDGE('',*,*,#665,.T.);
#621=ORIENTED_EDGE('',*,*,#890,.F.);
#622=ORIENTED_EDGE('',*,*,#895,.F.);
#623=ORIENTED_EDGE('',*,*,#896,.T.);
#624=ORIENTED_EDGE('',*,*,#667,.T.);
#625=ORIENTED_EDGE('',*,*,#897,.F.);
#626=ORIENTED_EDGE('',*,*,#893,.F.);
#627=ORIENTED_EDGE('',*,*,#891,.T.);
#628=ORIENTED_EDGE('',*,*,#679,.F.);
#629=ORIENTED_EDGE('',*,*,#671,.F.);
#630=ORIENTED_EDGE('',*,*,#678,.F.);
#631=ORIENTED_EDGE('',*,*,#686,.F.);
#632=ORIENTED_EDGE('',*,*,#750,.F.);
#633=ORIENTED_EDGE('',*,*,#747,.F.);
#634=ORIENTED_EDGE('',*,*,#749,.F.);
#635=ORIENTED_EDGE('',*,*,#775,.F.);
#636=ORIENTED_EDGE('',*,*,#743,.F.);
#637=ORIENTED_EDGE('',*,*,#740,.F.);
#638=ORIENTED_EDGE('',*,*,#742,.F.);
#639=ORIENTED_EDGE('',*,*,#774,.F.);
#640=ORIENTED_EDGE('',*,*,#674,.F.);
#641=ORIENTED_EDGE('',*,*,#669,.F.);
#642=ORIENTED_EDGE('',*,*,#673,.F.);
#643=ORIENTED_EDGE('',*,*,#685,.F.);
#644=EDGE_CURVE('',#898,#899,#1074,.T.);
#645=EDGE_CURVE('',#898,#900,#1075,.T.);
#646=EDGE_CURVE('',#901,#900,#1076,.T.);
#647=EDGE_CURVE('',#901,#902,#1077,.T.);
#648=EDGE_CURVE('',#902,#903,#90,.T.);
#649=EDGE_CURVE('',#903,#904,#1078,.T.);
#650=EDGE_CURVE('',#905,#904,#1079,.T.);
#651=EDGE_CURVE('',#905,#906,#1080,.T.);
#652=EDGE_CURVE('',#906,#907,#91,.T.);
#653=EDGE_CURVE('',#907,#908,#1081,.T.);
#654=EDGE_CURVE('',#909,#908,#1082,.T.);
#655=EDGE_CURVE('',#910,#909,#1083,.T.);
#656=EDGE_CURVE('',#910,#911,#1084,.T.);
#657=EDGE_CURVE('',#911,#912,#92,.F.);
#658=EDGE_CURVE('',#912,#913,#1085,.T.);
#659=EDGE_CURVE('',#913,#914,#93,.F.);
#660=EDGE_CURVE('',#914,#915,#1086,.T.);
#661=EDGE_CURVE('',#916,#915,#1087,.T.);
#662=EDGE_CURVE('',#916,#917,#1088,.T.);
#663=EDGE_CURVE('',#917,#918,#1089,.T.);
#664=EDGE_CURVE('',#919,#918,#1090,.T.);
#665=EDGE_CURVE('',#920,#919,#94,.T.);
#666=EDGE_CURVE('',#921,#920,#1091,.T.);
#667=EDGE_CURVE('',#899,#921,#95,.T.);
#668=EDGE_CURVE('',#922,#923,#1092,.T.);
#669=EDGE_CURVE('',#922,#923,#96,.F.);
#670=EDGE_CURVE('',#924,#925,#1093,.T.);
#671=EDGE_CURVE('',#925,#924,#97,.F.);
#672=EDGE_CURVE('',#926,#927,#64,.T.);
#673=EDGE_CURVE('',#927,#922,#56,.T.);
#674=EDGE_CURVE('',#923,#928,#57,.T.);
#675=EDGE_CURVE('',#929,#928,#65,.T.);
#676=EDGE_CURVE('',#926,#929,#1094,.T.);
#677=EDGE_CURVE('',#930,#931,#66,.T.);
#678=EDGE_CURVE('',#930,#925,#58,.T.);
#679=EDGE_CURVE('',#924,#932,#59,.T.);
#680=EDGE_CURVE('',#932,#933,#67,.T.);
#681=EDGE_CURVE('',#933,#931,#1095,.T.);
#682=EDGE_CURVE('',#933,#926,#98,.T.);
#683=EDGE_CURVE('',#931,#929,#99,.T.);
#684=EDGE_CURVE('',#934,#934,#100,.T.);
#685=EDGE_CURVE('',#928,#927,#101,.T.);
#686=EDGE_CURVE('',#932,#930,#102,.T.);
#687=EDGE_CURVE('',#935,#935,#103,.T.);
#688=EDGE_CURVE('',#936,#936,#104,.T.);
#689=EDGE_CURVE('',#937,#937,#105,.T.);
#690=EDGE_CURVE('',#938,#938,#106,.T.);
#691=EDGE_CURVE('',#939,#939,#107,.F.);
#692=EDGE_CURVE('',#940,#940,#108,.F.);
#693=EDGE_CURVE('',#941,#942,#1096,.T.);
#694=EDGE_CURVE('',#943,#941,#1097,.T.);
#695=EDGE_CURVE('',#943,#944,#1098,.F.);
#696=EDGE_CURVE('',#944,#942,#1099,.T.);
#697=EDGE_CURVE('',#945,#941,#68,.F.);
#698=EDGE_CURVE('',#946,#945,#1100,.T.);
#699=EDGE_CURVE('',#946,#943,#69,.T.);
#700=EDGE_CURVE('',#947,#945,#1101,.T.);
#701=EDGE_CURVE('',#948,#947,#1102,.T.);
#702=EDGE_CURVE('',#948,#946,#1103,.F.);
#703=EDGE_CURVE('',#949,#947,#1104,.T.);
#704=EDGE_CURVE('',#950,#949,#1105,.T.);
#705=EDGE_CURVE('',#950,#948,#1106,.F.);
#706=EDGE_CURVE('',#951,#949,#1107,.T.);
#707=EDGE_CURVE('',#952,#951,#1108,.T.);
#708=EDGE_CURVE('',#952,#950,#1109,.F.);
#709=EDGE_CURVE('',#953,#951,#70,.T.);
#710=EDGE_CURVE('',#954,#953,#1110,.T.);
#711=EDGE_CURVE('',#954,#952,#71,.F.);
#712=EDGE_CURVE('',#955,#953,#1111,.T.);
#713=EDGE_CURVE('',#956,#955,#1112,.T.);
#714=EDGE_CURVE('',#956,#954,#1113,.F.);
#715=EDGE_CURVE('',#957,#958,#1114,.T.);
#716=EDGE_CURVE('',#959,#957,#1115,.T.);
#717=EDGE_CURVE('',#959,#960,#1116,.F.);
#718=EDGE_CURVE('',#960,#958,#1117,.T.);
#719=EDGE_CURVE('',#961,#957,#72,.F.);
#720=EDGE_CURVE('',#962,#961,#1118,.T.);
#721=EDGE_CURVE('',#962,#959,#73,.T.);
#722=EDGE_CURVE('',#963,#961,#1119,.T.);
#723=EDGE_CURVE('',#964,#963,#1120,.T.);
#724=EDGE_CURVE('',#964,#962,#1121,.F.);
#725=EDGE_CURVE('',#965,#963,#1122,.T.);
#726=EDGE_CURVE('',#966,#965,#1123,.T.);
#727=EDGE_CURVE('',#966,#964,#1124,.F.);
#728=EDGE_CURVE('',#967,#965,#1125,.T.);
#729=EDGE_CURVE('',#968,#967,#1126,.T.);
#730=EDGE_CURVE('',#968,#966,#1127,.F.);
#731=EDGE_CURVE('',#969,#967,#74,.T.);
#732=EDGE_CURVE('',#970,#969,#1128,.T.);
#733=EDGE_CURVE('',#970,#968,#75,.F.);
#734=EDGE_CURVE('',#971,#969,#1129,.T.);
#735=EDGE_CURVE('',#972,#971,#1130,.T.);
#736=EDGE_CURVE('',#972,#970,#1131,.F.);
#737=EDGE_CURVE('',#973,#973,#109,.T.);
#738=EDGE_CURVE('',#974,#974,#110,.T.);
#739=EDGE_CURVE('',#975,#976,#1132,.T.);
#740=EDGE_CURVE('',#976,#975,#111,.F.);
#741=EDGE_CURVE('',#977,#978,#76,.T.);
#742=EDGE_CURVE('',#977,#976,#60,.T.);
#743=EDGE_CURVE('',#975,#979,#61,.T.);
#744=EDGE_CURVE('',#979,#980,#77,.T.);
#745=EDGE_CURVE('',#980,#978,#1133,.T.);
#746=EDGE_CURVE('',#981,#982,#1134,.T.);
#747=EDGE_CURVE('',#981,#982,#112,.F.);
#748=EDGE_CURVE('',#983,#984,#78,.T.);
#749=EDGE_CURVE('',#984,#981,#62,.T.);
#750=EDGE_CURVE('',#982,#985,#63,.T.);
#751=EDGE_CURVE('',#986,#985,#79,.T.);
#752=EDGE_CURVE('',#983,#986,#1135,.T.);
#753=EDGE_CURVE('',#980,#983,#113,.T.);
#754=EDGE_CURVE('',#978,#986,#114,.T.);
#755=EDGE_CURVE('',#987,#955,#80,.T.);
#756=EDGE_CURVE('',#987,#988,#1136,.F.);
#757=EDGE_CURVE('',#988,#956,#81,.F.);
#758=EDGE_CURVE('',#989,#988,#1137,.F.);
#759=EDGE_CURVE('',#944,#989,#82,.T.);
#760=EDGE_CURVE('',#989,#990,#1138,.T.);
#761=EDGE_CURVE('',#942,#990,#83,.F.);
#762=EDGE_CURVE('',#990,#987,#1139,.T.);
#763=EDGE_CURVE('',#991,#971,#84,.T.);
#764=EDGE_CURVE('',#991,#992,#1140,.F.);
#765=EDGE_CURVE('',#992,#972,#85,.F.);
#766=EDGE_CURVE('',#993,#992,#1141,.F.);
#767=EDGE_CURVE('',#960,#993,#86,.T.);
#768=EDGE_CURVE('',#993,#994,#1142,.T.);
#769=EDGE_CURVE('',#958,#994,#87,.F.);
#770=EDGE_CURVE('',#994,#991,#1143,.T.);
#771=EDGE_CURVE('',#995,#995,#115,.T.);
#772=EDGE_CURVE('',#996,#996,#116,.T.);
#773=EDGE_CURVE('',#997,#997,#117,.T.);
#774=EDGE_CURVE('',#979,#977,#118,.T.);
#775=EDGE_CURVE('',#985,#984,#119,.T.);
#776=EDGE_CURVE('',#998,#998,#120,.T.);
#777=EDGE_CURVE('',#999,#1000,#1144,.T.);
#778=EDGE_CURVE('',#999,#1001,#1145,.T.);
#779=EDGE_CURVE('',#1001,#1002,#1146,.T.);
#780=EDGE_CURVE('',#1002,#1003,#1147,.T.);
#781=EDGE_CURVE('',#1003,#1004,#1148,.T.);
#782=EDGE_CURVE('',#1000,#1004,#1149,.T.);
#783=EDGE_CURVE('',#1005,#1005,#121,.T.);
#784=EDGE_CURVE('',#1006,#1007,#1150,.T.);
#785=EDGE_CURVE('',#1006,#1008,#1151,.T.);
#786=EDGE_CURVE('',#1008,#1009,#1152,.T.);
#787=EDGE_CURVE('',#1009,#1010,#1153,.T.);
#788=EDGE_CURVE('',#1010,#1011,#1154,.T.);
#789=EDGE_CURVE('',#1007,#1011,#1155,.T.);
#790=EDGE_CURVE('',#1012,#1013,#122,.F.);
#791=EDGE_CURVE('',#1013,#1003,#1156,.T.);
#792=EDGE_CURVE('',#1012,#1002,#1157,.T.);
#793=EDGE_CURVE('',#1014,#1015,#123,.F.);
#794=EDGE_CURVE('',#1015,#1010,#1158,.T.);
#795=EDGE_CURVE('',#1014,#1009,#1159,.T.);
#796=EDGE_CURVE('',#1016,#1017,#1160,.T.);
#797=EDGE_CURVE('',#1016,#1018,#1161,.T.);
#798=EDGE_CURVE('',#1018,#1019,#1162,.T.);
#799=EDGE_CURVE('',#1017,#1019,#1163,.T.);
#800=EDGE_CURVE('',#1020,#1020,#124,.T.);
#801=EDGE_CURVE('',#1021,#1021,#125,.T.);
#802=EDGE_CURVE('',#1022,#1023,#1164,.T.);
#803=EDGE_CURVE('',#1022,#1024,#1165,.T.);
#804=EDGE_CURVE('',#1024,#1025,#1166,.T.);
#805=EDGE_CURVE('',#1023,#1025,#1167,.T.);
#806=EDGE_CURVE('',#1026,#1026,#126,.T.);
#807=EDGE_CURVE('',#1003,#1027,#1168,.T.);
#808=EDGE_CURVE('',#1028,#1027,#1169,.T.);
#809=EDGE_CURVE('',#1028,#1004,#1170,.T.);
#810=EDGE_CURVE('',#1000,#1029,#1171,.T.);
#811=EDGE_CURVE('',#1029,#1028,#1172,.T.);
#812=EDGE_CURVE('',#999,#1030,#1173,.T.);
#813=EDGE_CURVE('',#1030,#1029,#1174,.T.);
#814=EDGE_CURVE('',#1030,#1031,#1175,.T.);
#815=EDGE_CURVE('',#1031,#1001,#1176,.T.);
#816=EDGE_CURVE('',#1002,#1032,#1177,.T.);
#817=EDGE_CURVE('',#1032,#1031,#1178,.T.);
#818=EDGE_CURVE('',#1010,#1033,#1179,.T.);
#819=EDGE_CURVE('',#1034,#1033,#1180,.T.);
#820=EDGE_CURVE('',#1034,#1011,#1181,.T.);
#821=EDGE_CURVE('',#1007,#1035,#1182,.T.);
#822=EDGE_CURVE('',#1035,#1034,#1183,.T.);
#823=EDGE_CURVE('',#1006,#1036,#1184,.T.);
#824=EDGE_CURVE('',#1036,#1035,#1185,.T.);
#825=EDGE_CURVE('',#1036,#1037,#1186,.T.);
#826=EDGE_CURVE('',#1037,#1008,#1187,.T.);
#827=EDGE_CURVE('',#1009,#1038,#1188,.T.);
#828=EDGE_CURVE('',#1038,#1037,#1189,.T.);
#829=EDGE_CURVE('',#903,#1012,#1190,.F.);
#830=EDGE_CURVE('',#1032,#904,#1191,.T.);
#831=EDGE_CURVE('',#1013,#902,#1192,.F.);
#832=EDGE_CURVE('',#901,#1027,#1193,.T.);
#833=EDGE_CURVE('',#907,#1014,#1194,.F.);
#834=EDGE_CURVE('',#1038,#908,#1195,.T.);
#835=EDGE_CURVE('',#1015,#906,#1196,.F.);
#836=EDGE_CURVE('',#905,#1033,#1197,.T.);
#837=EDGE_CURVE('',#1018,#1039,#1198,.T.);
#838=EDGE_CURVE('',#1040,#1039,#1199,.T.);
#839=EDGE_CURVE('',#1019,#1040,#1200,.T.);
#840=EDGE_CURVE('',#1041,#1040,#1201,.T.);
#841=EDGE_CURVE('',#1017,#1041,#1202,.T.);
#842=EDGE_CURVE('',#1016,#1042,#1203,.T.);
#843=EDGE_CURVE('',#1041,#1042,#1204,.T.);
#844=EDGE_CURVE('',#1042,#1039,#1205,.T.);
#845=EDGE_CURVE('',#1043,#1043,#127,.T.);
#846=EDGE_CURVE('',#1024,#1044,#1206,.T.);
#847=EDGE_CURVE('',#1045,#1044,#1207,.T.);
#848=EDGE_CURVE('',#1025,#1045,#1208,.T.);
#849=EDGE_CURVE('',#1046,#1045,#1209,.T.);
#850=EDGE_CURVE('',#1023,#1046,#1210,.T.);
#851=EDGE_CURVE('',#1022,#1047,#1211,.T.);
#852=EDGE_CURVE('',#1046,#1047,#1212,.T.);
#853=EDGE_CURVE('',#1047,#1044,#1213,.T.);
#854=EDGE_CURVE('',#1048,#1049,#1214,.T.);
#855=EDGE_CURVE('',#1050,#1049,#1215,.T.);
#856=EDGE_CURVE('',#1051,#1050,#1216,.T.);
#857=EDGE_CURVE('',#1051,#1048,#1217,.T.);
#858=EDGE_CURVE('',#900,#1048,#1218,.T.);
#859=EDGE_CURVE('',#909,#1051,#1219,.T.);
#860=EDGE_CURVE('',#1052,#1052,#128,.F.);
#861=EDGE_CURVE('',#1053,#1053,#129,.T.);
#862=EDGE_CURVE('',#1054,#1054,#130,.F.);
#863=EDGE_CURVE('',#1055,#1056,#1220,.T.);
#864=EDGE_CURVE('',#1055,#918,#1221,.T.);
#865=EDGE_CURVE('',#1057,#917,#1222,.T.);
#866=EDGE_CURVE('',#1058,#1057,#1223,.T.);
#867=EDGE_CURVE('',#1049,#1058,#1224,.T.);
#868=EDGE_CURVE('',#898,#1056,#1225,.T.);
#869=EDGE_CURVE('',#1059,#1058,#1226,.T.);
#870=EDGE_CURVE('',#1050,#1059,#1227,.T.);
#871=EDGE_CURVE('',#1060,#915,#1228,.T.);
#872=EDGE_CURVE('',#1060,#1061,#1229,.T.);
#873=EDGE_CURVE('',#1061,#910,#1230,.T.);
#874=EDGE_CURVE('',#1059,#1062,#1231,.T.);
#875=EDGE_CURVE('',#1062,#916,#1232,.T.);
#876=EDGE_CURVE('',#1062,#1057,#1233,.T.);
#877=EDGE_CURVE('',#1063,#1063,#131,.T.);
#878=EDGE_CURVE('',#1064,#1064,#132,.T.);
#879=EDGE_CURVE('',#1065,#1065,#133,.F.);
#880=EDGE_CURVE('',#1061,#1066,#1234,.T.);
#881=EDGE_CURVE('',#1066,#911,#1235,.T.);
#882=EDGE_CURVE('',#912,#1067,#1236,.F.);
#883=EDGE_CURVE('',#1067,#1068,#1237,.T.);
#884=EDGE_CURVE('',#1068,#913,#1238,.T.);
#885=EDGE_CURVE('',#914,#1069,#1239,.F.);
#886=EDGE_CURVE('',#1069,#1060,#1240,.T.);
#887=EDGE_CURVE('',#1066,#1067,#88,.F.);
#888=EDGE_CURVE('',#1068,#1069,#89,.F.);
#889=EDGE_CURVE('',#1070,#1055,#1241,.T.);
#890=EDGE_CURVE('',#1070,#919,#1242,.T.);
#891=EDGE_CURVE('',#1071,#899,#1243,.T.);
#892=EDGE_CURVE('',#1056,#1071,#1244,.T.);
#893=EDGE_CURVE('',#1071,#1072,#134,.T.);
#894=EDGE_CURVE('',#1072,#1073,#1245,.T.);
#895=EDGE_CURVE('',#1073,#1070,#135,.T.);
#896=EDGE_CURVE('',#1073,#920,#1246,.T.);
#897=EDGE_CURVE('',#1072,#921,#1247,.T.);
#898=VERTEX_POINT('',#3364);
#899=VERTEX_POINT('',#3365);
#900=VERTEX_POINT('',#3367);
#901=VERTEX_POINT('',#3369);
#902=VERTEX_POINT('',#3371);
#903=VERTEX_POINT('',#3373);
#904=VERTEX_POINT('',#3375);
#905=VERTEX_POINT('',#3377);
#906=VERTEX_POINT('',#3379);
#907=VERTEX_POINT('',#3381);
#908=VERTEX_POINT('',#3383);
#909=VERTEX_POINT('',#3385);
#910=VERTEX_POINT('',#3387);
#911=VERTEX_POINT('',#3389);
#912=VERTEX_POINT('',#3391);
#913=VERTEX_POINT('',#3393);
#914=VERTEX_POINT('',#3395);
#915=VERTEX_POINT('',#3397);
#916=VERTEX_POINT('',#3399);
#917=VERTEX_POINT('',#3401);
#918=VERTEX_POINT('',#3403);
#919=VERTEX_POINT('',#3405);
#920=VERTEX_POINT('',#3407);
#921=VERTEX_POINT('',#3409);
#922=VERTEX_POINT('',#3413);
#923=VERTEX_POINT('',#3414);
#924=VERTEX_POINT('',#3418);
#925=VERTEX_POINT('',#3419);
#926=VERTEX_POINT('',#3423);
#927=VERTEX_POINT('',#3424);
#928=VERTEX_POINT('',#3433);
#929=VERTEX_POINT('',#3435);
#930=VERTEX_POINT('',#3439);
#931=VERTEX_POINT('',#3440);
#932=VERTEX_POINT('',#3449);
#933=VERTEX_POINT('',#3451);
#934=VERTEX_POINT('',#3458);
#935=VERTEX_POINT('',#3463);
#936=VERTEX_POINT('',#3466);
#937=VERTEX_POINT('',#3469);
#938=VERTEX_POINT('',#3472);
#939=VERTEX_POINT('',#3475);
#940=VERTEX_POINT('',#3478);
#941=VERTEX_POINT('',#3481);
#942=VERTEX_POINT('',#3482);
#943=VERTEX_POINT('',#3484);
#944=VERTEX_POINT('',#3486);
#945=VERTEX_POINT('',#3490);
#946=VERTEX_POINT('',#3492);
#947=VERTEX_POINT('',#3496);
#948=VERTEX_POINT('',#3498);
#949=VERTEX_POINT('',#3502);
#950=VERTEX_POINT('',#3504);
#951=VERTEX_POINT('',#3508);
#952=VERTEX_POINT('',#3510);
#953=VERTEX_POINT('',#3514);
#954=VERTEX_POINT('',#3516);
#955=VERTEX_POINT('',#3520);
#956=VERTEX_POINT('',#3522);
#957=VERTEX_POINT('',#3526);
#958=VERTEX_POINT('',#3527);
#959=VERTEX_POINT('',#3529);
#960=VERTEX_POINT('',#3531);
#961=VERTEX_POINT('',#3535);
#962=VERTEX_POINT('',#3537);
#963=VERTEX_POINT('',#3541);
#964=VERTEX_POINT('',#3543);
#965=VERTEX_POINT('',#3547);
#966=VERTEX_POINT('',#3549);
#967=VERTEX_POINT('',#3553);
#968=VERTEX_POINT('',#3555);
#969=VERTEX_POINT('',#3559);
#970=VERTEX_POINT('',#3561);
#971=VERTEX_POINT('',#3565);
#972=VERTEX_POINT('',#3567);
#973=VERTEX_POINT('',#3571);
#974=VERTEX_POINT('',#3574);
#975=VERTEX_POINT('',#3577);
#976=VERTEX_POINT('',#3578);
#977=VERTEX_POINT('',#3582);
#978=VERTEX_POINT('',#3583);
#979=VERTEX_POINT('',#3592);
#980=VERTEX_POINT('',#3594);
#981=VERTEX_POINT('',#3598);
#982=VERTEX_POINT('',#3599);
#983=VERTEX_POINT('',#3603);
#984=VERTEX_POINT('',#3604);
#985=VERTEX_POINT('',#3613);
#986=VERTEX_POINT('',#3615);
#987=VERTEX_POINT('',#3622);
#988=VERTEX_POINT('',#3624);
#989=VERTEX_POINT('',#3628);
#990=VERTEX_POINT('',#3632);
#991=VERTEX_POINT('',#3638);
#992=VERTEX_POINT('',#3640);
#993=VERTEX_POINT('',#3644);
#994=VERTEX_POINT('',#3648);
#995=VERTEX_POINT('',#3654);
#996=VERTEX_POINT('',#3657);
#997=VERTEX_POINT('',#3660);
#998=VERTEX_POINT('',#3665);
#999=VERTEX_POINT('',#3667);
#1000=VERTEX_POINT('',#3668);
#1001=VERTEX_POINT('',#3670);
#1002=VERTEX_POINT('',#3672);
#1003=VERTEX_POINT('',#3674);
#1004=VERTEX_POINT('',#3676);
#1005=VERTEX_POINT('',#3680);
#1006=VERTEX_POINT('',#3682);
#1007=VERTEX_POINT('',#3683);
#1008=VERTEX_POINT('',#3685);
#1009=VERTEX_POINT('',#3687);
#1010=VERTEX_POINT('',#3689);
#1011=VERTEX_POINT('',#3691);
#1012=VERTEX_POINT('',#3695);
#1013=VERTEX_POINT('',#3696);
#1014=VERTEX_POINT('',#3701);
#1015=VERTEX_POINT('',#3702);
#1016=VERTEX_POINT('',#3707);
#1017=VERTEX_POINT('',#3708);
#1018=VERTEX_POINT('',#3710);
#1019=VERTEX_POINT('',#3712);
#1020=VERTEX_POINT('',#3716);
#1021=VERTEX_POINT('',#3719);
#1022=VERTEX_POINT('',#3722);
#1023=VERTEX_POINT('',#3723);
#1024=VERTEX_POINT('',#3725);
#1025=VERTEX_POINT('',#3727);
#1026=VERTEX_POINT('',#3731);
#1027=VERTEX_POINT('',#3734);
#1028=VERTEX_POINT('',#3736);
#1029=VERTEX_POINT('',#3740);
#1030=VERTEX_POINT('',#3744);
#1031=VERTEX_POINT('',#3748);
#1032=VERTEX_POINT('',#3752);
#1033=VERTEX_POINT('',#3756);
#1034=VERTEX_POINT('',#3758);
#1035=VERTEX_POINT('',#3762);
#1036=VERTEX_POINT('',#3766);
#1037=VERTEX_POINT('',#3770);
#1038=VERTEX_POINT('',#3774);
#1039=VERTEX_POINT('',#3792);
#1040=VERTEX_POINT('',#3794);
#1041=VERTEX_POINT('',#3798);
#1042=VERTEX_POINT('',#3802);
#1043=VERTEX_POINT('',#3808);
#1044=VERTEX_POINT('',#3811);
#1045=VERTEX_POINT('',#3813);
#1046=VERTEX_POINT('',#3817);
#1047=VERTEX_POINT('',#3821);
#1048=VERTEX_POINT('',#3827);
#1049=VERTEX_POINT('',#3828);
#1050=VERTEX_POINT('',#3830);
#1051=VERTEX_POINT('',#3832);
#1052=VERTEX_POINT('',#3839);
#1053=VERTEX_POINT('',#3842);
#1054=VERTEX_POINT('',#3845);
#1055=VERTEX_POINT('',#3848);
#1056=VERTEX_POINT('',#3849);
#1057=VERTEX_POINT('',#3852);
#1058=VERTEX_POINT('',#3854);
#1059=VERTEX_POINT('',#3859);
#1060=VERTEX_POINT('',#3863);
#1061=VERTEX_POINT('',#3865);
#1062=VERTEX_POINT('',#3868);
#1063=VERTEX_POINT('',#3874);
#1064=VERTEX_POINT('',#3877);
#1065=VERTEX_POINT('',#3880);
#1066=VERTEX_POINT('',#3884);
#1067=VERTEX_POINT('',#3888);
#1068=VERTEX_POINT('',#3890);
#1069=VERTEX_POINT('',#3894);
#1070=VERTEX_POINT('',#3903);
#1071=VERTEX_POINT('',#3907);
#1072=VERTEX_POINT('',#3911);
#1073=VERTEX_POINT('',#3913);
#1074=LINE('',#3363,#1248);
#1075=LINE('',#3366,#1249);
#1076=LINE('',#3368,#1250);
#1077=LINE('',#3370,#1251);
#1078=LINE('',#3374,#1252);
#1079=LINE('',#3376,#1253);
#1080=LINE('',#3378,#1254);
#1081=LINE('',#3382,#1255);
#1082=LINE('',#3384,#1256);
#1083=LINE('',#3386,#1257);
#1084=LINE('',#3388,#1258);
#1085=LINE('',#3392,#1259);
#1086=LINE('',#3396,#1260);
#1087=LINE('',#3398,#1261);
#1088=LINE('',#3400,#1262);
#1089=LINE('',#3402,#1263);
#1090=LINE('',#3404,#1264);
#1091=LINE('',#3408,#1265);
#1092=LINE('',#3412,#1266);
#1093=LINE('',#3417,#1267);
#1094=LINE('',#3436,#1268);
#1095=LINE('',#3452,#1269);
#1096=LINE('',#3480,#1270);
#1097=LINE('',#3483,#1271);
#1098=LINE('',#3485,#1272);
#1099=LINE('',#3487,#1273);
#1100=LINE('',#3491,#1274);
#1101=LINE('',#3495,#1275);
#1102=LINE('',#3497,#1276);
#1103=LINE('',#3499,#1277);
#1104=LINE('',#3501,#1278);
#1105=LINE('',#3503,#1279);
#1106=LINE('',#3505,#1280);
#1107=LINE('',#3507,#1281);
#1108=LINE('',#3509,#1282);
#1109=LINE('',#3511,#1283);
#1110=LINE('',#3515,#1284);
#1111=LINE('',#3519,#1285);
#1112=LINE('',#3521,#1286);
#1113=LINE('',#3523,#1287);
#1114=LINE('',#3525,#1288);
#1115=LINE('',#3528,#1289);
#1116=LINE('',#3530,#1290);
#1117=LINE('',#3532,#1291);
#1118=LINE('',#3536,#1292);
#1119=LINE('',#3540,#1293);
#1120=LINE('',#3542,#1294);
#1121=LINE('',#3544,#1295);
#1122=LINE('',#3546,#1296);
#1123=LINE('',#3548,#1297);
#1124=LINE('',#3550,#1298);
#1125=LINE('',#3552,#1299);
#1126=LINE('',#3554,#1300);
#1127=LINE('',#3556,#1301);
#1128=LINE('',#3560,#1302);
#1129=LINE('',#3564,#1303);
#1130=LINE('',#3566,#1304);
#1131=LINE('',#3568,#1305);
#1132=LINE('',#3576,#1306);
#1133=LINE('',#3595,#1307);
#1134=LINE('',#3597,#1308);
#1135=LINE('',#3616,#1309);
#1136=LINE('',#3623,#1310);
#1137=LINE('',#3627,#1311);
#1138=LINE('',#3631,#1312);
#1139=LINE('',#3635,#1313);
#1140=LINE('',#3639,#1314);
#1141=LINE('',#3643,#1315);
#1142=LINE('',#3647,#1316);
#1143=LINE('',#3651,#1317);
#1144=LINE('',#3666,#1318);
#1145=LINE('',#3669,#1319);
#1146=LINE('',#3671,#1320);
#1147=LINE('',#3673,#1321);
#1148=LINE('',#3675,#1322);
#1149=LINE('',#3677,#1323);
#1150=LINE('',#3681,#1324);
#1151=LINE('',#3684,#1325);
#1152=LINE('',#3686,#1326);
#1153=LINE('',#3688,#1327);
#1154=LINE('',#3690,#1328);
#1155=LINE('',#3692,#1329);
#1156=LINE('',#3697,#1330);
#1157=LINE('',#3698,#1331);
#1158=LINE('',#3703,#1332);
#1159=LINE('',#3704,#1333);
#1160=LINE('',#3706,#1334);
#1161=LINE('',#3709,#1335);
#1162=LINE('',#3711,#1336);
#1163=LINE('',#3713,#1337);
#1164=LINE('',#3721,#1338);
#1165=LINE('',#3724,#1339);
#1166=LINE('',#3726,#1340);
#1167=LINE('',#3728,#1341);
#1168=LINE('',#3733,#1342);
#1169=LINE('',#3735,#1343);
#1170=LINE('',#3737,#1344);
#1171=LINE('',#3739,#1345);
#1172=LINE('',#3741,#1346);
#1173=LINE('',#3743,#1347);
#1174=LINE('',#3745,#1348);
#1175=LINE('',#3747,#1349);
#1176=LINE('',#3749,#1350);
#1177=LINE('',#3751,#1351);
#1178=LINE('',#3753,#1352);
#1179=LINE('',#3755,#1353);
#1180=LINE('',#3757,#1354);
#1181=LINE('',#3759,#1355);
#1182=LINE('',#3761,#1356);
#1183=LINE('',#3763,#1357);
#1184=LINE('',#3765,#1358);
#1185=LINE('',#3767,#1359);
#1186=LINE('',#3769,#1360);
#1187=LINE('',#3771,#1361);
#1188=LINE('',#3773,#1362);
#1189=LINE('',#3775,#1363);
#1190=LINE('',#3777,#1364);
#1191=LINE('',#3778,#1365);
#1192=LINE('',#3780,#1366);
#1193=LINE('',#3782,#1367);
#1194=LINE('',#3784,#1368);
#1195=LINE('',#3785,#1369);
#1196=LINE('',#3787,#1370);
#1197=LINE('',#3789,#1371);
#1198=LINE('',#3791,#1372);
#1199=LINE('',#3793,#1373);
#1200=LINE('',#3795,#1374);
#1201=LINE('',#3797,#1375);
#1202=LINE('',#3799,#1376);
#1203=LINE('',#3801,#1377);
#1204=LINE('',#3803,#1378);
#1205=LINE('',#3805,#1379);
#1206=LINE('',#3810,#1380);
#1207=LINE('',#3812,#1381);
#1208=LINE('',#3814,#1382);
#1209=LINE('',#3816,#1383);
#1210=LINE('',#3818,#1384);
#1211=LINE('',#3820,#1385);
#1212=LINE('',#3822,#1386);
#1213=LINE('',#3824,#1387);
#1214=LINE('',#3826,#1388);
#1215=LINE('',#3829,#1389);
#1216=LINE('',#3831,#1390);
#1217=LINE('',#3833,#1391);
#1218=LINE('',#3835,#1392);
#1219=LINE('',#3836,#1393);
#1220=LINE('',#3847,#1394);
#1221=LINE('',#3850,#1395);
#1222=LINE('',#3851,#1396);
#1223=LINE('',#3853,#1397);
#1224=LINE('',#3855,#1398);
#1225=LINE('',#3856,#1399);
#1226=LINE('',#3858,#1400);
#1227=LINE('',#3860,#1401);
#1228=LINE('',#3862,#1402);
#1229=LINE('',#3864,#1403);
#1230=LINE('',#3866,#1404);
#1231=LINE('',#3867,#1405);
#1232=LINE('',#3869,#1406);
#1233=LINE('',#3871,#1407);
#1234=LINE('',#3883,#1408);
#1235=LINE('',#3885,#1409);
#1236=LINE('',#3887,#1410);
#1237=LINE('',#3889,#1411);
#1238=LINE('',#3891,#1412);
#1239=LINE('',#3893,#1413);
#1240=LINE('',#3895,#1414);
#1241=LINE('',#3902,#1415);
#1242=LINE('',#3904,#1416);
#1243=LINE('',#3906,#1417);
#1244=LINE('',#3908,#1418);
#1245=LINE('',#3912,#1419);
#1246=LINE('',#3916,#1420);
#1247=LINE('',#3917,#1421);
#1248=VECTOR('',#2829,1000.);
#1249=VECTOR('',#2830,1000.);
#1250=VECTOR('',#2831,1000.);
#1251=VECTOR('',#2832,1000.);
#1252=VECTOR('',#2835,1000.);
#1253=VECTOR('',#2836,1000.);
#1254=VECTOR('',#2837,1000.);
#1255=VECTOR('',#2840,1000.);
#1256=VECTOR('',#2841,1000.);
#1257=VECTOR('',#2842,1000.);
#1258=VECTOR('',#2843,1000.);
#1259=VECTOR('',#2846,1000.);
#1260=VECTOR('',#2849,1000.);
#1261=VECTOR('',#2850,1000.);
#1262=VECTOR('',#2851,1000.);
#1263=VECTOR('',#2852,1000.);
#1264=VECTOR('',#2853,1000.);
#1265=VECTOR('',#2856,1000.);
#1266=VECTOR('',#2861,1000.);
#1267=VECTOR('',#2866,1000.);
#1268=VECTOR('',#2875,1000.);
#1269=VECTOR('',#2882,1000.);
#1270=VECTOR('',#2923,1000.);
#1271=VECTOR('',#2924,1000.);
#1272=VECTOR('',#2925,1000.);
#1273=VECTOR('',#2926,1000.);
#1274=VECTOR('',#2931,1000.);
#1275=VECTOR('',#2936,1000.);
#1276=VECTOR('',#2937,1000.);
#1277=VECTOR('',#2938,1000.);
#1278=VECTOR('',#2941,1000.);
#1279=VECTOR('',#2942,1000.);
#1280=VECTOR('',#2943,1000.);
#1281=VECTOR('',#2946,1000.);
#1282=VECTOR('',#2947,1000.);
#1283=VECTOR('',#2948,1000.);
#1284=VECTOR('',#2953,1000.);
#1285=VECTOR('',#2958,1000.);
#1286=VECTOR('',#2959,1000.);
#1287=VECTOR('',#2960,1000.);
#1288=VECTOR('',#2963,1000.);
#1289=VECTOR('',#2964,1000.);
#1290=VECTOR('',#2965,1000.);
#1291=VECTOR('',#2966,1000.);
#1292=VECTOR('',#2971,1000.);
#1293=VECTOR('',#2976,1000.);
#1294=VECTOR('',#2977,1000.);
#1295=VECTOR('',#2978,1000.);
#1296=VECTOR('',#2981,1000.);
#1297=VECTOR('',#2982,1000.);
#1298=VECTOR('',#2983,1000.);
#1299=VECTOR('',#2986,1000.);
#1300=VECTOR('',#2987,1000.);
#1301=VECTOR('',#2988,1000.);
#1302=VECTOR('',#2993,1000.);
#1303=VECTOR('',#2998,1000.);
#1304=VECTOR('',#2999,1000.);
#1305=VECTOR('',#3000,1000.);
#1306=VECTOR('',#3011,1000.);
#1307=VECTOR('',#3020,1000.);
#1308=VECTOR('',#3023,1000.);
#1309=VECTOR('',#3032,1000.);
#1310=VECTOR('',#3043,1000.);
#1311=VECTOR('',#3048,1000.);
#1312=VECTOR('',#3053,1000.);
#1313=VECTOR('',#3058,1000.);
#1314=VECTOR('',#3063,1000.);
#1315=VECTOR('',#3068,1000.);
#1316=VECTOR('',#3073,1000.);
#1317=VECTOR('',#3078,1000.);
#1318=VECTOR('',#3099,1000.);
#1319=VECTOR('',#3100,1000.);
#1320=VECTOR('',#3101,1000.);
#1321=VECTOR('',#3102,1000.);
#1322=VECTOR('',#3103,1000.);
#1323=VECTOR('',#3104,1000.);
#1324=VECTOR('',#3109,1000.);
#1325=VECTOR('',#3110,1000.);
#1326=VECTOR('',#3111,1000.);
#1327=VECTOR('',#3112,1000.);
#1328=VECTOR('',#3113,1000.);
#1329=VECTOR('',#3114,1000.);
#1330=VECTOR('',#3119,1000.);
#1331=VECTOR('',#3120,1000.);
#1332=VECTOR('',#3125,1000.);
#1333=VECTOR('',#3126,1000.);
#1334=VECTOR('',#3129,1000.);
#1335=VECTOR('',#3130,1000.);
#1336=VECTOR('',#3131,1000.);
#1337=VECTOR('',#3132,1000.);
#1338=VECTOR('',#3143,1000.);
#1339=VECTOR('',#3144,1000.);
#1340=VECTOR('',#3145,1000.);
#1341=VECTOR('',#3146,1000.);
#1342=VECTOR('',#3153,1000.);
#1343=VECTOR('',#3154,1000.);
#1344=VECTOR('',#3155,1000.);
#1345=VECTOR('',#3158,1000.);
#1346=VECTOR('',#3159,1000.);
#1347=VECTOR('',#3162,1000.);
#1348=VECTOR('',#3163,1000.);
#1349=VECTOR('',#3166,1000.);
#1350=VECTOR('',#3167,1000.);
#1351=VECTOR('',#3170,1000.);
#1352=VECTOR('',#3171,1000.);
#1353=VECTOR('',#3174,1000.);
#1354=VECTOR('',#3175,1000.);
#1355=VECTOR('',#3176,1000.);
#1356=VECTOR('',#3179,1000.);
#1357=VECTOR('',#3180,1000.);
#1358=VECTOR('',#3183,1000.);
#1359=VECTOR('',#3184,1000.);
#1360=VECTOR('',#3187,1000.);
#1361=VECTOR('',#3188,1000.);
#1362=VECTOR('',#3191,1000.);
#1363=VECTOR('',#3192,1000.);
#1364=VECTOR('',#3195,1000.);
#1365=VECTOR('',#3196,1000.);
#1366=VECTOR('',#3199,1000.);
#1367=VECTOR('',#3202,1000.);
#1368=VECTOR('',#3205,1000.);
#1369=VECTOR('',#3206,1000.);
#1370=VECTOR('',#3209,1000.);
#1371=VECTOR('',#3212,1000.);
#1372=VECTOR('',#3215,1000.);
#1373=VECTOR('',#3216,1000.);
#1374=VECTOR('',#3217,1000.);
#1375=VECTOR('',#3220,1000.);
#1376=VECTOR('',#3221,1000.);
#1377=VECTOR('',#3224,1000.);
#1378=VECTOR('',#3225,1000.);
#1379=VECTOR('',#3228,1000.);
#1380=VECTOR('',#3235,1000.);
#1381=VECTOR('',#3236,1000.);
#1382=VECTOR('',#3237,1000.);
#1383=VECTOR('',#3240,1000.);
#1384=VECTOR('',#3241,1000.);
#1385=VECTOR('',#3244,1000.);
#1386=VECTOR('',#3245,1000.);
#1387=VECTOR('',#3248,1000.);
#1388=VECTOR('',#3251,1000.);
#1389=VECTOR('',#3252,1000.);
#1390=VECTOR('',#3253,1000.);
#1391=VECTOR('',#3254,1000.);
#1392=VECTOR('',#3257,1000.);
#1393=VECTOR('',#3258,1000.);
#1394=VECTOR('',#3273,1000.);
#1395=VECTOR('',#3274,1000.);
#1396=VECTOR('',#3275,1000.);
#1397=VECTOR('',#3276,1000.);
#1398=VECTOR('',#3277,1000.);
#1399=VECTOR('',#3278,1000.);
#1400=VECTOR('',#3281,1000.);
#1401=VECTOR('',#3282,1000.);
#1402=VECTOR('',#3285,1000.);
#1403=VECTOR('',#3286,1000.);
#1404=VECTOR('',#3287,1000.);
#1405=VECTOR('',#3288,1000.);
#1406=VECTOR('',#3289,1000.);
#1407=VECTOR('',#3292,1000.);
#1408=VECTOR('',#3309,1000.);
#1409=VECTOR('',#3310,1000.);
#1410=VECTOR('',#3313,1000.);
#1411=VECTOR('',#3314,1000.);
#1412=VECTOR('',#3315,1000.);
#1413=VECTOR('',#3318,1000.);
#1414=VECTOR('',#3319,1000.);
#1415=VECTOR('',#3332,1000.);
#1416=VECTOR('',#3333,1000.);
#1417=VECTOR('',#3336,1000.);
#1418=VECTOR('',#3337,1000.);
#1419=VECTOR('',#3342,1000.);
#1420=VECTOR('',#3347,1000.);
#1421=VECTOR('',#3348,1000.);
#1422=EDGE_LOOP('',(#136,#137,#138,#139,#140,#141,#142,#143,#144,#145,#146,
#147,#148,#149,#150,#151,#152,#153,#154,#155,#156,#157,#158,#159));
#1423=EDGE_LOOP('',(#160,#161));
#1424=EDGE_LOOP('',(#162,#163));
#1425=EDGE_LOOP('',(#164,#165,#166,#167,#168,#169));
#1426=EDGE_LOOP('',(#170,#171,#172,#173,#174,#175));
#1427=EDGE_LOOP('',(#176,#177,#178,#179));
#1428=EDGE_LOOP('',(#180));
#1429=EDGE_LOOP('',(#181,#182,#183,#184,#185,#186,#187,#188));
#1430=EDGE_LOOP('',(#189));
#1431=EDGE_LOOP('',(#190));
#1432=EDGE_LOOP('',(#191));
#1433=EDGE_LOOP('',(#192));
#1434=EDGE_LOOP('',(#193));
#1435=EDGE_LOOP('',(#194));
#1436=EDGE_LOOP('',(#195));
#1437=EDGE_LOOP('',(#196));
#1438=EDGE_LOOP('',(#197));
#1439=EDGE_LOOP('',(#198));
#1440=EDGE_LOOP('',(#199,#200,#201,#202));
#1441=EDGE_LOOP('',(#203,#204,#205,#206));
#1442=EDGE_LOOP('',(#207,#208,#209,#210));
#1443=EDGE_LOOP('',(#211,#212,#213,#214));
#1444=EDGE_LOOP('',(#215,#216,#217,#218));
#1445=EDGE_LOOP('',(#219,#220,#221,#222));
#1446=EDGE_LOOP('',(#223,#224,#225,#226));
#1447=EDGE_LOOP('',(#227,#228,#229,#230));
#1448=EDGE_LOOP('',(#231,#232,#233,#234));
#1449=EDGE_LOOP('',(#235,#236,#237,#238));
#1450=EDGE_LOOP('',(#239,#240,#241,#242));
#1451=EDGE_LOOP('',(#243,#244,#245,#246));
#1452=EDGE_LOOP('',(#247,#248,#249,#250));
#1453=EDGE_LOOP('',(#251,#252,#253,#254));
#1454=EDGE_LOOP('',(#255));
#1455=EDGE_LOOP('',(#256));
#1456=EDGE_LOOP('',(#257));
#1457=EDGE_LOOP('',(#258));
#1458=EDGE_LOOP('',(#259,#260));
#1459=EDGE_LOOP('',(#261,#262,#263,#264,#265,#266));
#1460=EDGE_LOOP('',(#267,#268));
#1461=EDGE_LOOP('',(#269,#270,#271,#272,#273,#274));
#1462=EDGE_LOOP('',(#275,#276,#277,#278));
#1463=EDGE_LOOP('',(#279,#280,#281,#282));
#1464=EDGE_LOOP('',(#283,#284,#285,#286,#287,#288,#289,#290,#291,#292));
#1465=EDGE_LOOP('',(#293,#294,#295,#296));
#1466=EDGE_LOOP('',(#297,#298,#299,#300,#301,#302,#303,#304,#305,#306));
#1467=EDGE_LOOP('',(#307,#308,#309,#310));
#1468=EDGE_LOOP('',(#311,#312,#313,#314,#315,#316,#317,#318,#319,#320));
#1469=EDGE_LOOP('',(#321,#322,#323,#324));
#1470=EDGE_LOOP('',(#325,#326,#327,#328,#329,#330,#331,#332,#333,#334));
#1471=EDGE_LOOP('',(#335));
#1472=EDGE_LOOP('',(#336));
#1473=EDGE_LOOP('',(#337));
#1474=EDGE_LOOP('',(#338));
#1475=EDGE_LOOP('',(#339));
#1476=EDGE_LOOP('',(#340,#341,#342,#343,#344,#345,#346,#347));
#1477=EDGE_LOOP('',(#348,#349,#350,#351));
#1478=EDGE_LOOP('',(#352));
#1479=EDGE_LOOP('',(#353,#354,#355,#356,#357,#358));
#1480=EDGE_LOOP('',(#359,#360,#361,#362));
#1481=EDGE_LOOP('',(#363));
#1482=EDGE_LOOP('',(#364,#365,#366,#367,#368,#369));
#1483=EDGE_LOOP('',(#370));
#1484=EDGE_LOOP('',(#371,#372,#373,#374));
#1485=EDGE_LOOP('',(#375));
#1486=EDGE_LOOP('',(#376,#377,#378,#379));
#1487=EDGE_LOOP('',(#380,#381,#382,#383));
#1488=EDGE_LOOP('',(#384));
#1489=EDGE_LOOP('',(#385));
#1490=EDGE_LOOP('',(#386));
#1491=EDGE_LOOP('',(#387));
#1492=EDGE_LOOP('',(#388,#389,#390,#391));
#1493=EDGE_LOOP('',(#392));
#1494=EDGE_LOOP('',(#393));
#1495=EDGE_LOOP('',(#394,#395,#396,#397));
#1496=EDGE_LOOP('',(#398,#399,#400,#401));
#1497=EDGE_LOOP('',(#402,#403,#404,#405));
#1498=EDGE_LOOP('',(#406,#407,#408,#409));
#1499=EDGE_LOOP('',(#410,#411,#412,#413));
#1500=EDGE_LOOP('',(#414,#415,#416,#417));
#1501=EDGE_LOOP('',(#418,#419,#420,#421));
#1502=EDGE_LOOP('',(#422,#423,#424,#425));
#1503=EDGE_LOOP('',(#426,#427,#428,#429));
#1504=EDGE_LOOP('',(#430,#431,#432,#433));
#1505=EDGE_LOOP('',(#434,#435,#436,#437,#438));
#1506=EDGE_LOOP('',(#439,#440,#441,#442));
#1507=EDGE_LOOP('',(#443,#444,#445,#446,#447));
#1508=EDGE_LOOP('',(#448,#449,#450,#451,#452));
#1509=EDGE_LOOP('',(#453,#454,#455,#456));
#1510=EDGE_LOOP('',(#457,#458,#459,#460,#461));
#1511=EDGE_LOOP('',(#462,#463,#464,#465));
#1512=EDGE_LOOP('',(#466,#467,#468,#469));
#1513=EDGE_LOOP('',(#470,#471,#472,#473));
#1514=EDGE_LOOP('',(#474));
#1515=EDGE_LOOP('',(#475,#476,#477,#478));
#1516=EDGE_LOOP('',(#479));
#1517=EDGE_LOOP('',(#480));
#1518=EDGE_LOOP('',(#481,#482,#483,#484));
#1519=EDGE_LOOP('',(#485,#486,#487,#488));
#1520=EDGE_LOOP('',(#489,#490,#491,#492));
#1521=EDGE_LOOP('',(#493));
#1522=EDGE_LOOP('',(#494,#495,#496,#497));
#1523=EDGE_LOOP('',(#498,#499,#500,#501));
#1524=EDGE_LOOP('',(#502,#503,#504,#505,#506,#507,#508,#509,#510,#511,#512,
#513,#514,#515,#516,#517,#518,#519,#520,#521));
#1525=EDGE_LOOP('',(#522));
#1526=EDGE_LOOP('',(#523,#524,#525,#526));
#1527=EDGE_LOOP('',(#527));
#1528=EDGE_LOOP('',(#528));
#1529=EDGE_LOOP('',(#529));
#1530=EDGE_LOOP('',(#530,#531,#532,#533));
#1531=EDGE_LOOP('',(#534,#535,#536,#537,#538,#539,#540,#541,#542,#543));
#1532=EDGE_LOOP('',(#544,#545,#546,#547));
#1533=EDGE_LOOP('',(#548,#549,#550,#551,#552,#553,#554,#555,#556,#557));
#1534=EDGE_LOOP('',(#558,#559,#560,#561));
#1535=EDGE_LOOP('',(#562));
#1536=EDGE_LOOP('',(#563));
#1537=EDGE_LOOP('',(#564));
#1538=EDGE_LOOP('',(#565));
#1539=EDGE_LOOP('',(#566));
#1540=EDGE_LOOP('',(#567));
#1541=EDGE_LOOP('',(#568));
#1542=EDGE_LOOP('',(#569));
#1543=EDGE_LOOP('',(#570));
#1544=EDGE_LOOP('',(#571));
#1545=EDGE_LOOP('',(#572,#573,#574,#575));
#1546=EDGE_LOOP('',(#576,#577,#578,#579));
#1547=EDGE_LOOP('',(#580,#581,#582,#583));
#1548=EDGE_LOOP('',(#584,#585,#586,#587));
#1549=EDGE_LOOP('',(#588,#589,#590,#591));
#1550=EDGE_LOOP('',(#592,#593,#594,#595));
#1551=EDGE_LOOP('',(#596,#597,#598,#599,#600,#601));
#1552=EDGE_LOOP('',(#602,#603,#604,#605));
#1553=EDGE_LOOP('',(#606,#607,#608,#609));
#1554=EDGE_LOOP('',(#610,#611,#612,#613,#614,#615));
#1555=EDGE_LOOP('',(#616,#617,#618,#619));
#1556=EDGE_LOOP('',(#620,#621,#622,#623));
#1557=EDGE_LOOP('',(#624,#625,#626,#627));
#1558=EDGE_LOOP('',(#628,#629,#630,#631));
#1559=EDGE_LOOP('',(#632,#633,#634,#635));
#1560=EDGE_LOOP('',(#636,#637,#638,#639));
#1561=EDGE_LOOP('',(#640,#641,#642,#643));
#1562=FACE_BOUND('',#1422,.T.);
#1563=FACE_BOUND('',#1423,.T.);
#1564=FACE_BOUND('',#1424,.T.);
#1565=FACE_BOUND('',#1425,.T.);
#1566=FACE_BOUND('',#1426,.T.);
#1567=FACE_BOUND('',#1427,.T.);
#1568=FACE_BOUND('',#1428,.T.);
#1569=FACE_BOUND('',#1429,.T.);
#1570=FACE_BOUND('',#1430,.T.);
#1571=FACE_BOUND('',#1431,.T.);
#1572=FACE_BOUND('',#1432,.T.);
#1573=FACE_BOUND('',#1433,.T.);
#1574=FACE_BOUND('',#1434,.T.);
#1575=FACE_BOUND('',#1435,.T.);
#1576=FACE_BOUND('',#1436,.T.);
#1577=FACE_BOUND('',#1437,.T.);
#1578=FACE_BOUND('',#1438,.T.);
#1579=FACE_BOUND('',#1439,.T.);
#1580=FACE_BOUND('',#1440,.T.);
#1581=FACE_BOUND('',#1441,.T.);
#1582=FACE_BOUND('',#1442,.T.);
#1583=FACE_BOUND('',#1443,.T.);
#1584=FACE_BOUND('',#1444,.T.);
#1585=FACE_BOUND('',#1445,.T.);
#1586=FACE_BOUND('',#1446,.T.);
#1587=FACE_BOUND('',#1447,.T.);
#1588=FACE_BOUND('',#1448,.T.);
#1589=FACE_BOUND('',#1449,.T.);
#1590=FACE_BOUND('',#1450,.T.);
#1591=FACE_BOUND('',#1451,.T.);
#1592=FACE_BOUND('',#1452,.T.);
#1593=FACE_BOUND('',#1453,.T.);
#1594=FACE_BOUND('',#1454,.T.);
#1595=FACE_BOUND('',#1455,.T.);
#1596=FACE_BOUND('',#1456,.T.);
#1597=FACE_BOUND('',#1457,.T.);
#1598=FACE_BOUND('',#1458,.T.);
#1599=FACE_BOUND('',#1459,.T.);
#1600=FACE_BOUND('',#1460,.T.);
#1601=FACE_BOUND('',#1461,.T.);
#1602=FACE_BOUND('',#1462,.T.);
#1603=FACE_BOUND('',#1463,.T.);
#1604=FACE_BOUND('',#1464,.T.);
#1605=FACE_BOUND('',#1465,.T.);
#1606=FACE_BOUND('',#1466,.T.);
#1607=FACE_BOUND('',#1467,.T.);
#1608=FACE_BOUND('',#1468,.T.);
#1609=FACE_BOUND('',#1469,.T.);
#1610=FACE_BOUND('',#1470,.T.);
#1611=FACE_BOUND('',#1471,.T.);
#1612=FACE_BOUND('',#1472,.T.);
#1613=FACE_BOUND('',#1473,.T.);
#1614=FACE_BOUND('',#1474,.T.);
#1615=FACE_BOUND('',#1475,.T.);
#1616=FACE_BOUND('',#1476,.T.);
#1617=FACE_BOUND('',#1477,.T.);
#1618=FACE_BOUND('',#1478,.T.);
#1619=FACE_BOUND('',#1479,.T.);
#1620=FACE_BOUND('',#1480,.T.);
#1621=FACE_BOUND('',#1481,.T.);
#1622=FACE_BOUND('',#1482,.T.);
#1623=FACE_BOUND('',#1483,.T.);
#1624=FACE_BOUND('',#1484,.T.);
#1625=FACE_BOUND('',#1485,.T.);
#1626=FACE_BOUND('',#1486,.T.);
#1627=FACE_BOUND('',#1487,.T.);
#1628=FACE_BOUND('',#1488,.T.);
#1629=FACE_BOUND('',#1489,.T.);
#1630=FACE_BOUND('',#1490,.T.);
#1631=FACE_BOUND('',#1491,.T.);
#1632=FACE_BOUND('',#1492,.T.);
#1633=FACE_BOUND('',#1493,.T.);
#1634=FACE_BOUND('',#1494,.T.);
#1635=FACE_BOUND('',#1495,.T.);
#1636=FACE_BOUND('',#1496,.T.);
#1637=FACE_BOUND('',#1497,.T.);
#1638=FACE_BOUND('',#1498,.T.);
#1639=FACE_BOUND('',#1499,.T.);
#1640=FACE_BOUND('',#1500,.T.);
#1641=FACE_BOUND('',#1501,.T.);
#1642=FACE_BOUND('',#1502,.T.);
#1643=FACE_BOUND('',#1503,.T.);
#1644=FACE_BOUND('',#1504,.T.);
#1645=FACE_BOUND('',#1505,.T.);
#1646=FACE_BOUND('',#1506,.T.);
#1647=FACE_BOUND('',#1507,.T.);
#1648=FACE_BOUND('',#1508,.T.);
#1649=FACE_BOUND('',#1509,.T.);
#1650=FACE_BOUND('',#1510,.T.);
#1651=FACE_BOUND('',#1511,.T.);
#1652=FACE_BOUND('',#1512,.T.);
#1653=FACE_BOUND('',#1513,.T.);
#1654=FACE_BOUND('',#1514,.T.);
#1655=FACE_BOUND('',#1515,.T.);
#1656=FACE_BOUND('',#1516,.T.);
#1657=FACE_BOUND('',#1517,.T.);
#1658=FACE_BOUND('',#1518,.T.);
#1659=FACE_BOUND('',#1519,.T.);
#1660=FACE_BOUND('',#1520,.T.);
#1661=FACE_BOUND('',#1521,.T.);
#1662=FACE_BOUND('',#1522,.T.);
#1663=FACE_BOUND('',#1523,.T.);
#1664=FACE_BOUND('',#1524,.T.);
#1665=FACE_BOUND('',#1525,.T.);
#1666=FACE_BOUND('',#1526,.T.);
#1667=FACE_BOUND('',#1527,.T.);
#1668=FACE_BOUND('',#1528,.T.);
#1669=FACE_BOUND('',#1529,.T.);
#1670=FACE_BOUND('',#1530,.T.);
#1671=FACE_BOUND('',#1531,.T.);
#1672=FACE_BOUND('',#1532,.T.);
#1673=FACE_BOUND('',#1533,.T.);
#1674=FACE_BOUND('',#1534,.T.);
#1675=FACE_BOUND('',#1535,.T.);
#1676=FACE_BOUND('',#1536,.T.);
#1677=FACE_BOUND('',#1537,.T.);
#1678=FACE_BOUND('',#1538,.T.);
#1679=FACE_BOUND('',#1539,.T.);
#1680=FACE_BOUND('',#1540,.T.);
#1681=FACE_BOUND('',#1541,.T.);
#1682=FACE_BOUND('',#1542,.T.);
#1683=FACE_BOUND('',#1543,.T.);
#1684=FACE_BOUND('',#1544,.T.);
#1685=FACE_BOUND('',#1545,.T.);
#1686=FACE_BOUND('',#1546,.T.);
#1687=FACE_BOUND('',#1547,.T.);
#1688=FACE_BOUND('',#1548,.T.);
#1689=FACE_BOUND('',#1549,.T.);
#1690=FACE_BOUND('',#1550,.T.);
#1691=FACE_BOUND('',#1551,.T.);
#1692=FACE_BOUND('',#1552,.T.);
#1693=FACE_BOUND('',#1553,.T.);
#1694=FACE_BOUND('',#1554,.T.);
#1695=FACE_BOUND('',#1555,.T.);
#1696=FACE_BOUND('',#1556,.T.);
#1697=FACE_BOUND('',#1557,.T.);
#1698=FACE_BOUND('',#1558,.T.);
#1699=FACE_BOUND('',#1559,.T.);
#1700=FACE_BOUND('',#1560,.T.);
#1701=FACE_BOUND('',#1561,.T.);
#1702=PLANE('',#2645);
#1703=PLANE('',#2652);
#1704=PLANE('',#2654);
#1705=PLANE('',#2656);
#1706=PLANE('',#2659);
#1707=PLANE('',#2662);
#1708=PLANE('',#2677);
#1709=PLANE('',#2679);
#1710=PLANE('',#2681);
#1711=PLANE('',#2685);
#1712=PLANE('',#2686);
#1713=PLANE('',#2687);
#1714=PLANE('',#2691);
#1715=PLANE('',#2692);
#1716=PLANE('',#2696);
#1717=PLANE('',#2697);
#1718=PLANE('',#2698);
#1719=PLANE('',#2702);
#1720=PLANE('',#2707);
#1721=PLANE('',#2709);
#1722=PLANE('',#2712);
#1723=PLANE('',#2714);
#1724=PLANE('',#2717);
#1725=PLANE('',#2723);
#1726=PLANE('',#2727);
#1727=PLANE('',#2731);
#1728=PLANE('',#2735);
#1729=PLANE('',#2744);
#1730=PLANE('',#2746);
#1731=PLANE('',#2748);
#1732=PLANE('',#2750);
#1733=PLANE('',#2752);
#1734=PLANE('',#2757);
#1735=PLANE('',#2760);
#1736=PLANE('',#2761);
#1737=PLANE('',#2762);
#1738=PLANE('',#2763);
#1739=PLANE('',#2764);
#1740=PLANE('',#2765);
#1741=PLANE('',#2766);
#1742=PLANE('',#2767);
#1743=PLANE('',#2768);
#1744=PLANE('',#2769);
#1745=PLANE('',#2770);
#1746=PLANE('',#2772);
#1747=PLANE('',#2773);
#1748=PLANE('',#2775);
#1749=PLANE('',#2776);
#1750=PLANE('',#2777);
#1751=PLANE('',#2778);
#1752=PLANE('',#2779);
#1753=PLANE('',#2782);
#1754=PLANE('',#2783);
#1755=PLANE('',#2784);
#1756=PLANE('',#2785);
#1757=PLANE('',#2786);
#1758=PLANE('',#2787);
#1759=PLANE('',#2788);
#1760=PLANE('',#2792);
#1761=PLANE('',#2794);
#1762=PLANE('',#2795);
#1763=PLANE('',#2796);
#1764=PLANE('',#2797);
#1765=PLANE('',#2804);
#1766=PLANE('',#2805);
#1767=PLANE('',#2806);
#1768=PLANE('',#2807);
#1769=PLANE('',#2812);
#1770=PLANE('',#2813);
#1771=PLANE('',#2814);
#1772=PLANE('',#2815);
#1773=PLANE('',#2818);
#1774=STYLED_ITEM('',(#1882),#2532);
#1775=STYLED_ITEM('',(#1883),#2533);
#1776=STYLED_ITEM('',(#1884),#2534);
#1777=STYLED_ITEM('',(#1885),#2535);
#1778=STYLED_ITEM('',(#1886),#2536);
#1779=STYLED_ITEM('',(#1887),#2537);
#1780=STYLED_ITEM('',(#1888),#2538);
#1781=STYLED_ITEM('',(#1889),#2539);
#1782=STYLED_ITEM('',(#1890),#2540);
#1783=STYLED_ITEM('',(#1891),#2541);
#1784=STYLED_ITEM('',(#1892),#2542);
#1785=STYLED_ITEM('',(#1893),#2543);
#1786=STYLED_ITEM('',(#1894),#2544);
#1787=STYLED_ITEM('',(#1895),#2545);
#1788=STYLED_ITEM('',(#1896),#2546);
#1789=STYLED_ITEM('',(#1897),#2547);
#1790=STYLED_ITEM('',(#1898),#2548);
#1791=STYLED_ITEM('',(#1899),#2549);
#1792=STYLED_ITEM('',(#1900),#2550);
#1793=STYLED_ITEM('',(#1901),#2551);
#1794=STYLED_ITEM('',(#1902),#2552);
#1795=STYLED_ITEM('',(#1903),#2553);
#1796=STYLED_ITEM('',(#1904),#2554);
#1797=STYLED_ITEM('',(#1905),#2555);
#1798=STYLED_ITEM('',(#1906),#2556);
#1799=STYLED_ITEM('',(#1907),#2557);
#1800=STYLED_ITEM('',(#1908),#2558);
#1801=STYLED_ITEM('',(#1909),#2559);
#1802=STYLED_ITEM('',(#1910),#2560);
#1803=STYLED_ITEM('',(#1911),#2561);
#1804=STYLED_ITEM('',(#1912),#2562);
#1805=STYLED_ITEM('',(#1913),#2563);
#1806=STYLED_ITEM('',(#1914),#2564);
#1807=STYLED_ITEM('',(#1915),#2565);
#1808=STYLED_ITEM('',(#1916),#2566);
#1809=STYLED_ITEM('',(#1917),#2567);
#1810=STYLED_ITEM('',(#1918),#2568);
#1811=STYLED_ITEM('',(#1919),#2569);
#1812=STYLED_ITEM('',(#1920),#2570);
#1813=STYLED_ITEM('',(#1921),#2571);
#1814=STYLED_ITEM('',(#1922),#2572);
#1815=STYLED_ITEM('',(#1923),#2573);
#1816=STYLED_ITEM('',(#1924),#2574);
#1817=STYLED_ITEM('',(#1925),#2575);
#1818=STYLED_ITEM('',(#1926),#2576);
#1819=STYLED_ITEM('',(#1927),#2577);
#1820=STYLED_ITEM('',(#1928),#2578);
#1821=STYLED_ITEM('',(#1929),#2579);
#1822=STYLED_ITEM('',(#1930),#2580);
#1823=STYLED_ITEM('',(#1931),#2581);
#1824=STYLED_ITEM('',(#1932),#2582);
#1825=STYLED_ITEM('',(#1933),#2583);
#1826=STYLED_ITEM('',(#1934),#2584);
#1827=STYLED_ITEM('',(#1935),#2585);
#1828=STYLED_ITEM('',(#1936),#2586);
#1829=STYLED_ITEM('',(#1937),#2587);
#1830=STYLED_ITEM('',(#1938),#2588);
#1831=STYLED_ITEM('',(#1939),#2589);
#1832=STYLED_ITEM('',(#1940),#2590);
#1833=STYLED_ITEM('',(#1941),#2591);
#1834=STYLED_ITEM('',(#1942),#2592);
#1835=STYLED_ITEM('',(#1943),#2593);
#1836=STYLED_ITEM('',(#1944),#2594);
#1837=STYLED_ITEM('',(#1945),#2595);
#1838=STYLED_ITEM('',(#1946),#2596);
#1839=STYLED_ITEM('',(#1947),#2597);
#1840=STYLED_ITEM('',(#1948),#2598);
#1841=STYLED_ITEM('',(#1949),#2599);
#1842=STYLED_ITEM('',(#1950),#2600);
#1843=STYLED_ITEM('',(#1951),#2601);
#1844=STYLED_ITEM('',(#1952),#2602);
#1845=STYLED_ITEM('',(#1953),#2603);
#1846=STYLED_ITEM('',(#1954),#2604);
#1847=STYLED_ITEM('',(#1955),#2605);
#1848=STYLED_ITEM('',(#1956),#2606);
#1849=STYLED_ITEM('',(#1957),#2607);
#1850=STYLED_ITEM('',(#1958),#2608);
#1851=STYLED_ITEM('',(#1959),#2609);
#1852=STYLED_ITEM('',(#1960),#2610);
#1853=STYLED_ITEM('',(#1961),#2611);
#1854=STYLED_ITEM('',(#1962),#2612);
#1855=STYLED_ITEM('',(#1963),#2613);
#1856=STYLED_ITEM('',(#1964),#2614);
#1857=STYLED_ITEM('',(#1965),#2615);
#1858=STYLED_ITEM('',(#1966),#2616);
#1859=STYLED_ITEM('',(#1967),#2617);
#1860=STYLED_ITEM('',(#1968),#2618);
#1861=STYLED_ITEM('',(#1969),#2619);
#1862=STYLED_ITEM('',(#1970),#2620);
#1863=STYLED_ITEM('',(#1971),#2621);
#1864=STYLED_ITEM('',(#1972),#2622);
#1865=STYLED_ITEM('',(#1973),#2623);
#1866=STYLED_ITEM('',(#1974),#2624);
#1867=STYLED_ITEM('',(#1975),#2625);
#1868=STYLED_ITEM('',(#1976),#2626);
#1869=STYLED_ITEM('',(#1977),#2627);
#1870=STYLED_ITEM('',(#1978),#2628);
#1871=STYLED_ITEM('',(#1979),#2629);
#1872=STYLED_ITEM('',(#1980),#2630);
#1873=STYLED_ITEM('',(#1981),#2631);
#1874=STYLED_ITEM('',(#1982),#2632);
#1875=STYLED_ITEM('',(#1983),#2633);
#1876=STYLED_ITEM('',(#1984),#2634);
#1877=STYLED_ITEM('',(#1985),#2635);
#1878=STYLED_ITEM('',(#1986),#2636);
#1879=STYLED_ITEM('',(#1987),#2637);
#1880=STYLED_ITEM('',(#1988),#2638);
#1881=STYLED_ITEM('',(#1989),#2639);
#1882=PRESENTATION_STYLE_ASSIGNMENT((#1990));
#1883=PRESENTATION_STYLE_ASSIGNMENT((#1991));
#1884=PRESENTATION_STYLE_ASSIGNMENT((#1992));
#1885=PRESENTATION_STYLE_ASSIGNMENT((#1993));
#1886=PRESENTATION_STYLE_ASSIGNMENT((#1994));
#1887=PRESENTATION_STYLE_ASSIGNMENT((#1995));
#1888=PRESENTATION_STYLE_ASSIGNMENT((#1996));
#1889=PRESENTATION_STYLE_ASSIGNMENT((#1997));
#1890=PRESENTATION_STYLE_ASSIGNMENT((#1998));
#1891=PRESENTATION_STYLE_ASSIGNMENT((#1999));
#1892=PRESENTATION_STYLE_ASSIGNMENT((#2000));
#1893=PRESENTATION_STYLE_ASSIGNMENT((#2001));
#1894=PRESENTATION_STYLE_ASSIGNMENT((#2002));
#1895=PRESENTATION_STYLE_ASSIGNMENT((#2003));
#1896=PRESENTATION_STYLE_ASSIGNMENT((#2004));
#1897=PRESENTATION_STYLE_ASSIGNMENT((#2005));
#1898=PRESENTATION_STYLE_ASSIGNMENT((#2006));
#1899=PRESENTATION_STYLE_ASSIGNMENT((#2007));
#1900=PRESENTATION_STYLE_ASSIGNMENT((#2008));
#1901=PRESENTATION_STYLE_ASSIGNMENT((#2009));
#1902=PRESENTATION_STYLE_ASSIGNMENT((#2010));
#1903=PRESENTATION_STYLE_ASSIGNMENT((#2011));
#1904=PRESENTATION_STYLE_ASSIGNMENT((#2012));
#1905=PRESENTATION_STYLE_ASSIGNMENT((#2013));
#1906=PRESENTATION_STYLE_ASSIGNMENT((#2014));
#1907=PRESENTATION_STYLE_ASSIGNMENT((#2015));
#1908=PRESENTATION_STYLE_ASSIGNMENT((#2016));
#1909=PRESENTATION_STYLE_ASSIGNMENT((#2017));
#1910=PRESENTATION_STYLE_ASSIGNMENT((#2018));
#1911=PRESENTATION_STYLE_ASSIGNMENT((#2019));
#1912=PRESENTATION_STYLE_ASSIGNMENT((#2020));
#1913=PRESENTATION_STYLE_ASSIGNMENT((#2021));
#1914=PRESENTATION_STYLE_ASSIGNMENT((#2022));
#1915=PRESENTATION_STYLE_ASSIGNMENT((#2023));
#1916=PRESENTATION_STYLE_ASSIGNMENT((#2024));
#1917=PRESENTATION_STYLE_ASSIGNMENT((#2025));
#1918=PRESENTATION_STYLE_ASSIGNMENT((#2026));
#1919=PRESENTATION_STYLE_ASSIGNMENT((#2027));
#1920=PRESENTATION_STYLE_ASSIGNMENT((#2028));
#1921=PRESENTATION_STYLE_ASSIGNMENT((#2029));
#1922=PRESENTATION_STYLE_ASSIGNMENT((#2030));
#1923=PRESENTATION_STYLE_ASSIGNMENT((#2031));
#1924=PRESENTATION_STYLE_ASSIGNMENT((#2032));
#1925=PRESENTATION_STYLE_ASSIGNMENT((#2033));
#1926=PRESENTATION_STYLE_ASSIGNMENT((#2034));
#1927=PRESENTATION_STYLE_ASSIGNMENT((#2035));
#1928=PRESENTATION_STYLE_ASSIGNMENT((#2036));
#1929=PRESENTATION_STYLE_ASSIGNMENT((#2037));
#1930=PRESENTATION_STYLE_ASSIGNMENT((#2038));
#1931=PRESENTATION_STYLE_ASSIGNMENT((#2039));
#1932=PRESENTATION_STYLE_ASSIGNMENT((#2040));
#1933=PRESENTATION_STYLE_ASSIGNMENT((#2041));
#1934=PRESENTATION_STYLE_ASSIGNMENT((#2042));
#1935=PRESENTATION_STYLE_ASSIGNMENT((#2043));
#1936=PRESENTATION_STYLE_ASSIGNMENT((#2044));
#1937=PRESENTATION_STYLE_ASSIGNMENT((#2045));
#1938=PRESENTATION_STYLE_ASSIGNMENT((#2046));
#1939=PRESENTATION_STYLE_ASSIGNMENT((#2047));
#1940=PRESENTATION_STYLE_ASSIGNMENT((#2048));
#1941=PRESENTATION_STYLE_ASSIGNMENT((#2049));
#1942=PRESENTATION_STYLE_ASSIGNMENT((#2050));
#1943=PRESENTATION_STYLE_ASSIGNMENT((#2051));
#1944=PRESENTATION_STYLE_ASSIGNMENT((#2052));
#1945=PRESENTATION_STYLE_ASSIGNMENT((#2053));
#1946=PRESENTATION_STYLE_ASSIGNMENT((#2054));
#1947=PRESENTATION_STYLE_ASSIGNMENT((#2055));
#1948=PRESENTATION_STYLE_ASSIGNMENT((#2056));
#1949=PRESENTATION_STYLE_ASSIGNMENT((#2057));
#1950=PRESENTATION_STYLE_ASSIGNMENT((#2058));
#1951=PRESENTATION_STYLE_ASSIGNMENT((#2059));
#1952=PRESENTATION_STYLE_ASSIGNMENT((#2060));
#1953=PRESENTATION_STYLE_ASSIGNMENT((#2061));
#1954=PRESENTATION_STYLE_ASSIGNMENT((#2062));
#1955=PRESENTATION_STYLE_ASSIGNMENT((#2063));
#1956=PRESENTATION_STYLE_ASSIGNMENT((#2064));
#1957=PRESENTATION_STYLE_ASSIGNMENT((#2065));
#1958=PRESENTATION_STYLE_ASSIGNMENT((#2066));
#1959=PRESENTATION_STYLE_ASSIGNMENT((#2067));
#1960=PRESENTATION_STYLE_ASSIGNMENT((#2068));
#1961=PRESENTATION_STYLE_ASSIGNMENT((#2069));
#1962=PRESENTATION_STYLE_ASSIGNMENT((#2070));
#1963=PRESENTATION_STYLE_ASSIGNMENT((#2071));
#1964=PRESENTATION_STYLE_ASSIGNMENT((#2072));
#1965=PRESENTATION_STYLE_ASSIGNMENT((#2073));
#1966=PRESENTATION_STYLE_ASSIGNMENT((#2074));
#1967=PRESENTATION_STYLE_ASSIGNMENT((#2075));
#1968=PRESENTATION_STYLE_ASSIGNMENT((#2076));
#1969=PRESENTATION_STYLE_ASSIGNMENT((#2077));
#1970=PRESENTATION_STYLE_ASSIGNMENT((#2078));
#1971=PRESENTATION_STYLE_ASSIGNMENT((#2079));
#1972=PRESENTATION_STYLE_ASSIGNMENT((#2080));
#1973=PRESENTATION_STYLE_ASSIGNMENT((#2081));
#1974=PRESENTATION_STYLE_ASSIGNMENT((#2082));
#1975=PRESENTATION_STYLE_ASSIGNMENT((#2083));
#1976=PRESENTATION_STYLE_ASSIGNMENT((#2084));
#1977=PRESENTATION_STYLE_ASSIGNMENT((#2085));
#1978=PRESENTATION_STYLE_ASSIGNMENT((#2086));
#1979=PRESENTATION_STYLE_ASSIGNMENT((#2087));
#1980=PRESENTATION_STYLE_ASSIGNMENT((#2088));
#1981=PRESENTATION_STYLE_ASSIGNMENT((#2089));
#1982=PRESENTATION_STYLE_ASSIGNMENT((#2090));
#1983=PRESENTATION_STYLE_ASSIGNMENT((#2091));
#1984=PRESENTATION_STYLE_ASSIGNMENT((#2092));
#1985=PRESENTATION_STYLE_ASSIGNMENT((#2093));
#1986=PRESENTATION_STYLE_ASSIGNMENT((#2094));
#1987=PRESENTATION_STYLE_ASSIGNMENT((#2095));
#1988=PRESENTATION_STYLE_ASSIGNMENT((#2096));
#1989=PRESENTATION_STYLE_ASSIGNMENT((#2097));
#1990=SURFACE_STYLE_USAGE(.BOTH.,#2098);
#1991=SURFACE_STYLE_USAGE(.BOTH.,#2099);
#1992=SURFACE_STYLE_USAGE(.BOTH.,#2100);
#1993=SURFACE_STYLE_USAGE(.BOTH.,#2101);
#1994=SURFACE_STYLE_USAGE(.BOTH.,#2102);
#1995=SURFACE_STYLE_USAGE(.BOTH.,#2103);
#1996=SURFACE_STYLE_USAGE(.BOTH.,#2104);
#1997=SURFACE_STYLE_USAGE(.BOTH.,#2105);
#1998=SURFACE_STYLE_USAGE(.BOTH.,#2106);
#1999=SURFACE_STYLE_USAGE(.BOTH.,#2107);
#2000=SURFACE_STYLE_USAGE(.BOTH.,#2108);
#2001=SURFACE_STYLE_USAGE(.BOTH.,#2109);
#2002=SURFACE_STYLE_USAGE(.BOTH.,#2110);
#2003=SURFACE_STYLE_USAGE(.BOTH.,#2111);
#2004=SURFACE_STYLE_USAGE(.BOTH.,#2112);
#2005=SURFACE_STYLE_USAGE(.BOTH.,#2113);
#2006=SURFACE_STYLE_USAGE(.BOTH.,#2114);
#2007=SURFACE_STYLE_USAGE(.BOTH.,#2115);
#2008=SURFACE_STYLE_USAGE(.BOTH.,#2116);
#2009=SURFACE_STYLE_USAGE(.BOTH.,#2117);
#2010=SURFACE_STYLE_USAGE(.BOTH.,#2118);
#2011=SURFACE_STYLE_USAGE(.BOTH.,#2119);
#2012=SURFACE_STYLE_USAGE(.BOTH.,#2120);
#2013=SURFACE_STYLE_USAGE(.BOTH.,#2121);
#2014=SURFACE_STYLE_USAGE(.BOTH.,#2122);
#2015=SURFACE_STYLE_USAGE(.BOTH.,#2123);
#2016=SURFACE_STYLE_USAGE(.BOTH.,#2124);
#2017=SURFACE_STYLE_USAGE(.BOTH.,#2125);
#2018=SURFACE_STYLE_USAGE(.BOTH.,#2126);
#2019=SURFACE_STYLE_USAGE(.BOTH.,#2127);
#2020=SURFACE_STYLE_USAGE(.BOTH.,#2128);
#2021=SURFACE_STYLE_USAGE(.BOTH.,#2129);
#2022=SURFACE_STYLE_USAGE(.BOTH.,#2130);
#2023=SURFACE_STYLE_USAGE(.BOTH.,#2131);
#2024=SURFACE_STYLE_USAGE(.BOTH.,#2132);
#2025=SURFACE_STYLE_USAGE(.BOTH.,#2133);
#2026=SURFACE_STYLE_USAGE(.BOTH.,#2134);
#2027=SURFACE_STYLE_USAGE(.BOTH.,#2135);
#2028=SURFACE_STYLE_USAGE(.BOTH.,#2136);
#2029=SURFACE_STYLE_USAGE(.BOTH.,#2137);
#2030=SURFACE_STYLE_USAGE(.BOTH.,#2138);
#2031=SURFACE_STYLE_USAGE(.BOTH.,#2139);
#2032=SURFACE_STYLE_USAGE(.BOTH.,#2140);
#2033=SURFACE_STYLE_USAGE(.BOTH.,#2141);
#2034=SURFACE_STYLE_USAGE(.BOTH.,#2142);
#2035=SURFACE_STYLE_USAGE(.BOTH.,#2143);
#2036=SURFACE_STYLE_USAGE(.BOTH.,#2144);
#2037=SURFACE_STYLE_USAGE(.BOTH.,#2145);
#2038=SURFACE_STYLE_USAGE(.BOTH.,#2146);
#2039=SURFACE_STYLE_USAGE(.BOTH.,#2147);
#2040=SURFACE_STYLE_USAGE(.BOTH.,#2148);
#2041=SURFACE_STYLE_USAGE(.BOTH.,#2149);
#2042=SURFACE_STYLE_USAGE(.BOTH.,#2150);
#2043=SURFACE_STYLE_USAGE(.BOTH.,#2151);
#2044=SURFACE_STYLE_USAGE(.BOTH.,#2152);
#2045=SURFACE_STYLE_USAGE(.BOTH.,#2153);
#2046=SURFACE_STYLE_USAGE(.BOTH.,#2154);
#2047=SURFACE_STYLE_USAGE(.BOTH.,#2155);
#2048=SURFACE_STYLE_USAGE(.BOTH.,#2156);
#2049=SURFACE_STYLE_USAGE(.BOTH.,#2157);
#2050=SURFACE_STYLE_USAGE(.BOTH.,#2158);
#2051=SURFACE_STYLE_USAGE(.BOTH.,#2159);
#2052=SURFACE_STYLE_USAGE(.BOTH.,#2160);
#2053=SURFACE_STYLE_USAGE(.BOTH.,#2161);
#2054=SURFACE_STYLE_USAGE(.BOTH.,#2162);
#2055=SURFACE_STYLE_USAGE(.BOTH.,#2163);
#2056=SURFACE_STYLE_USAGE(.BOTH.,#2164);
#2057=SURFACE_STYLE_USAGE(.BOTH.,#2165);
#2058=SURFACE_STYLE_USAGE(.BOTH.,#2166);
#2059=SURFACE_STYLE_USAGE(.BOTH.,#2167);
#2060=SURFACE_STYLE_USAGE(.BOTH.,#2168);
#2061=SURFACE_STYLE_USAGE(.BOTH.,#2169);
#2062=SURFACE_STYLE_USAGE(.BOTH.,#2170);
#2063=SURFACE_STYLE_USAGE(.BOTH.,#2171);
#2064=SURFACE_STYLE_USAGE(.BOTH.,#2172);
#2065=SURFACE_STYLE_USAGE(.BOTH.,#2173);
#2066=SURFACE_STYLE_USAGE(.BOTH.,#2174);
#2067=SURFACE_STYLE_USAGE(.BOTH.,#2175);
#2068=SURFACE_STYLE_USAGE(.BOTH.,#2176);
#2069=SURFACE_STYLE_USAGE(.BOTH.,#2177);
#2070=SURFACE_STYLE_USAGE(.BOTH.,#2178);
#2071=SURFACE_STYLE_USAGE(.BOTH.,#2179);
#2072=SURFACE_STYLE_USAGE(.BOTH.,#2180);
#2073=SURFACE_STYLE_USAGE(.BOTH.,#2181);
#2074=SURFACE_STYLE_USAGE(.BOTH.,#2182);
#2075=SURFACE_STYLE_USAGE(.BOTH.,#2183);
#2076=SURFACE_STYLE_USAGE(.BOTH.,#2184);
#2077=SURFACE_STYLE_USAGE(.BOTH.,#2185);
#2078=SURFACE_STYLE_USAGE(.BOTH.,#2186);
#2079=SURFACE_STYLE_USAGE(.BOTH.,#2187);
#2080=SURFACE_STYLE_USAGE(.BOTH.,#2188);
#2081=SURFACE_STYLE_USAGE(.BOTH.,#2189);
#2082=SURFACE_STYLE_USAGE(.BOTH.,#2190);
#2083=SURFACE_STYLE_USAGE(.BOTH.,#2191);
#2084=SURFACE_STYLE_USAGE(.BOTH.,#2192);
#2085=SURFACE_STYLE_USAGE(.BOTH.,#2193);
#2086=SURFACE_STYLE_USAGE(.BOTH.,#2194);
#2087=SURFACE_STYLE_USAGE(.BOTH.,#2195);
#2088=SURFACE_STYLE_USAGE(.BOTH.,#2196);
#2089=SURFACE_STYLE_USAGE(.BOTH.,#2197);
#2090=SURFACE_STYLE_USAGE(.BOTH.,#2198);
#2091=SURFACE_STYLE_USAGE(.BOTH.,#2199);
#2092=SURFACE_STYLE_USAGE(.BOTH.,#2200);
#2093=SURFACE_STYLE_USAGE(.BOTH.,#2201);
#2094=SURFACE_STYLE_USAGE(.BOTH.,#2202);
#2095=SURFACE_STYLE_USAGE(.BOTH.,#2203);
#2096=SURFACE_STYLE_USAGE(.BOTH.,#2204);
#2097=SURFACE_STYLE_USAGE(.BOTH.,#2205);
#2098=SURFACE_SIDE_STYLE('',(#2206));
#2099=SURFACE_SIDE_STYLE('',(#2207));
#2100=SURFACE_SIDE_STYLE('',(#2208));
#2101=SURFACE_SIDE_STYLE('',(#2209));
#2102=SURFACE_SIDE_STYLE('',(#2210));
#2103=SURFACE_SIDE_STYLE('',(#2211));
#2104=SURFACE_SIDE_STYLE('',(#2212));
#2105=SURFACE_SIDE_STYLE('',(#2213));
#2106=SURFACE_SIDE_STYLE('',(#2214));
#2107=SURFACE_SIDE_STYLE('',(#2215));
#2108=SURFACE_SIDE_STYLE('',(#2216));
#2109=SURFACE_SIDE_STYLE('',(#2217));
#2110=SURFACE_SIDE_STYLE('',(#2218));
#2111=SURFACE_SIDE_STYLE('',(#2219));
#2112=SURFACE_SIDE_STYLE('',(#2220));
#2113=SURFACE_SIDE_STYLE('',(#2221));
#2114=SURFACE_SIDE_STYLE('',(#2222));
#2115=SURFACE_SIDE_STYLE('',(#2223));
#2116=SURFACE_SIDE_STYLE('',(#2224));
#2117=SURFACE_SIDE_STYLE('',(#2225));
#2118=SURFACE_SIDE_STYLE('',(#2226));
#2119=SURFACE_SIDE_STYLE('',(#2227));
#2120=SURFACE_SIDE_STYLE('',(#2228));
#2121=SURFACE_SIDE_STYLE('',(#2229));
#2122=SURFACE_SIDE_STYLE('',(#2230));
#2123=SURFACE_SIDE_STYLE('',(#2231));
#2124=SURFACE_SIDE_STYLE('',(#2232));
#2125=SURFACE_SIDE_STYLE('',(#2233));
#2126=SURFACE_SIDE_STYLE('',(#2234));
#2127=SURFACE_SIDE_STYLE('',(#2235));
#2128=SURFACE_SIDE_STYLE('',(#2236));
#2129=SURFACE_SIDE_STYLE('',(#2237));
#2130=SURFACE_SIDE_STYLE('',(#2238));
#2131=SURFACE_SIDE_STYLE('',(#2239));
#2132=SURFACE_SIDE_STYLE('',(#2240));
#2133=SURFACE_SIDE_STYLE('',(#2241));
#2134=SURFACE_SIDE_STYLE('',(#2242));
#2135=SURFACE_SIDE_STYLE('',(#2243));
#2136=SURFACE_SIDE_STYLE('',(#2244));
#2137=SURFACE_SIDE_STYLE('',(#2245));
#2138=SURFACE_SIDE_STYLE('',(#2246));
#2139=SURFACE_SIDE_STYLE('',(#2247));
#2140=SURFACE_SIDE_STYLE('',(#2248));
#2141=SURFACE_SIDE_STYLE('',(#2249));
#2142=SURFACE_SIDE_STYLE('',(#2250));
#2143=SURFACE_SIDE_STYLE('',(#2251));
#2144=SURFACE_SIDE_STYLE('',(#2252));
#2145=SURFACE_SIDE_STYLE('',(#2253));
#2146=SURFACE_SIDE_STYLE('',(#2254));
#2147=SURFACE_SIDE_STYLE('',(#2255));
#2148=SURFACE_SIDE_STYLE('',(#2256));
#2149=SURFACE_SIDE_STYLE('',(#2257));
#2150=SURFACE_SIDE_STYLE('',(#2258));
#2151=SURFACE_SIDE_STYLE('',(#2259));
#2152=SURFACE_SIDE_STYLE('',(#2260));
#2153=SURFACE_SIDE_STYLE('',(#2261));
#2154=SURFACE_SIDE_STYLE('',(#2262));
#2155=SURFACE_SIDE_STYLE('',(#2263));
#2156=SURFACE_SIDE_STYLE('',(#2264));
#2157=SURFACE_SIDE_STYLE('',(#2265));
#2158=SURFACE_SIDE_STYLE('',(#2266));
#2159=SURFACE_SIDE_STYLE('',(#2267));
#2160=SURFACE_SIDE_STYLE('',(#2268));
#2161=SURFACE_SIDE_STYLE('',(#2269));
#2162=SURFACE_SIDE_STYLE('',(#2270));
#2163=SURFACE_SIDE_STYLE('',(#2271));
#2164=SURFACE_SIDE_STYLE('',(#2272));
#2165=SURFACE_SIDE_STYLE('',(#2273));
#2166=SURFACE_SIDE_STYLE('',(#2274));
#2167=SURFACE_SIDE_STYLE('',(#2275));
#2168=SURFACE_SIDE_STYLE('',(#2276));
#2169=SURFACE_SIDE_STYLE('',(#2277));
#2170=SURFACE_SIDE_STYLE('',(#2278));
#2171=SURFACE_SIDE_STYLE('',(#2279));
#2172=SURFACE_SIDE_STYLE('',(#2280));
#2173=SURFACE_SIDE_STYLE('',(#2281));
#2174=SURFACE_SIDE_STYLE('',(#2282));
#2175=SURFACE_SIDE_STYLE('',(#2283));
#2176=SURFACE_SIDE_STYLE('',(#2284));
#2177=SURFACE_SIDE_STYLE('',(#2285));
#2178=SURFACE_SIDE_STYLE('',(#2286));
#2179=SURFACE_SIDE_STYLE('',(#2287));
#2180=SURFACE_SIDE_STYLE('',(#2288));
#2181=SURFACE_SIDE_STYLE('',(#2289));
#2182=SURFACE_SIDE_STYLE('',(#2290));
#2183=SURFACE_SIDE_STYLE('',(#2291));
#2184=SURFACE_SIDE_STYLE('',(#2292));
#2185=SURFACE_SIDE_STYLE('',(#2293));
#2186=SURFACE_SIDE_STYLE('',(#2294));
#2187=SURFACE_SIDE_STYLE('',(#2295));
#2188=SURFACE_SIDE_STYLE('',(#2296));
#2189=SURFACE_SIDE_STYLE('',(#2297));
#2190=SURFACE_SIDE_STYLE('',(#2298));
#2191=SURFACE_SIDE_STYLE('',(#2299));
#2192=SURFACE_SIDE_STYLE('',(#2300));
#2193=SURFACE_SIDE_STYLE('',(#2301));
#2194=SURFACE_SIDE_STYLE('',(#2302));
#2195=SURFACE_SIDE_STYLE('',(#2303));
#2196=SURFACE_SIDE_STYLE('',(#2304));
#2197=SURFACE_SIDE_STYLE('',(#2305));
#2198=SURFACE_SIDE_STYLE('',(#2306));
#2199=SURFACE_SIDE_STYLE('',(#2307));
#2200=SURFACE_SIDE_STYLE('',(#2308));
#2201=SURFACE_SIDE_STYLE('',(#2309));
#2202=SURFACE_SIDE_STYLE('',(#2310));
#2203=SURFACE_SIDE_STYLE('',(#2311));
#2204=SURFACE_SIDE_STYLE('',(#2312));
#2205=SURFACE_SIDE_STYLE('',(#2313));
#2206=SURFACE_STYLE_FILL_AREA(#2314);
#2207=SURFACE_STYLE_FILL_AREA(#2315);
#2208=SURFACE_STYLE_FILL_AREA(#2316);
#2209=SURFACE_STYLE_FILL_AREA(#2317);
#2210=SURFACE_STYLE_FILL_AREA(#2318);
#2211=SURFACE_STYLE_FILL_AREA(#2319);
#2212=SURFACE_STYLE_FILL_AREA(#2320);
#2213=SURFACE_STYLE_FILL_AREA(#2321);
#2214=SURFACE_STYLE_FILL_AREA(#2322);
#2215=SURFACE_STYLE_FILL_AREA(#2323);
#2216=SURFACE_STYLE_FILL_AREA(#2324);
#2217=SURFACE_STYLE_FILL_AREA(#2325);
#2218=SURFACE_STYLE_FILL_AREA(#2326);
#2219=SURFACE_STYLE_FILL_AREA(#2327);
#2220=SURFACE_STYLE_FILL_AREA(#2328);
#2221=SURFACE_STYLE_FILL_AREA(#2329);
#2222=SURFACE_STYLE_FILL_AREA(#2330);
#2223=SURFACE_STYLE_FILL_AREA(#2331);
#2224=SURFACE_STYLE_FILL_AREA(#2332);
#2225=SURFACE_STYLE_FILL_AREA(#2333);
#2226=SURFACE_STYLE_FILL_AREA(#2334);
#2227=SURFACE_STYLE_FILL_AREA(#2335);
#2228=SURFACE_STYLE_FILL_AREA(#2336);
#2229=SURFACE_STYLE_FILL_AREA(#2337);
#2230=SURFACE_STYLE_FILL_AREA(#2338);
#2231=SURFACE_STYLE_FILL_AREA(#2339);
#2232=SURFACE_STYLE_FILL_AREA(#2340);
#2233=SURFACE_STYLE_FILL_AREA(#2341);
#2234=SURFACE_STYLE_FILL_AREA(#2342);
#2235=SURFACE_STYLE_FILL_AREA(#2343);
#2236=SURFACE_STYLE_FILL_AREA(#2344);
#2237=SURFACE_STYLE_FILL_AREA(#2345);
#2238=SURFACE_STYLE_FILL_AREA(#2346);
#2239=SURFACE_STYLE_FILL_AREA(#2347);
#2240=SURFACE_STYLE_FILL_AREA(#2348);
#2241=SURFACE_STYLE_FILL_AREA(#2349);
#2242=SURFACE_STYLE_FILL_AREA(#2350);
#2243=SURFACE_STYLE_FILL_AREA(#2351);
#2244=SURFACE_STYLE_FILL_AREA(#2352);
#2245=SURFACE_STYLE_FILL_AREA(#2353);
#2246=SURFACE_STYLE_FILL_AREA(#2354);
#2247=SURFACE_STYLE_FILL_AREA(#2355);
#2248=SURFACE_STYLE_FILL_AREA(#2356);
#2249=SURFACE_STYLE_FILL_AREA(#2357);
#2250=SURFACE_STYLE_FILL_AREA(#2358);
#2251=SURFACE_STYLE_FILL_AREA(#2359);
#2252=SURFACE_STYLE_FILL_AREA(#2360);
#2253=SURFACE_STYLE_FILL_AREA(#2361);
#2254=SURFACE_STYLE_FILL_AREA(#2362);
#2255=SURFACE_STYLE_FILL_AREA(#2363);
#2256=SURFACE_STYLE_FILL_AREA(#2364);
#2257=SURFACE_STYLE_FILL_AREA(#2365);
#2258=SURFACE_STYLE_FILL_AREA(#2366);
#2259=SURFACE_STYLE_FILL_AREA(#2367);
#2260=SURFACE_STYLE_FILL_AREA(#2368);
#2261=SURFACE_STYLE_FILL_AREA(#2369);
#2262=SURFACE_STYLE_FILL_AREA(#2370);
#2263=SURFACE_STYLE_FILL_AREA(#2371);
#2264=SURFACE_STYLE_FILL_AREA(#2372);
#2265=SURFACE_STYLE_FILL_AREA(#2373);
#2266=SURFACE_STYLE_FILL_AREA(#2374);
#2267=SURFACE_STYLE_FILL_AREA(#2375);
#2268=SURFACE_STYLE_FILL_AREA(#2376);
#2269=SURFACE_STYLE_FILL_AREA(#2377);
#2270=SURFACE_STYLE_FILL_AREA(#2378);
#2271=SURFACE_STYLE_FILL_AREA(#2379);
#2272=SURFACE_STYLE_FILL_AREA(#2380);
#2273=SURFACE_STYLE_FILL_AREA(#2381);
#2274=SURFACE_STYLE_FILL_AREA(#2382);
#2275=SURFACE_STYLE_FILL_AREA(#2383);
#2276=SURFACE_STYLE_FILL_AREA(#2384);
#2277=SURFACE_STYLE_FILL_AREA(#2385);
#2278=SURFACE_STYLE_FILL_AREA(#2386);
#2279=SURFACE_STYLE_FILL_AREA(#2387);
#2280=SURFACE_STYLE_FILL_AREA(#2388);
#2281=SURFACE_STYLE_FILL_AREA(#2389);
#2282=SURFACE_STYLE_FILL_AREA(#2390);
#2283=SURFACE_STYLE_FILL_AREA(#2391);
#2284=SURFACE_STYLE_FILL_AREA(#2392);
#2285=SURFACE_STYLE_FILL_AREA(#2393);
#2286=SURFACE_STYLE_FILL_AREA(#2394);
#2287=SURFACE_STYLE_FILL_AREA(#2395);
#2288=SURFACE_STYLE_FILL_AREA(#2396);
#2289=SURFACE_STYLE_FILL_AREA(#2397);
#2290=SURFACE_STYLE_FILL_AREA(#2398);
#2291=SURFACE_STYLE_FILL_AREA(#2399);
#2292=SURFACE_STYLE_FILL_AREA(#2400);
#2293=SURFACE_STYLE_FILL_AREA(#2401);
#2294=SURFACE_STYLE_FILL_AREA(#2402);
#2295=SURFACE_STYLE_FILL_AREA(#2403);
#2296=SURFACE_STYLE_FILL_AREA(#2404);
#2297=SURFACE_STYLE_FILL_AREA(#2405);
#2298=SURFACE_STYLE_FILL_AREA(#2406);
#2299=SURFACE_STYLE_FILL_AREA(#2407);
#2300=SURFACE_STYLE_FILL_AREA(#2408);
#2301=SURFACE_STYLE_FILL_AREA(#2409);
#2302=SURFACE_STYLE_FILL_AREA(#2410);
#2303=SURFACE_STYLE_FILL_AREA(#2411);
#2304=SURFACE_STYLE_FILL_AREA(#2412);
#2305=SURFACE_STYLE_FILL_AREA(#2413);
#2306=SURFACE_STYLE_FILL_AREA(#2414);
#2307=SURFACE_STYLE_FILL_AREA(#2415);
#2308=SURFACE_STYLE_FILL_AREA(#2416);
#2309=SURFACE_STYLE_FILL_AREA(#2417);
#2310=SURFACE_STYLE_FILL_AREA(#2418);
#2311=SURFACE_STYLE_FILL_AREA(#2419);
#2312=SURFACE_STYLE_FILL_AREA(#2420);
#2313=SURFACE_STYLE_FILL_AREA(#2421);
#2314=FILL_AREA_STYLE('',(#2422));
#2315=FILL_AREA_STYLE('',(#2423));
#2316=FILL_AREA_STYLE('',(#2424));
#2317=FILL_AREA_STYLE('',(#2425));
#2318=FILL_AREA_STYLE('',(#2426));
#2319=FILL_AREA_STYLE('',(#2427));
#2320=FILL_AREA_STYLE('',(#2428));
#2321=FILL_AREA_STYLE('',(#2429));
#2322=FILL_AREA_STYLE('',(#2430));
#2323=FILL_AREA_STYLE('',(#2431));
#2324=FILL_AREA_STYLE('',(#2432));
#2325=FILL_AREA_STYLE('',(#2433));
#2326=FILL_AREA_STYLE('',(#2434));
#2327=FILL_AREA_STYLE('',(#2435));
#2328=FILL_AREA_STYLE('',(#2436));
#2329=FILL_AREA_STYLE('',(#2437));
#2330=FILL_AREA_STYLE('',(#2438));
#2331=FILL_AREA_STYLE('',(#2439));
#2332=FILL_AREA_STYLE('',(#2440));
#2333=FILL_AREA_STYLE('',(#2441));
#2334=FILL_AREA_STYLE('',(#2442));
#2335=FILL_AREA_STYLE('',(#2443));
#2336=FILL_AREA_STYLE('',(#2444));
#2337=FILL_AREA_STYLE('',(#2445));
#2338=FILL_AREA_STYLE('',(#2446));
#2339=FILL_AREA_STYLE('',(#2447));
#2340=FILL_AREA_STYLE('',(#2448));
#2341=FILL_AREA_STYLE('',(#2449));
#2342=FILL_AREA_STYLE('',(#2450));
#2343=FILL_AREA_STYLE('',(#2451));
#2344=FILL_AREA_STYLE('',(#2452));
#2345=FILL_AREA_STYLE('',(#2453));
#2346=FILL_AREA_STYLE('',(#2454));
#2347=FILL_AREA_STYLE('',(#2455));
#2348=FILL_AREA_STYLE('',(#2456));
#2349=FILL_AREA_STYLE('',(#2457));
#2350=FILL_AREA_STYLE('',(#2458));
#2351=FILL_AREA_STYLE('',(#2459));
#2352=FILL_AREA_STYLE('',(#2460));
#2353=FILL_AREA_STYLE('',(#2461));
#2354=FILL_AREA_STYLE('',(#2462));
#2355=FILL_AREA_STYLE('',(#2463));
#2356=FILL_AREA_STYLE('',(#2464));
#2357=FILL_AREA_STYLE('',(#2465));
#2358=FILL_AREA_STYLE('',(#2466));
#2359=FILL_AREA_STYLE('',(#2467));
#2360=FILL_AREA_STYLE('',(#2468));
#2361=FILL_AREA_STYLE('',(#2469));
#2362=FILL_AREA_STYLE('',(#2470));
#2363=FILL_AREA_STYLE('',(#2471));
#2364=FILL_AREA_STYLE('',(#2472));
#2365=FILL_AREA_STYLE('',(#2473));
#2366=FILL_AREA_STYLE('',(#2474));
#2367=FILL_AREA_STYLE('',(#2475));
#2368=FILL_AREA_STYLE('',(#2476));
#2369=FILL_AREA_STYLE('',(#2477));
#2370=FILL_AREA_STYLE('',(#2478));
#2371=FILL_AREA_STYLE('',(#2479));
#2372=FILL_AREA_STYLE('',(#2480));
#2373=FILL_AREA_STYLE('',(#2481));
#2374=FILL_AREA_STYLE('',(#2482));
#2375=FILL_AREA_STYLE('',(#2483));
#2376=FILL_AREA_STYLE('',(#2484));
#2377=FILL_AREA_STYLE('',(#2485));
#2378=FILL_AREA_STYLE('',(#2486));
#2379=FILL_AREA_STYLE('',(#2487));
#2380=FILL_AREA_STYLE('',(#2488));
#2381=FILL_AREA_STYLE('',(#2489));
#2382=FILL_AREA_STYLE('',(#2490));
#2383=FILL_AREA_STYLE('',(#2491));
#2384=FILL_AREA_STYLE('',(#2492));
#2385=FILL_AREA_STYLE('',(#2493));
#2386=FILL_AREA_STYLE('',(#2494));
#2387=FILL_AREA_STYLE('',(#2495));
#2388=FILL_AREA_STYLE('',(#2496));
#2389=FILL_AREA_STYLE('',(#2497));
#2390=FILL_AREA_STYLE('',(#2498));
#2391=FILL_AREA_STYLE('',(#2499));
#2392=FILL_AREA_STYLE('',(#2500));
#2393=FILL_AREA_STYLE('',(#2501));
#2394=FILL_AREA_STYLE('',(#2502));
#2395=FILL_AREA_STYLE('',(#2503));
#2396=FILL_AREA_STYLE('',(#2504));
#2397=FILL_AREA_STYLE('',(#2505));
#2398=FILL_AREA_STYLE('',(#2506));
#2399=FILL_AREA_STYLE('',(#2507));
#2400=FILL_AREA_STYLE('',(#2508));
#2401=FILL_AREA_STYLE('',(#2509));
#2402=FILL_AREA_STYLE('',(#2510));
#2403=FILL_AREA_STYLE('',(#2511));
#2404=FILL_AREA_STYLE('',(#2512));
#2405=FILL_AREA_STYLE('',(#2513));
#2406=FILL_AREA_STYLE('',(#2514));
#2407=FILL_AREA_STYLE('',(#2515));
#2408=FILL_AREA_STYLE('',(#2516));
#2409=FILL_AREA_STYLE('',(#2517));
#2410=FILL_AREA_STYLE('',(#2518));
#2411=FILL_AREA_STYLE('',(#2519));
#2412=FILL_AREA_STYLE('',(#2520));
#2413=FILL_AREA_STYLE('',(#2521));
#2414=FILL_AREA_STYLE('',(#2522));
#2415=FILL_AREA_STYLE('',(#2523));
#2416=FILL_AREA_STYLE('',(#2524));
#2417=FILL_AREA_STYLE('',(#2525));
#2418=FILL_AREA_STYLE('',(#2526));
#2419=FILL_AREA_STYLE('',(#2527));
#2420=FILL_AREA_STYLE('',(#2528));
#2421=FILL_AREA_STYLE('',(#2529));
#2422=FILL_AREA_STYLE_COLOUR('',#2530);
#2423=FILL_AREA_STYLE_COLOUR('',#2531);
#2424=FILL_AREA_STYLE_COLOUR('',#2531);
#2425=FILL_AREA_STYLE_COLOUR('',#2531);
#2426=FILL_AREA_STYLE_COLOUR('',#2531);
#2427=FILL_AREA_STYLE_COLOUR('',#2531);
#2428=FILL_AREA_STYLE_COLOUR('',#2531);
#2429=FILL_AREA_STYLE_COLOUR('',#2531);
#2430=FILL_AREA_STYLE_COLOUR('',#2531);
#2431=FILL_AREA_STYLE_COLOUR('',#2530);
#2432=FILL_AREA_STYLE_COLOUR('',#2530);
#2433=FILL_AREA_STYLE_COLOUR('',#2531);
#2434=FILL_AREA_STYLE_COLOUR('',#2531);
#2435=FILL_AREA_STYLE_COLOUR('',#2531);
#2436=FILL_AREA_STYLE_COLOUR('',#2531);
#2437=FILL_AREA_STYLE_COLOUR('',#2531);
#2438=FILL_AREA_STYLE_COLOUR('',#2531);
#2439=FILL_AREA_STYLE_COLOUR('',#2531);
#2440=FILL_AREA_STYLE_COLOUR('',#2531);
#2441=FILL_AREA_STYLE_COLOUR('',#2531);
#2442=FILL_AREA_STYLE_COLOUR('',#2531);
#2443=FILL_AREA_STYLE_COLOUR('',#2531);
#2444=FILL_AREA_STYLE_COLOUR('',#2531);
#2445=FILL_AREA_STYLE_COLOUR('',#2531);
#2446=FILL_AREA_STYLE_COLOUR('',#2531);
#2447=FILL_AREA_STYLE_COLOUR('',#2531);
#2448=FILL_AREA_STYLE_COLOUR('',#2531);
#2449=FILL_AREA_STYLE_COLOUR('',#2531);
#2450=FILL_AREA_STYLE_COLOUR('',#2531);
#2451=FILL_AREA_STYLE_COLOUR('',#2531);
#2452=FILL_AREA_STYLE_COLOUR('',#2531);
#2453=FILL_AREA_STYLE_COLOUR('',#2531);
#2454=FILL_AREA_STYLE_COLOUR('',#2531);
#2455=FILL_AREA_STYLE_COLOUR('',#2531);
#2456=FILL_AREA_STYLE_COLOUR('',#2531);
#2457=FILL_AREA_STYLE_COLOUR('',#2531);
#2458=FILL_AREA_STYLE_COLOUR('',#2531);
#2459=FILL_AREA_STYLE_COLOUR('',#2531);
#2460=FILL_AREA_STYLE_COLOUR('',#2531);
#2461=FILL_AREA_STYLE_COLOUR('',#2531);
#2462=FILL_AREA_STYLE_COLOUR('',#2531);
#2463=FILL_AREA_STYLE_COLOUR('',#2531);
#2464=FILL_AREA_STYLE_COLOUR('',#2531);
#2465=FILL_AREA_STYLE_COLOUR('',#2531);
#2466=FILL_AREA_STYLE_COLOUR('',#2531);
#2467=FILL_AREA_STYLE_COLOUR('',#2531);
#2468=FILL_AREA_STYLE_COLOUR('',#2531);
#2469=FILL_AREA_STYLE_COLOUR('',#2531);
#2470=FILL_AREA_STYLE_COLOUR('',#2531);
#2471=FILL_AREA_STYLE_COLOUR('',#2530);
#2472=FILL_AREA_STYLE_COLOUR('',#2531);
#2473=FILL_AREA_STYLE_COLOUR('',#2531);
#2474=FILL_AREA_STYLE_COLOUR('',#2530);
#2475=FILL_AREA_STYLE_COLOUR('',#2531);
#2476=FILL_AREA_STYLE_COLOUR('',#2530);
#2477=FILL_AREA_STYLE_COLOUR('',#2530);
#2478=FILL_AREA_STYLE_COLOUR('',#2530);
#2479=FILL_AREA_STYLE_COLOUR('',#2530);
#2480=FILL_AREA_STYLE_COLOUR('',#2530);
#2481=FILL_AREA_STYLE_COLOUR('',#2530);
#2482=FILL_AREA_STYLE_COLOUR('',#2530);
#2483=FILL_AREA_STYLE_COLOUR('',#2530);
#2484=FILL_AREA_STYLE_COLOUR('',#2530);
#2485=FILL_AREA_STYLE_COLOUR('',#2530);
#2486=FILL_AREA_STYLE_COLOUR('',#2530);
#2487=FILL_AREA_STYLE_COLOUR('',#2530);
#2488=FILL_AREA_STYLE_COLOUR('',#2530);
#2489=FILL_AREA_STYLE_COLOUR('',#2530);
#2490=FILL_AREA_STYLE_COLOUR('',#2530);
#2491=FILL_AREA_STYLE_COLOUR('',#2530);
#2492=FILL_AREA_STYLE_COLOUR('',#2530);
#2493=FILL_AREA_STYLE_COLOUR('',#2530);
#2494=FILL_AREA_STYLE_COLOUR('',#2530);
#2495=FILL_AREA_STYLE_COLOUR('',#2531);
#2496=FILL_AREA_STYLE_COLOUR('',#2531);
#2497=FILL_AREA_STYLE_COLOUR('',#2530);
#2498=FILL_AREA_STYLE_COLOUR('',#2530);
#2499=FILL_AREA_STYLE_COLOUR('',#2530);
#2500=FILL_AREA_STYLE_COLOUR('',#2531);
#2501=FILL_AREA_STYLE_COLOUR('',#2530);
#2502=FILL_AREA_STYLE_COLOUR('',#2530);
#2503=FILL_AREA_STYLE_COLOUR('',#2530);
#2504=FILL_AREA_STYLE_COLOUR('',#2530);
#2505=FILL_AREA_STYLE_COLOUR('',#2530);
#2506=FILL_AREA_STYLE_COLOUR('',#2530);
#2507=FILL_AREA_STYLE_COLOUR('',#2530);
#2508=FILL_AREA_STYLE_COLOUR('',#2530);
#2509=FILL_AREA_STYLE_COLOUR('',#2530);
#2510=FILL_AREA_STYLE_COLOUR('',#2530);
#2511=FILL_AREA_STYLE_COLOUR('',#2530);
#2512=FILL_AREA_STYLE_COLOUR('',#2530);
#2513=FILL_AREA_STYLE_COLOUR('',#2530);
#2514=FILL_AREA_STYLE_COLOUR('',#2530);
#2515=FILL_AREA_STYLE_COLOUR('',#2530);
#2516=FILL_AREA_STYLE_COLOUR('',#2530);
#2517=FILL_AREA_STYLE_COLOUR('',#2530);
#2518=FILL_AREA_STYLE_COLOUR('',#2530);
#2519=FILL_AREA_STYLE_COLOUR('',#2530);
#2520=FILL_AREA_STYLE_COLOUR('',#2530);
#2521=FILL_AREA_STYLE_COLOUR('',#2530);
#2522=FILL_AREA_STYLE_COLOUR('',#2530);
#2523=FILL_AREA_STYLE_COLOUR('',#2530);
#2524=FILL_AREA_STYLE_COLOUR('',#2530);
#2525=FILL_AREA_STYLE_COLOUR('',#2530);
#2526=FILL_AREA_STYLE_COLOUR('',#2531);
#2527=FILL_AREA_STYLE_COLOUR('',#2531);
#2528=FILL_AREA_STYLE_COLOUR('',#2531);
#2529=FILL_AREA_STYLE_COLOUR('',#2531);
#2530=COLOUR_RGB('',0.200000002980232,0.200000002980232,0.200000002980232);
#2531=COLOUR_RGB('',0.699999988079071,0.699999988079071,0.699999988079071);
#2532=ADVANCED_FACE('',(#1562),#1702,.F.);
#2533=ADVANCED_FACE('',(#1563),#1703,.F.);
#2534=ADVANCED_FACE('',(#1564),#1704,.F.);
#2535=ADVANCED_FACE('',(#1565),#1705,.T.);
#2536=ADVANCED_FACE('',(#1566),#1706,.T.);
#2537=ADVANCED_FACE('',(#1567),#1707,.T.);
#2538=ADVANCED_FACE('',(#1568,#1569),#30,.T.);
#2539=ADVANCED_FACE('',(#1570,#1571),#28,.T.);
#2540=ADVANCED_FACE('',(#1572,#1573),#31,.T.);
#2541=ADVANCED_FACE('',(#1574,#1575),#20,.F.);
#2542=ADVANCED_FACE('',(#1576,#1577),#32,.F.);
#2543=ADVANCED_FACE('',(#1578),#1708,.F.);
#2544=ADVANCED_FACE('',(#1579),#1709,.F.);
#2545=ADVANCED_FACE('',(#1580),#1710,.T.);
#2546=ADVANCED_FACE('',(#1581),#33,.F.);
#2547=ADVANCED_FACE('',(#1582),#1711,.T.);
#2548=ADVANCED_FACE('',(#1583),#1712,.T.);
#2549=ADVANCED_FACE('',(#1584),#1713,.T.);
#2550=ADVANCED_FACE('',(#1585),#34,.T.);
#2551=ADVANCED_FACE('',(#1586),#1714,.T.);
#2552=ADVANCED_FACE('',(#1587),#1715,.T.);
#2553=ADVANCED_FACE('',(#1588),#35,.F.);
#2554=ADVANCED_FACE('',(#1589),#1716,.T.);
#2555=ADVANCED_FACE('',(#1590),#1717,.T.);
#2556=ADVANCED_FACE('',(#1591),#1718,.T.);
#2557=ADVANCED_FACE('',(#1592),#36,.T.);
#2558=ADVANCED_FACE('',(#1593),#1719,.T.);
#2559=ADVANCED_FACE('',(#1594,#1595),#21,.T.);
#2560=ADVANCED_FACE('',(#1596,#1597),#22,.T.);
#2561=ADVANCED_FACE('',(#1598),#1720,.F.);
#2562=ADVANCED_FACE('',(#1599),#1721,.T.);
#2563=ADVANCED_FACE('',(#1600),#1722,.F.);
#2564=ADVANCED_FACE('',(#1601),#1723,.T.);
#2565=ADVANCED_FACE('',(#1602),#1724,.T.);
#2566=ADVANCED_FACE('',(#1603),#37,.T.);
#2567=ADVANCED_FACE('',(#1604),#1725,.T.);
#2568=ADVANCED_FACE('',(#1605),#38,.F.);
#2569=ADVANCED_FACE('',(#1606),#1726,.T.);
#2570=ADVANCED_FACE('',(#1607),#39,.T.);
#2571=ADVANCED_FACE('',(#1608),#1727,.T.);
#2572=ADVANCED_FACE('',(#1609),#40,.F.);
#2573=ADVANCED_FACE('',(#1610),#1728,.T.);
#2574=ADVANCED_FACE('',(#1611,#1612),#41,.T.);
#2575=ADVANCED_FACE('',(#1613,#1614),#42,.T.);
#2576=ADVANCED_FACE('',(#1615,#1616),#43,.T.);
#2577=ADVANCED_FACE('',(#1617,#1618,#1619),#1729,.T.);
#2578=ADVANCED_FACE('',(#1620,#1621,#1622),#1730,.T.);
#2579=ADVANCED_FACE('',(#1623,#1624),#1731,.F.);
#2580=ADVANCED_FACE('',(#1625,#1626),#1732,.F.);
#2581=ADVANCED_FACE('',(#1627),#1733,.F.);
#2582=ADVANCED_FACE('',(#1628,#1629),#44,.F.);
#2583=ADVANCED_FACE('',(#1630,#1631),#29,.T.);
#2584=ADVANCED_FACE('',(#1632),#1734,.F.);
#2585=ADVANCED_FACE('',(#1633,#1634),#45,.F.);
#2586=ADVANCED_FACE('',(#1635),#1735,.F.);
#2587=ADVANCED_FACE('',(#1636),#1736,.F.);
#2588=ADVANCED_FACE('',(#1637),#1737,.F.);
#2589=ADVANCED_FACE('',(#1638),#1738,.T.);
#2590=ADVANCED_FACE('',(#1639),#1739,.F.);
#2591=ADVANCED_FACE('',(#1640),#1740,.F.);
#2592=ADVANCED_FACE('',(#1641),#1741,.F.);
#2593=ADVANCED_FACE('',(#1642),#1742,.F.);
#2594=ADVANCED_FACE('',(#1643),#1743,.T.);
#2595=ADVANCED_FACE('',(#1644),#1744,.F.);
#2596=ADVANCED_FACE('',(#1645),#1745,.F.);
#2597=ADVANCED_FACE('',(#1646),#46,.F.);
#2598=ADVANCED_FACE('',(#1647),#1746,.F.);
#2599=ADVANCED_FACE('',(#1648),#1747,.F.);
#2600=ADVANCED_FACE('',(#1649),#47,.F.);
#2601=ADVANCED_FACE('',(#1650),#1748,.F.);
#2602=ADVANCED_FACE('',(#1651),#1749,.F.);
#2603=ADVANCED_FACE('',(#1652),#1750,.F.);
#2604=ADVANCED_FACE('',(#1653),#1751,.T.);
#2605=ADVANCED_FACE('',(#1654,#1655),#1752,.T.);
#2606=ADVANCED_FACE('',(#1656,#1657),#48,.T.);
#2607=ADVANCED_FACE('',(#1658),#1753,.F.);
#2608=ADVANCED_FACE('',(#1659),#1754,.F.);
#2609=ADVANCED_FACE('',(#1660),#1755,.T.);
#2610=ADVANCED_FACE('',(#1661,#1662),#1756,.T.);
#2611=ADVANCED_FACE('',(#1663),#1757,.F.);
#2612=ADVANCED_FACE('',(#1664),#1758,.F.);
#2613=ADVANCED_FACE('',(#1665,#1666),#1759,.F.);
#2614=ADVANCED_FACE('',(#1667,#1668),#23,.F.);
#2615=ADVANCED_FACE('',(#1669,#1670),#1760,.F.);
#2616=ADVANCED_FACE('',(#1671),#1761,.F.);
#2617=ADVANCED_FACE('',(#1672),#1762,.F.);
#2618=ADVANCED_FACE('',(#1673),#1763,.T.);
#2619=ADVANCED_FACE('',(#1674),#1764,.F.);
#2620=ADVANCED_FACE('',(#1675,#1676),#49,.F.);
#2621=ADVANCED_FACE('',(#1677,#1678),#50,.F.);
#2622=ADVANCED_FACE('',(#1679,#1680),#51,.F.);
#2623=ADVANCED_FACE('',(#1681,#1682,#1683,#1684,#1685),#1765,.F.);
#2624=ADVANCED_FACE('',(#1686),#1766,.T.);
#2625=ADVANCED_FACE('',(#1687),#1767,.T.);
#2626=ADVANCED_FACE('',(#1688),#1768,.T.);
#2627=ADVANCED_FACE('',(#1689),#52,.T.);
#2628=ADVANCED_FACE('',(#1690),#53,.T.);
#2629=ADVANCED_FACE('',(#1691),#1769,.T.);
#2630=ADVANCED_FACE('',(#1692),#1770,.F.);
#2631=ADVANCED_FACE('',(#1693),#1771,.F.);
#2632=ADVANCED_FACE('',(#1694),#1772,.T.);
#2633=ADVANCED_FACE('',(#1695),#1773,.F.);
#2634=ADVANCED_FACE('',(#1696),#54,.F.);
#2635=ADVANCED_FACE('',(#1697),#55,.F.);
#2636=ADVANCED_FACE('',(#1698),#24,.T.);
#2637=ADVANCED_FACE('',(#1699),#25,.T.);
#2638=ADVANCED_FACE('',(#1700),#26,.T.);
#2639=ADVANCED_FACE('',(#1701),#27,.T.);
#2640=CLOSED_SHELL('',(#2532,#2533,#2534,#2535,#2536,#2537,#2538,#2539,
#2540,#2541,#2542,#2543,#2544,#2545,#2546,#2547,#2548,#2549,#2550,#2551,
#2552,#2553,#2554,#2555,#2556,#2557,#2558,#2559,#2560,#2561,#2562,#2563,
#2564,#2565,#2566,#2567,#2568,#2569,#2570,#2571,#2572,#2573,#2574,#2575,
#2576,#2577,#2578,#2579,#2580,#2581,#2582,#2583,#2584,#2585,#2586,#2587,
#2588,#2589,#2590,#2591,#2592,#2593,#2594,#2595,#2596,#2597,#2598,#2599,
#2600,#2601,#2602,#2603,#2604,#2605,#2606,#2607,#2608,#2609,#2610,#2611,
#2612,#2613,#2614,#2615,#2616,#2617,#2618,#2619,#2620,#2621,#2622,#2623,
#2624,#2625,#2626,#2627,#2628,#2629,#2630,#2631,#2632,#2633,#2634,#2635,
#2636,#2637,#2638,#2639));
#2641=MANIFOLD_SOLID_BREP('',#2640);
#2642=SHAPE_DEFINITION_REPRESENTATION(#3930,#2643);
#2643=SHAPE_REPRESENTATION('CTB1202 2BK',(#2644),#3925);
#2644=AXIS2_PLACEMENT_3D('',#3361,#2825,#2826);
#2645=AXIS2_PLACEMENT_3D('',#3362,#2827,#2828);
#2646=AXIS2_PLACEMENT_3D('',#3372,#2833,#2834);
#2647=AXIS2_PLACEMENT_3D('',#3380,#2838,#2839);
#2648=AXIS2_PLACEMENT_3D('',#3390,#2844,#2845);
#2649=AXIS2_PLACEMENT_3D('',#3394,#2847,#2848);
#2650=AXIS2_PLACEMENT_3D('',#3406,#2854,#2855);
#2651=AXIS2_PLACEMENT_3D('',#3410,#2857,#2858);
#2652=AXIS2_PLACEMENT_3D('',#3411,#2859,#2860);
#2653=AXIS2_PLACEMENT_3D('',#3415,#2862,#2863);
#2654=AXIS2_PLACEMENT_3D('',#3416,#2864,#2865);
#2655=AXIS2_PLACEMENT_3D('',#3420,#2867,#2868);
#2656=AXIS2_PLACEMENT_3D('',#3421,#2869,#2870);
#2657=AXIS2_PLACEMENT_3D('',#3422,#2871,#2872);
#2658=AXIS2_PLACEMENT_3D('',#3434,#2873,#2874);
#2659=AXIS2_PLACEMENT_3D('',#3437,#2876,#2877);
#2660=AXIS2_PLACEMENT_3D('',#3438,#2878,#2879);
#2661=AXIS2_PLACEMENT_3D('',#3450,#2880,#2881);
#2662=AXIS2_PLACEMENT_3D('',#3453,#2883,#2884);
#2663=AXIS2_PLACEMENT_3D('',#3454,#2885,#2886);
#2664=AXIS2_PLACEMENT_3D('',#3455,#2887,#2888);
#2665=AXIS2_PLACEMENT_3D('',#3456,#2889,#2890);
#2666=AXIS2_PLACEMENT_3D('',#3457,#2891,#2892);
#2667=AXIS2_PLACEMENT_3D('',#3459,#2893,#2894);
#2668=AXIS2_PLACEMENT_3D('',#3460,#2895,#2896);
#2669=AXIS2_PLACEMENT_3D('',#3461,#2897,#2898);
#2670=AXIS2_PLACEMENT_3D('',#3462,#2899,#2900);
#2671=AXIS2_PLACEMENT_3D('',#3464,#2901,#2902);
#2672=AXIS2_PLACEMENT_3D('',#3465,#2903,#2904);
#2673=AXIS2_PLACEMENT_3D('',#3467,#2905,#2906);
#2674=AXIS2_PLACEMENT_3D('',#3468,#2907,#2908);
#2675=AXIS2_PLACEMENT_3D('',#3470,#2909,#2910);
#2676=AXIS2_PLACEMENT_3D('',#3471,#2911,#2912);
#2677=AXIS2_PLACEMENT_3D('',#3473,#2913,#2914);
#2678=AXIS2_PLACEMENT_3D('',#3474,#2915,#2916);
#2679=AXIS2_PLACEMENT_3D('',#3476,#2917,#2918);
#2680=AXIS2_PLACEMENT_3D('',#3477,#2919,#2920);
#2681=AXIS2_PLACEMENT_3D('',#3479,#2921,#2922);
#2682=AXIS2_PLACEMENT_3D('',#3488,#2927,#2928);
#2683=AXIS2_PLACEMENT_3D('',#3489,#2929,#2930);
#2684=AXIS2_PLACEMENT_3D('',#3493,#2932,#2933);
#2685=AXIS2_PLACEMENT_3D('',#3494,#2934,#2935);
#2686=AXIS2_PLACEMENT_3D('',#3500,#2939,#2940);
#2687=AXIS2_PLACEMENT_3D('',#3506,#2944,#2945);
#2688=AXIS2_PLACEMENT_3D('',#3512,#2949,#2950);
#2689=AXIS2_PLACEMENT_3D('',#3513,#2951,#2952);
#2690=AXIS2_PLACEMENT_3D('',#3517,#2954,#2955);
#2691=AXIS2_PLACEMENT_3D('',#3518,#2956,#2957);
#2692=AXIS2_PLACEMENT_3D('',#3524,#2961,#2962);
#2693=AXIS2_PLACEMENT_3D('',#3533,#2967,#2968);
#2694=AXIS2_PLACEMENT_3D('',#3534,#2969,#2970);
#2695=AXIS2_PLACEMENT_3D('',#3538,#2972,#2973);
#2696=AXIS2_PLACEMENT_3D('',#3539,#2974,#2975);
#2697=AXIS2_PLACEMENT_3D('',#3545,#2979,#2980);
#2698=AXIS2_PLACEMENT_3D('',#3551,#2984,#2985);
#2699=AXIS2_PLACEMENT_3D('',#3557,#2989,#2990);
#2700=AXIS2_PLACEMENT_3D('',#3558,#2991,#2992);
#2701=AXIS2_PLACEMENT_3D('',#3562,#2994,#2995);
#2702=AXIS2_PLACEMENT_3D('',#3563,#2996,#2997);
#2703=AXIS2_PLACEMENT_3D('',#3569,#3001,#3002);
#2704=AXIS2_PLACEMENT_3D('',#3570,#3003,#3004);
#2705=AXIS2_PLACEMENT_3D('',#3572,#3005,#3006);
#2706=AXIS2_PLACEMENT_3D('',#3573,#3007,#3008);
#2707=AXIS2_PLACEMENT_3D('',#3575,#3009,#3010);
#2708=AXIS2_PLACEMENT_3D('',#3579,#3012,#3013);
#2709=AXIS2_PLACEMENT_3D('',#3580,#3014,#3015);
#2710=AXIS2_PLACEMENT_3D('',#3581,#3016,#3017);
#2711=AXIS2_PLACEMENT_3D('',#3593,#3018,#3019);
#2712=AXIS2_PLACEMENT_3D('',#3596,#3021,#3022);
#2713=AXIS2_PLACEMENT_3D('',#3600,#3024,#3025);
#2714=AXIS2_PLACEMENT_3D('',#3601,#3026,#3027);
#2715=AXIS2_PLACEMENT_3D('',#3602,#3028,#3029);
#2716=AXIS2_PLACEMENT_3D('',#3614,#3030,#3031);
#2717=AXIS2_PLACEMENT_3D('',#3617,#3033,#3034);
#2718=AXIS2_PLACEMENT_3D('',#3618,#3035,#3036);
#2719=AXIS2_PLACEMENT_3D('',#3619,#3037,#3038);
#2720=AXIS2_PLACEMENT_3D('',#3620,#3039,#3040);
#2721=AXIS2_PLACEMENT_3D('',#3621,#3041,#3042);
#2722=AXIS2_PLACEMENT_3D('',#3625,#3044,#3045);
#2723=AXIS2_PLACEMENT_3D('',#3626,#3046,#3047);
#2724=AXIS2_PLACEMENT_3D('',#3629,#3049,#3050);
#2725=AXIS2_PLACEMENT_3D('',#3630,#3051,#3052);
#2726=AXIS2_PLACEMENT_3D('',#3633,#3054,#3055);
#2727=AXIS2_PLACEMENT_3D('',#3634,#3056,#3057);
#2728=AXIS2_PLACEMENT_3D('',#3636,#3059,#3060);
#2729=AXIS2_PLACEMENT_3D('',#3637,#3061,#3062);
#2730=AXIS2_PLACEMENT_3D('',#3641,#3064,#3065);
#2731=AXIS2_PLACEMENT_3D('',#3642,#3066,#3067);
#2732=AXIS2_PLACEMENT_3D('',#3645,#3069,#3070);
#2733=AXIS2_PLACEMENT_3D('',#3646,#3071,#3072);
#2734=AXIS2_PLACEMENT_3D('',#3649,#3074,#3075);
#2735=AXIS2_PLACEMENT_3D('',#3650,#3076,#3077);
#2736=AXIS2_PLACEMENT_3D('',#3652,#3079,#3080);
#2737=AXIS2_PLACEMENT_3D('',#3653,#3081,#3082);
#2738=AXIS2_PLACEMENT_3D('',#3655,#3083,#3084);
#2739=AXIS2_PLACEMENT_3D('',#3656,#3085,#3086);
#2740=AXIS2_PLACEMENT_3D('',#3658,#3087,#3088);
#2741=AXIS2_PLACEMENT_3D('',#3659,#3089,#3090);
#2742=AXIS2_PLACEMENT_3D('',#3661,#3091,#3092);
#2743=AXIS2_PLACEMENT_3D('',#3662,#3093,#3094);
#2744=AXIS2_PLACEMENT_3D('',#3663,#3095,#3096);
#2745=AXIS2_PLACEMENT_3D('',#3664,#3097,#3098);
#2746=AXIS2_PLACEMENT_3D('',#3678,#3105,#3106);
#2747=AXIS2_PLACEMENT_3D('',#3679,#3107,#3108);
#2748=AXIS2_PLACEMENT_3D('',#3693,#3115,#3116);
#2749=AXIS2_PLACEMENT_3D('',#3694,#3117,#3118);
#2750=AXIS2_PLACEMENT_3D('',#3699,#3121,#3122);
#2751=AXIS2_PLACEMENT_3D('',#3700,#3123,#3124);
#2752=AXIS2_PLACEMENT_3D('',#3705,#3127,#3128);
#2753=AXIS2_PLACEMENT_3D('',#3714,#3133,#3134);
#2754=AXIS2_PLACEMENT_3D('',#3715,#3135,#3136);
#2755=AXIS2_PLACEMENT_3D('',#3717,#3137,#3138);
#2756=AXIS2_PLACEMENT_3D('',#3718,#3139,#3140);
#2757=AXIS2_PLACEMENT_3D('',#3720,#3141,#3142);
#2758=AXIS2_PLACEMENT_3D('',#3729,#3147,#3148);
#2759=AXIS2_PLACEMENT_3D('',#3730,#3149,#3150);
#2760=AXIS2_PLACEMENT_3D('',#3732,#3151,#3152);
#2761=AXIS2_PLACEMENT_3D('',#3738,#3156,#3157);
#2762=AXIS2_PLACEMENT_3D('',#3742,#3160,#3161);
#2763=AXIS2_PLACEMENT_3D('',#3746,#3164,#3165);
#2764=AXIS2_PLACEMENT_3D('',#3750,#3168,#3169);
#2765=AXIS2_PLACEMENT_3D('',#3754,#3172,#3173);
#2766=AXIS2_PLACEMENT_3D('',#3760,#3177,#3178);
#2767=AXIS2_PLACEMENT_3D('',#3764,#3181,#3182);
#2768=AXIS2_PLACEMENT_3D('',#3768,#3185,#3186);
#2769=AXIS2_PLACEMENT_3D('',#3772,#3189,#3190);
#2770=AXIS2_PLACEMENT_3D('',#3776,#3193,#3194);
#2771=AXIS2_PLACEMENT_3D('',#3779,#3197,#3198);
#2772=AXIS2_PLACEMENT_3D('',#3781,#3200,#3201);
#2773=AXIS2_PLACEMENT_3D('',#3783,#3203,#3204);
#2774=AXIS2_PLACEMENT_3D('',#3786,#3207,#3208);
#2775=AXIS2_PLACEMENT_3D('',#3788,#3210,#3211);
#2776=AXIS2_PLACEMENT_3D('',#3790,#3213,#3214);
#2777=AXIS2_PLACEMENT_3D('',#3796,#3218,#3219);
#2778=AXIS2_PLACEMENT_3D('',#3800,#3222,#3223);
#2779=AXIS2_PLACEMENT_3D('',#3804,#3226,#3227);
#2780=AXIS2_PLACEMENT_3D('',#3806,#3229,#3230);
#2781=AXIS2_PLACEMENT_3D('',#3807,#3231,#3232);
#2782=AXIS2_PLACEMENT_3D('',#3809,#3233,#3234);
#2783=AXIS2_PLACEMENT_3D('',#3815,#3238,#3239);
#2784=AXIS2_PLACEMENT_3D('',#3819,#3242,#3243);
#2785=AXIS2_PLACEMENT_3D('',#3823,#3246,#3247);
#2786=AXIS2_PLACEMENT_3D('',#3825,#3249,#3250);
#2787=AXIS2_PLACEMENT_3D('',#3834,#3255,#3256);
#2788=AXIS2_PLACEMENT_3D('',#3837,#3259,#3260);
#2789=AXIS2_PLACEMENT_3D('',#3838,#3261,#3262);
#2790=AXIS2_PLACEMENT_3D('',#3840,#3263,#3264);
#2791=AXIS2_PLACEMENT_3D('',#3841,#3265,#3266);
#2792=AXIS2_PLACEMENT_3D('',#3843,#3267,#3268);
#2793=AXIS2_PLACEMENT_3D('',#3844,#3269,#3270);
#2794=AXIS2_PLACEMENT_3D('',#3846,#3271,#3272);
#2795=AXIS2_PLACEMENT_3D('',#3857,#3279,#3280);
#2796=AXIS2_PLACEMENT_3D('',#3861,#3283,#3284);
#2797=AXIS2_PLACEMENT_3D('',#3870,#3290,#3291);
#2798=AXIS2_PLACEMENT_3D('',#3872,#3293,#3294);
#2799=AXIS2_PLACEMENT_3D('',#3873,#3295,#3296);
#2800=AXIS2_PLACEMENT_3D('',#3875,#3297,#3298);
#2801=AXIS2_PLACEMENT_3D('',#3876,#3299,#3300);
#2802=AXIS2_PLACEMENT_3D('',#3878,#3301,#3302);
#2803=AXIS2_PLACEMENT_3D('',#3879,#3303,#3304);
#2804=AXIS2_PLACEMENT_3D('',#3881,#3305,#3306);
#2805=AXIS2_PLACEMENT_3D('',#3882,#3307,#3308);
#2806=AXIS2_PLACEMENT_3D('',#3886,#3311,#3312);
#2807=AXIS2_PLACEMENT_3D('',#3892,#3316,#3317);
#2808=AXIS2_PLACEMENT_3D('',#3896,#3320,#3321);
#2809=AXIS2_PLACEMENT_3D('',#3897,#3322,#3323);
#2810=AXIS2_PLACEMENT_3D('',#3898,#3324,#3325);
#2811=AXIS2_PLACEMENT_3D('',#3899,#3326,#3327);
#2812=AXIS2_PLACEMENT_3D('',#3900,#3328,#3329);
#2813=AXIS2_PLACEMENT_3D('',#3901,#3330,#3331);
#2814=AXIS2_PLACEMENT_3D('',#3905,#3334,#3335);
#2815=AXIS2_PLACEMENT_3D('',#3909,#3338,#3339);
#2816=AXIS2_PLACEMENT_3D('',#3910,#3340,#3341);
#2817=AXIS2_PLACEMENT_3D('',#3914,#3343,#3344);
#2818=AXIS2_PLACEMENT_3D('',#3915,#3345,#3346);
#2819=AXIS2_PLACEMENT_3D('',#3918,#3349,#3350);
#2820=AXIS2_PLACEMENT_3D('',#3919,#3351,#3352);
#2821=AXIS2_PLACEMENT_3D('',#3920,#3353,#3354);
#2822=AXIS2_PLACEMENT_3D('',#3921,#3355,#3356);
#2823=AXIS2_PLACEMENT_3D('',#3922,#3357,#3358);
#2824=AXIS2_PLACEMENT_3D('',#3923,#3359,#3360);
#2825=DIRECTION('',(0.,0.,1.));
#2826=DIRECTION('',(1.,0.,0.));
#2827=DIRECTION('',(0.,0.,1.));
#2828=DIRECTION('',(1.,0.,0.));
#2829=DIRECTION('',(0.965925826289068,0.25881904510252,0.));
#2830=DIRECTION('',(0.,1.,0.));
#2831=DIRECTION('',(-1.,0.,0.));
#2832=DIRECTION('',(0.,-1.,0.));
#2833=DIRECTION('',(0.,0.,1.));
#2834=DIRECTION('',(1.,0.,0.));
#2835=DIRECTION('',(0.,1.,0.));
#2836=DIRECTION('',(-1.,0.,0.));
#2837=DIRECTION('',(0.,-1.,0.));
#2838=DIRECTION('',(0.,0.,1.));
#2839=DIRECTION('',(1.,0.,0.));
#2840=DIRECTION('',(0.,1.,0.));
#2841=DIRECTION('',(-1.,0.,0.));
#2842=DIRECTION('',(0.,1.,0.));
#2843=DIRECTION('',(0.965925826289068,0.258819045102521,0.));
#2844=DIRECTION('',(0.,0.,1.));
#2845=DIRECTION('',(1.,0.,0.));
#2846=DIRECTION('',(-2.16840434497101E-15,-1.,0.));
#2847=DIRECTION('',(0.,0.,1.));
#2848=DIRECTION('',(1.,0.,0.));
#2849=DIRECTION('',(-0.965925826289068,0.258819045102521,0.));
#2850=DIRECTION('',(0.,1.,0.));
#2851=DIRECTION('',(-1.,0.,0.));
#2852=DIRECTION('',(0.,1.,0.));
#2853=DIRECTION('',(-0.965925826289068,0.258819045102521,0.));
#2854=DIRECTION('',(0.,0.,-1.));
#2855=DIRECTION('',(-1.,0.,0.));
#2856=DIRECTION('',(-1.75009545050881E-15,-1.,0.));
#2857=DIRECTION('',(0.,0.,-1.));
#2858=DIRECTION('',(-1.,0.,0.));
#2859=DIRECTION('',(0.,2.98927103360787E-15,-1.));
#2860=DIRECTION('',(0.,1.,2.98927103360787E-15));
#2861=DIRECTION('',(-1.,0.,0.));
#2862=DIRECTION('',(0.,2.98927103360787E-15,-1.));
#2863=DIRECTION('',(0.,1.,2.98927103360787E-15));
#2864=DIRECTION('',(0.,2.98927103360787E-15,-1.));
#2865=DIRECTION('',(0.,1.,2.98927103360787E-15));
#2866=DIRECTION('',(-1.,0.,0.));
#2867=DIRECTION('',(0.,2.98927103360787E-15,-1.));
#2868=DIRECTION('',(0.,1.,2.98927103360787E-15));
#2869=DIRECTION('',(0.,-0.939692620785908,0.342020143325669));
#2870=DIRECTION('',(0.,-0.342020143325669,-0.939692620785908));
#2871=DIRECTION('',(0.,-0.939692620785908,0.342020143325669));
#2872=DIRECTION('',(0.,-0.342020143325669,-0.939692620785908));
#2873=DIRECTION('',(0.,0.939692620785908,-0.342020143325669));
#2874=DIRECTION('',(0.,-0.342020143325669,-0.939692620785908));
#2875=DIRECTION('',(-1.,0.,0.));
#2876=DIRECTION('',(0.,0.939692620785908,0.342020143325669));
#2877=DIRECTION('',(0.,-0.342020143325669,0.939692620785908));
#2878=DIRECTION('',(0.,-0.939692620785908,-0.342020143325669));
#2879=DIRECTION('',(0.,0.342020143325669,-0.939692620785908));
#2880=DIRECTION('',(0.,0.939692620785908,0.342020143325669));
#2881=DIRECTION('',(0.,0.342020143325669,-0.939692620785908));
#2882=DIRECTION('',(-1.,0.,0.));
#2883=DIRECTION('',(0.,0.,1.));
#2884=DIRECTION('',(1.,0.,0.));
#2885=DIRECTION('',(0.,0.,1.));
#2886=DIRECTION('',(1.,0.,0.));
#2887=DIRECTION('',(0.,0.,-1.));
#2888=DIRECTION('',(-1.,0.,0.));
#2889=DIRECTION('',(0.,2.98927103360787E-15,-1.));
#2890=DIRECTION('',(0.,1.,2.98927103360787E-15));
#2891=DIRECTION('',(0.,2.98927103360787E-15,-1.));
#2892=DIRECTION('',(0.,1.,2.98927103360787E-15));
#2893=DIRECTION('',(0.,2.98927103360787E-15,-1.));
#2894=DIRECTION('',(0.,1.,2.98927103360787E-15));
#2895=DIRECTION('',(0.,2.98927103360787E-15,-1.));
#2896=DIRECTION('',(0.,1.,2.98927103360787E-15));
#2897=DIRECTION('',(0.,-2.98927103360787E-15,1.));
#2898=DIRECTION('',(0.,-1.,-2.98927103360787E-15));
#2899=DIRECTION('',(0.,2.98927103360787E-15,-1.));
#2900=DIRECTION('',(0.,1.,2.98927103360787E-15));
#2901=DIRECTION('',(0.,2.98927103360787E-15,-1.));
#2902=DIRECTION('',(0.,1.,2.98927103360787E-15));
#2903=DIRECTION('',(0.,3.01943677556985E-15,-1.));
#2904=DIRECTION('',(0.,1.,3.01943677556985E-15));
#2905=DIRECTION('',(0.,3.01943677556985E-15,-1.));
#2906=DIRECTION('',(0.,1.,3.01943677556985E-15));
#2907=DIRECTION('',(0.,3.01943677556985E-15,-1.));
#2908=DIRECTION('',(0.,1.,3.01943677556985E-15));
#2909=DIRECTION('',(0.,3.01943677556985E-15,-1.));
#2910=DIRECTION('',(0.,1.,3.01943677556985E-15));
#2911=DIRECTION('',(0.,0.,-1.));
#2912=DIRECTION('',(-1.,0.,0.));
#2913=DIRECTION('',(0.,0.,1.));
#2914=DIRECTION('',(1.,0.,0.));
#2915=DIRECTION('',(0.,0.,1.));
#2916=DIRECTION('',(1.,0.,0.));
#2917=DIRECTION('',(0.,0.,1.));
#2918=DIRECTION('',(1.,0.,0.));
#2919=DIRECTION('',(0.,0.,1.));
#2920=DIRECTION('',(1.,0.,0.));
#2921=DIRECTION('',(0.,-1.,0.));
#2922=DIRECTION('',(0.,0.,-1.));
#2923=DIRECTION('',(-0.258819045102521,0.,0.965925826289068));
#2924=DIRECTION('',(-1.,0.,0.));
#2925=DIRECTION('',(-0.258819045102521,0.,-0.965925826289068));
#2926=DIRECTION('',(-1.,0.,0.));
#2927=DIRECTION('',(-1.,0.,0.));
#2928=DIRECTION('',(0.,0.,1.));
#2929=DIRECTION('',(-0.965925826289068,0.,-0.258819045102521));
#2930=DIRECTION('',(-0.258819045102521,0.,0.965925826289068));
#2931=DIRECTION('',(-1.,0.,0.));
#2932=DIRECTION('',(0.965925826289068,0.,-0.258819045102521));
#2933=DIRECTION('',(-0.258819045102521,0.,-0.965925826289068));
#2934=DIRECTION('',(0.,0.,1.));
#2935=DIRECTION('',(1.,0.,0.));
#2936=DIRECTION('',(0.,1.,0.));
#2937=DIRECTION('',(-1.,0.,0.));
#2938=DIRECTION('',(0.,-1.,0.));
#2939=DIRECTION('',(0.,-1.,0.));
#2940=DIRECTION('',(0.,0.,-1.));
#2941=DIRECTION('',(-0.258819045102521,0.,0.965925826289068));
#2942=DIRECTION('',(-1.,0.,0.));
#2943=DIRECTION('',(-0.258819045102521,0.,-0.965925826289068));
#2944=DIRECTION('',(0.,0.,-1.));
#2945=DIRECTION('',(-1.,0.,0.));
#2946=DIRECTION('',(0.,-1.,0.));
#2947=DIRECTION('',(-1.,0.,0.));
#2948=DIRECTION('',(0.,1.,0.));
#2949=DIRECTION('',(-1.,0.,0.));
#2950=DIRECTION('',(0.,0.,1.));
#2951=DIRECTION('',(-0.965925826289068,0.,-0.258819045102521));
#2952=DIRECTION('',(-0.258819045102521,0.,0.965925826289068));
#2953=DIRECTION('',(-1.,0.,0.));
#2954=DIRECTION('',(0.965925826289068,0.,-0.258819045102521));
#2955=DIRECTION('',(-0.258819045102521,0.,-0.965925826289068));
#2956=DIRECTION('',(0.,1.,0.));
#2957=DIRECTION('',(0.,0.,1.));
#2958=DIRECTION('',(0.258819045102521,0.,-0.965925826289068));
#2959=DIRECTION('',(-1.,0.,0.));
#2960=DIRECTION('',(0.258819045102521,0.,0.965925826289068));
#2961=DIRECTION('',(0.,-1.,0.));
#2962=DIRECTION('',(0.,0.,-1.));
#2963=DIRECTION('',(-0.258819045102521,0.,0.965925826289068));
#2964=DIRECTION('',(-1.,0.,0.));
#2965=DIRECTION('',(-0.258819045102521,0.,-0.965925826289068));
#2966=DIRECTION('',(-1.,0.,0.));
#2967=DIRECTION('',(-1.,0.,0.));
#2968=DIRECTION('',(0.,0.,1.));
#2969=DIRECTION('',(-0.965925826289068,0.,-0.258819045102521));
#2970=DIRECTION('',(-0.258819045102521,0.,0.965925826289068));
#2971=DIRECTION('',(-1.,0.,0.));
#2972=DIRECTION('',(0.965925826289068,0.,-0.258819045102521));
#2973=DIRECTION('',(-0.258819045102521,0.,-0.965925826289068));
#2974=DIRECTION('',(0.,0.,1.));
#2975=DIRECTION('',(1.,0.,0.));
#2976=DIRECTION('',(0.,1.,0.));
#2977=DIRECTION('',(-1.,0.,0.));
#2978=DIRECTION('',(0.,-1.,0.));
#2979=DIRECTION('',(0.,-1.,0.));
#2980=DIRECTION('',(0.,0.,-1.));
#2981=DIRECTION('',(-0.258819045102521,0.,0.965925826289068));
#2982=DIRECTION('',(-1.,0.,0.));
#2983=DIRECTION('',(-0.258819045102521,0.,-0.965925826289068));
#2984=DIRECTION('',(0.,0.,-1.));
#2985=DIRECTION('',(-1.,0.,0.));
#2986=DIRECTION('',(0.,-1.,0.));
#2987=DIRECTION('',(-1.,0.,0.));
#2988=DIRECTION('',(0.,1.,0.));
#2989=DIRECTION('',(-1.,0.,0.));
#2990=DIRECTION('',(0.,0.,1.));
#2991=DIRECTION('',(-0.965925826289068,0.,-0.258819045102521));
#2992=DIRECTION('',(-0.258819045102521,0.,0.965925826289068));
#2993=DIRECTION('',(-1.,0.,0.));
#2994=DIRECTION('',(0.965925826289068,0.,-0.258819045102521));
#2995=DIRECTION('',(-0.258819045102521,0.,-0.965925826289068));
#2996=DIRECTION('',(0.,1.,0.));
#2997=DIRECTION('',(0.,0.,1.));
#2998=DIRECTION('',(0.258819045102521,0.,-0.965925826289068));
#2999=DIRECTION('',(-1.,0.,0.));
#3000=DIRECTION('',(0.258819045102521,0.,0.965925826289068));
#3001=DIRECTION('',(0.,0.,1.));
#3002=DIRECTION('',(1.,0.,0.));
#3003=DIRECTION('',(0.,0.,1.));
#3004=DIRECTION('',(1.,0.,0.));
#3005=DIRECTION('',(0.,0.,1.));
#3006=DIRECTION('',(1.,0.,0.));
#3007=DIRECTION('',(0.,0.,1.));
#3008=DIRECTION('',(1.,0.,0.));
#3009=DIRECTION('',(0.,2.98927103360787E-15,-1.));
#3010=DIRECTION('',(0.,1.,2.98927103360787E-15));
#3011=DIRECTION('',(-1.,0.,0.));
#3012=DIRECTION('',(0.,2.98927103360787E-15,-1.));
#3013=DIRECTION('',(0.,1.,2.98927103360787E-15));
#3014=DIRECTION('',(0.,0.939692620785908,0.342020143325669));
#3015=DIRECTION('',(0.,-0.342020143325669,0.939692620785908));
#3016=DIRECTION('',(0.,-0.939692620785908,-0.342020143325669));
#3017=DIRECTION('',(0.,0.342020143325669,-0.939692620785908));
#3018=DIRECTION('',(0.,0.939692620785908,0.342020143325669));
#3019=DIRECTION('',(0.,0.342020143325669,-0.939692620785908));
#3020=DIRECTION('',(-1.,0.,0.));
#3021=DIRECTION('',(0.,2.98927103360787E-15,-1.));
#3022=DIRECTION('',(0.,1.,2.98927103360787E-15));
#3023=DIRECTION('',(-1.,0.,0.));
#3024=DIRECTION('',(0.,2.98927103360787E-15,-1.));
#3025=DIRECTION('',(0.,1.,2.98927103360787E-15));
#3026=DIRECTION('',(0.,-0.939692620785908,0.342020143325669));
#3027=DIRECTION('',(0.,-0.342020143325669,-0.939692620785908));
#3028=DIRECTION('',(0.,-0.939692620785908,0.342020143325669));
#3029=DIRECTION('',(0.,-0.342020143325669,-0.939692620785908));
#3030=DIRECTION('',(0.,0.939692620785908,-0.342020143325669));
#3031=DIRECTION('',(0.,-0.342020143325669,-0.939692620785908));
#3032=DIRECTION('',(-1.,0.,0.));
#3033=DIRECTION('',(0.,0.,1.));
#3034=DIRECTION('',(1.,0.,0.));
#3035=DIRECTION('',(0.,0.,1.));
#3036=DIRECTION('',(1.,0.,0.));
#3037=DIRECTION('',(0.,0.,-1.));
#3038=DIRECTION('',(-1.,0.,0.));
#3039=DIRECTION('',(-1.,0.,0.));
#3040=DIRECTION('',(0.,0.,1.));
#3041=DIRECTION('',(-0.965925826289068,0.,-0.258819045102521));
#3042=DIRECTION('',(-0.258819045102521,0.,0.965925826289068));
#3043=DIRECTION('',(-1.,0.,0.));
#3044=DIRECTION('',(0.965925826289068,0.,-0.258819045102521));
#3045=DIRECTION('',(-0.258819045102521,0.,-0.965925826289068));
#3046=DIRECTION('',(0.965925826289068,0.,-0.258819045102521));
#3047=DIRECTION('',(-0.258819045102521,0.,-0.965925826289068));
#3048=DIRECTION('',(-0.258819045102521,1.26940470220905E-16,-0.965925826289068));
#3049=DIRECTION('',(0.965925826289068,0.,-0.258819045102521));
#3050=DIRECTION('',(-0.258819045102521,0.,-0.965925826289068));
#3051=DIRECTION('',(-1.,0.,0.));
#3052=DIRECTION('',(0.,0.,1.));
#3053=DIRECTION('',(-1.,0.,0.));
#3054=DIRECTION('',(-0.965925826289068,0.,-0.258819045102521));
#3055=DIRECTION('',(-0.258819045102521,0.,0.965925826289068));
#3056=DIRECTION('',(-0.965925826289068,0.,-0.258819045102521));
#3057=DIRECTION('',(-0.258819045102521,0.,0.965925826289068));
#3058=DIRECTION('',(-0.258819045102521,-1.26940470220905E-16,0.965925826289068));
#3059=DIRECTION('',(-1.,0.,0.));
#3060=DIRECTION('',(0.,0.,1.));
#3061=DIRECTION('',(-0.965925826289068,0.,-0.258819045102521));
#3062=DIRECTION('',(-0.258819045102521,0.,0.965925826289068));
#3063=DIRECTION('',(-1.,0.,0.));
#3064=DIRECTION('',(0.965925826289068,0.,-0.258819045102521));
#3065=DIRECTION('',(-0.258819045102521,0.,-0.965925826289068));
#3066=DIRECTION('',(0.965925826289068,0.,-0.258819045102521));
#3067=DIRECTION('',(-0.258819045102521,0.,-0.965925826289068));
#3068=DIRECTION('',(-0.258819045102521,1.26940470220905E-16,-0.965925826289068));
#3069=DIRECTION('',(0.965925826289068,0.,-0.258819045102521));
#3070=DIRECTION('',(-0.258819045102521,0.,-0.965925826289068));
#3071=DIRECTION('',(-1.,0.,0.));
#3072=DIRECTION('',(0.,0.,1.));
#3073=DIRECTION('',(-1.,0.,0.));
#3074=DIRECTION('',(-0.965925826289068,0.,-0.258819045102521));
#3075=DIRECTION('',(-0.258819045102521,0.,0.965925826289068));
#3076=DIRECTION('',(-0.965925826289068,0.,-0.258819045102521));
#3077=DIRECTION('',(-0.258819045102521,0.,0.965925826289068));
#3078=DIRECTION('',(-0.258819045102521,-1.26940470220905E-16,0.965925826289068));
#3079=DIRECTION('',(0.,0.,1.));
#3080=DIRECTION('',(1.,0.,0.));
#3081=DIRECTION('',(0.,0.,1.));
#3082=DIRECTION('',(0.,1.,0.));
#3083=DIRECTION('',(0.,0.,1.));
#3084=DIRECTION('',(1.,0.,0.));
#3085=DIRECTION('',(0.,0.,1.));
#3086=DIRECTION('',(0.,1.,0.));
#3087=DIRECTION('',(0.,2.98927103360787E-15,-1.));
#3088=DIRECTION('',(0.,1.,2.98927103360787E-15));
#3089=DIRECTION('',(0.,2.98927103360787E-15,-1.));
#3090=DIRECTION('',(0.,1.,2.98927103360787E-15));
#3091=DIRECTION('',(0.,2.98927103360787E-15,-1.));
#3092=DIRECTION('',(0.,1.,2.98927103360787E-15));
#3093=DIRECTION('',(0.,2.98927103360787E-15,-1.));
#3094=DIRECTION('',(0.,1.,2.98927103360787E-15));
#3095=DIRECTION('',(0.,1.,1.31418445149758E-16));
#3096=DIRECTION('',(0.,-1.31418445149758E-16,1.));
#3097=DIRECTION('',(0.,1.,1.31418445149758E-16));
#3098=DIRECTION('',(0.,-1.31418445149758E-16,1.));
#3099=DIRECTION('',(-1.,0.,0.));
#3100=DIRECTION('',(0.,1.31418445149758E-16,-1.));
#3101=DIRECTION('',(-1.,0.,0.));
#3102=DIRECTION('',(-1.,0.,0.));
#3103=DIRECTION('',(-1.,0.,0.));
#3104=DIRECTION('',(0.,1.31418445149758E-16,-1.));
#3105=DIRECTION('',(0.,1.,1.31418445149758E-16));
#3106=DIRECTION('',(0.,-1.31418445149758E-16,1.));
#3107=DIRECTION('',(0.,1.,1.31418445149758E-16));
#3108=DIRECTION('',(0.,-1.31418445149758E-16,1.));
#3109=DIRECTION('',(-1.,0.,0.));
#3110=DIRECTION('',(0.,1.31418445149758E-16,-1.));
#3111=DIRECTION('',(-1.,0.,0.));
#3112=DIRECTION('',(-1.,0.,0.));
#3113=DIRECTION('',(-1.,0.,0.));
#3114=DIRECTION('',(0.,1.31418445149758E-16,-1.));
#3115=DIRECTION('',(0.,0.,1.));
#3116=DIRECTION('',(1.,0.,0.));
#3117=DIRECTION('',(0.,0.,1.));
#3118=DIRECTION('',(1.,0.,0.));
#3119=DIRECTION('',(0.,1.,0.));
#3120=DIRECTION('',(0.,1.,0.));
#3121=DIRECTION('',(0.,0.,1.));
#3122=DIRECTION('',(1.,0.,0.));
#3123=DIRECTION('',(0.,0.,1.));
#3124=DIRECTION('',(1.,0.,0.));
#3125=DIRECTION('',(0.,1.,0.));
#3126=DIRECTION('',(0.,1.,0.));
#3127=DIRECTION('',(0.,1.0842021724855E-16,-1.));
#3128=DIRECTION('',(0.,1.,1.0842021724855E-16));
#3129=DIRECTION('',(0.,-1.,0.));
#3130=DIRECTION('',(-1.,0.,0.));
#3131=DIRECTION('',(0.,-1.,-1.0842021724855E-16));
#3132=DIRECTION('',(-1.,0.,0.));
#3133=DIRECTION('',(0.,-1.,-1.31418445149758E-16));
#3134=DIRECTION('',(0.,1.31418445149758E-16,-1.));
#3135=DIRECTION('',(0.,-1.,3.35914164175732E-17));
#3136=DIRECTION('',(0.,-3.35914164175733E-17,-1.));
#3137=DIRECTION('',(0.,-2.98927103360787E-15,1.));
#3138=DIRECTION('',(0.,-1.,-2.98927103360787E-15));
#3139=DIRECTION('',(0.,2.98927103360787E-15,-1.));
#3140=DIRECTION('',(0.,1.,2.98927103360787E-15));
#3141=DIRECTION('',(0.,1.0842021724855E-16,-1.));
#3142=DIRECTION('',(0.,1.,1.0842021724855E-16));
#3143=DIRECTION('',(0.,-1.,0.));
#3144=DIRECTION('',(-1.,0.,0.));
#3145=DIRECTION('',(0.,-1.,-1.0842021724855E-16));
#3146=DIRECTION('',(-1.,0.,0.));
#3147=DIRECTION('',(0.,-1.,-1.31418445149758E-16));
#3148=DIRECTION('',(0.,1.31418445149758E-16,-1.));
#3149=DIRECTION('',(0.,-1.,3.35914164175732E-17));
#3150=DIRECTION('',(0.,-3.35914164175733E-17,-1.));
#3151=DIRECTION('',(0.,1.0842021724855E-16,-1.));
#3152=DIRECTION('',(0.,1.,1.0842021724855E-16));
#3153=DIRECTION('',(0.,1.,0.));
#3154=DIRECTION('',(1.,0.,0.));
#3155=DIRECTION('',(0.,-1.,-1.0842021724855E-16));
#3156=DIRECTION('',(-1.,0.,0.));
#3157=DIRECTION('',(0.,0.,1.));
#3158=DIRECTION('',(0.,1.,0.));
#3159=DIRECTION('',(0.,0.,-1.));
#3160=DIRECTION('',(0.,0.,1.));
#3161=DIRECTION('',(1.,0.,0.));
#3162=DIRECTION('',(0.,1.,0.));
#3163=DIRECTION('',(-1.,0.,0.));
#3164=DIRECTION('',(-1.,0.,0.));
#3165=DIRECTION('',(0.,0.,1.));
#3166=DIRECTION('',(0.,0.,-1.));
#3167=DIRECTION('',(0.,-1.,0.));
#3168=DIRECTION('',(0.,1.0842021724855E-16,-1.));
#3169=DIRECTION('',(0.,1.,1.0842021724855E-16));
#3170=DIRECTION('',(0.,1.,0.));
#3171=DIRECTION('',(1.,0.,0.));
#3172=DIRECTION('',(0.,1.0842021724855E-16,-1.));
#3173=DIRECTION('',(0.,1.,1.0842021724855E-16));
#3174=DIRECTION('',(0.,1.,0.));
#3175=DIRECTION('',(1.,0.,0.));
#3176=DIRECTION('',(0.,-1.,-1.0842021724855E-16));
#3177=DIRECTION('',(-1.,0.,0.));
#3178=DIRECTION('',(0.,0.,1.));
#3179=DIRECTION('',(0.,1.,0.));
#3180=DIRECTION('',(0.,0.,-1.));
#3181=DIRECTION('',(0.,0.,1.));
#3182=DIRECTION('',(1.,0.,0.));
#3183=DIRECTION('',(0.,1.,0.));
#3184=DIRECTION('',(-1.,0.,0.));
#3185=DIRECTION('',(-1.,0.,0.));
#3186=DIRECTION('',(0.,0.,1.));
#3187=DIRECTION('',(0.,0.,-1.));
#3188=DIRECTION('',(0.,-1.,0.));
#3189=DIRECTION('',(0.,1.0842021724855E-16,-1.));
#3190=DIRECTION('',(0.,1.,1.0842021724855E-16));
#3191=DIRECTION('',(0.,1.,0.));
#3192=DIRECTION('',(1.,0.,0.));
#3193=DIRECTION('',(1.,0.,2.71050543121376E-16));
#3194=DIRECTION('',(2.71050543121376E-16,0.,-1.));
#3195=DIRECTION('',(2.71050543121376E-16,0.,-1.));
#3196=DIRECTION('',(2.71050543121376E-16,0.,-1.));
#3197=DIRECTION('',(2.71050543121376E-16,0.,-1.));
#3198=DIRECTION('',(-1.,0.,-2.71050543121376E-16));
#3199=DIRECTION('',(2.71050543121376E-16,0.,1.));
#3200=DIRECTION('',(-1.,0.,2.71050543121376E-16));
#3201=DIRECTION('',(2.71050543121376E-16,0.,1.));
#3202=DIRECTION('',(2.71050543121376E-16,0.,1.));
#3203=DIRECTION('',(1.,0.,2.71050543121376E-16));
#3204=DIRECTION('',(2.71050543121376E-16,0.,-1.));
#3205=DIRECTION('',(2.71050543121376E-16,0.,-1.));
#3206=DIRECTION('',(2.71050543121376E-16,0.,-1.));
#3207=DIRECTION('',(2.71050543121376E-16,0.,-1.));
#3208=DIRECTION('',(-1.,0.,-2.71050543121376E-16));
#3209=DIRECTION('',(2.71050543121376E-16,0.,1.));
#3210=DIRECTION('',(-1.,0.,2.71050543121376E-16));
#3211=DIRECTION('',(2.71050543121376E-16,0.,1.));
#3212=DIRECTION('',(2.71050543121376E-16,0.,1.));
#3213=DIRECTION('',(-1.,0.,0.));
#3214=DIRECTION('',(0.,0.,1.));
#3215=DIRECTION('',(0.,3.35914164175733E-17,1.));
#3216=DIRECTION('',(0.,1.,0.));
#3217=DIRECTION('',(0.,0.,1.));
#3218=DIRECTION('',(0.,-1.,0.));
#3219=DIRECTION('',(0.,0.,-1.));
#3220=DIRECTION('',(-1.,0.,0.));
#3221=DIRECTION('',(0.,0.,1.));
#3222=DIRECTION('',(-1.,0.,0.));
#3223=DIRECTION('',(0.,0.,1.));
#3224=DIRECTION('',(0.,3.35914164175733E-17,1.));
#3225=DIRECTION('',(0.,1.,0.));
#3226=DIRECTION('',(0.,-1.,3.35914164175732E-17));
#3227=DIRECTION('',(0.,-3.35914164175733E-17,-1.));
#3228=DIRECTION('',(-1.,0.,0.));
#3229=DIRECTION('',(0.,2.98927103360787E-15,-1.));
#3230=DIRECTION('',(0.,1.,2.98927103360787E-15));
#3231=DIRECTION('',(0.,3.01943677556985E-15,-1.));
#3232=DIRECTION('',(0.,1.,3.01943677556985E-15));
#3233=DIRECTION('',(-1.,0.,0.));
#3234=DIRECTION('',(0.,0.,1.));
#3235=DIRECTION('',(0.,3.35914164175733E-17,1.));
#3236=DIRECTION('',(0.,1.,0.));
#3237=DIRECTION('',(0.,0.,1.));
#3238=DIRECTION('',(0.,-1.,0.));
#3239=DIRECTION('',(0.,0.,-1.));
#3240=DIRECTION('',(-1.,0.,0.));
#3241=DIRECTION('',(0.,0.,1.));
#3242=DIRECTION('',(-1.,0.,0.));
#3243=DIRECTION('',(0.,0.,1.));
#3244=DIRECTION('',(0.,3.35914164175733E-17,1.));
#3245=DIRECTION('',(0.,1.,0.));
#3246=DIRECTION('',(0.,-1.,3.35914164175732E-17));
#3247=DIRECTION('',(0.,-3.35914164175733E-17,-1.));
#3248=DIRECTION('',(-1.,0.,0.));
#3249=DIRECTION('',(0.,0.,-1.));
#3250=DIRECTION('',(-1.,0.,0.));
#3251=DIRECTION('',(0.,-1.,0.));
#3252=DIRECTION('',(-1.,0.,0.));
#3253=DIRECTION('',(0.,-1.,0.));
#3254=DIRECTION('',(-1.,0.,0.));
#3255=DIRECTION('',(0.,-1.,0.));
#3256=DIRECTION('',(0.,0.,-1.));
#3257=DIRECTION('',(0.,0.,1.));
#3258=DIRECTION('',(0.,0.,1.));
#3259=DIRECTION('',(0.,0.,1.));
#3260=DIRECTION('',(1.,0.,0.));
#3261=DIRECTION('',(0.,0.,1.));
#3262=DIRECTION('',(1.,0.,0.));
#3263=DIRECTION('',(0.,3.01943677556985E-15,-1.));
#3264=DIRECTION('',(0.,1.,3.01943677556985E-15));
#3265=DIRECTION('',(0.,3.01943677556985E-15,-1.));
#3266=DIRECTION('',(0.,1.,3.01943677556985E-15));
#3267=DIRECTION('',(0.,0.,1.));
#3268=DIRECTION('',(1.,0.,0.));
#3269=DIRECTION('',(0.,0.,1.));
#3270=DIRECTION('',(1.,0.,0.));
#3271=DIRECTION('',(1.,0.,0.));
#3272=DIRECTION('',(0.,0.,-1.));
#3273=DIRECTION('',(0.,1.,0.));
#3274=DIRECTION('',(0.,0.,-1.));
#3275=DIRECTION('',(0.,0.,-1.));
#3276=DIRECTION('',(0.,-1.,0.));
#3277=DIRECTION('',(0.,-0.309016994374948,0.951056516295154));
#3278=DIRECTION('',(0.,0.,1.));
#3279=DIRECTION('',(0.,-0.951056516295154,-0.309016994374948));
#3280=DIRECTION('',(0.,0.309016994374948,-0.951056516295154));
#3281=DIRECTION('',(-1.,0.,0.));
#3282=DIRECTION('',(0.,-0.309016994374948,0.951056516295154));
#3283=DIRECTION('',(1.,0.,0.));
#3284=DIRECTION('',(0.,0.,-1.));
#3285=DIRECTION('',(0.,0.,-1.));
#3286=DIRECTION('',(0.,1.,2.16840434497101E-15));
#3287=DIRECTION('',(0.,0.,-1.));
#3288=DIRECTION('',(0.,-1.,0.));
#3289=DIRECTION('',(0.,0.,-1.));
#3290=DIRECTION('',(0.,1.,0.));
#3291=DIRECTION('',(0.,0.,1.));
#3292=DIRECTION('',(-1.,0.,0.));
#3293=DIRECTION('',(0.,0.,1.));
#3294=DIRECTION('',(1.,0.,0.));
#3295=DIRECTION('',(0.,0.,-1.));
#3296=DIRECTION('',(-1.,0.,0.));
#3297=DIRECTION('',(0.,3.01943677556985E-15,-1.));
#3298=DIRECTION('',(0.,1.,3.01943677556985E-15));
#3299=DIRECTION('',(0.,0.,-1.));
#3300=DIRECTION('',(-1.,0.,0.));
#3301=DIRECTION('',(0.,0.,1.));
#3302=DIRECTION('',(1.,0.,0.));
#3303=DIRECTION('',(0.,0.,-1.));
#3304=DIRECTION('',(-1.,0.,0.));
#3305=DIRECTION('',(0.,0.,-1.));
#3306=DIRECTION('',(-1.,0.,0.));
#3307=DIRECTION('',(-0.258819045102521,0.965925826289068,0.));
#3308=DIRECTION('',(-0.965925826289068,-0.258819045102521,0.));
#3309=DIRECTION('',(0.694746590606866,0.186156787897386,-0.694746590606865));
#3310=DIRECTION('',(0.,0.,-1.));
#3311=DIRECTION('',(1.,-2.16840434497101E-15,0.));
#3312=DIRECTION('',(2.16840434497101E-15,1.,0.));
#3313=DIRECTION('',(0.,0.,-1.));
#3314=DIRECTION('',(-2.16840434497101E-15,-1.,0.));
#3315=DIRECTION('',(0.,0.,-1.));
#3316=DIRECTION('',(-0.258819045102521,-0.965925826289068,0.));
#3317=DIRECTION('',(0.965925826289068,-0.258819045102521,0.));
#3318=DIRECTION('',(0.,0.,-1.));
#3319=DIRECTION('',(-0.694746590606866,0.186156787897385,0.694746590606866));
#3320=DIRECTION('',(0.,0.,-1.));
#3321=DIRECTION('',(-1.,0.,0.));
#3322=DIRECTION('',(0.707106781186547,-1.53329341668337E-15,0.707106781186548));
#3323=DIRECTION('',(0.707106781186548,-1.53329341668338E-15,-0.707106781186547));
#3324=DIRECTION('',(0.,0.,-1.));
#3325=DIRECTION('',(-1.,0.,0.));
#3326=DIRECTION('',(0.707106781186547,-1.53329341668337E-15,0.707106781186548));
#3327=DIRECTION('',(0.707106781186548,-1.53329341668338E-15,-0.707106781186547));
#3328=DIRECTION('',(0.707106781186547,-1.53329341668337E-15,0.707106781186548));
#3329=DIRECTION('',(2.16840434497101E-15,1.,0.));
#3330=DIRECTION('',(-0.258819045102521,-0.965925826289068,0.));
#3331=DIRECTION('',(0.965925826289068,-0.258819045102521,0.));
#3332=DIRECTION('',(-0.965925826289068,0.258819045102521,0.));
#3333=DIRECTION('',(0.,0.,-1.));
#3334=DIRECTION('',(-0.25881904510252,0.965925826289069,0.));
#3335=DIRECTION('',(-0.965925826289069,-0.25881904510252,0.));
#3336=DIRECTION('',(0.,0.,-1.));
#3337=DIRECTION('',(0.965925826289068,0.258819045102521,0.));
#3338=DIRECTION('',(0.,0.,-1.));
#3339=DIRECTION('',(-1.,0.,0.));
#3340=DIRECTION('',(0.,0.,-1.));
#3341=DIRECTION('',(-1.,0.,0.));
#3342=DIRECTION('',(-1.75009545050881E-15,-1.,0.));
#3343=DIRECTION('',(0.,0.,-1.));
#3344=DIRECTION('',(-1.,0.,0.));
#3345=DIRECTION('',(1.,-1.75009545050881E-15,0.));
#3346=DIRECTION('',(1.75009545050881E-15,1.,0.));
#3347=DIRECTION('',(0.,0.,-1.));
#3348=DIRECTION('',(0.,0.,-1.));
#3349=DIRECTION('',(0.,0.,-1.));
#3350=DIRECTION('',(-1.,0.,0.));
#3351=DIRECTION('',(0.,0.,-1.));
#3352=DIRECTION('',(-1.,0.,0.));
#3353=DIRECTION('',(0.,2.98927103360787E-15,-1.));
#3354=DIRECTION('',(0.,1.,2.98927103360787E-15));
#3355=DIRECTION('',(0.,2.98927103360787E-15,-1.));
#3356=DIRECTION('',(0.,1.,2.98927103360787E-15));
#3357=DIRECTION('',(0.,2.98927103360787E-15,-1.));
#3358=DIRECTION('',(0.,1.,2.98927103360787E-15));
#3359=DIRECTION('',(0.,2.98927103360787E-15,-1.));
#3360=DIRECTION('',(0.,1.,2.98927103360787E-15));
#3361=CARTESIAN_POINT('',(0.,0.,0.));
#3362=CARTESIAN_POINT('',(5.,-4.5,-6.25));
#3363=CARTESIAN_POINT('',(-5.,-2.09191909722043,-6.25));
#3364=CARTESIAN_POINT('',(-5.,-2.09191909722043,-6.25));
#3365=CARTESIAN_POINT('',(-4.58794095225513,-1.98150820814326,-6.25));
#3366=CARTESIAN_POINT('',(-5.,-4.5,-6.25));
#3367=CARTESIAN_POINT('',(-5.,4.5,-6.25));
#3368=CARTESIAN_POINT('',(5.,4.5,-6.25));
#3369=CARTESIAN_POINT('',(-3.,4.5,-6.25));
#3370=CARTESIAN_POINT('',(-3.,-4.5,-6.25));
#3371=CARTESIAN_POINT('',(-3.,0.5,-6.25));
#3372=CARTESIAN_POINT('',(-2.5,0.5,-6.25));
#3373=CARTESIAN_POINT('',(-2.,0.5,-6.25));
#3374=CARTESIAN_POINT('',(-2.,-4.5,-6.25));
#3375=CARTESIAN_POINT('',(-2.,4.5,-6.25));
#3376=CARTESIAN_POINT('',(5.,4.5,-6.25));
#3377=CARTESIAN_POINT('',(2.,4.5,-6.25));
#3378=CARTESIAN_POINT('',(2.,-4.5,-6.25));
#3379=CARTESIAN_POINT('',(2.,0.5,-6.25));
#3380=CARTESIAN_POINT('',(2.5,0.5,-6.25));
#3381=CARTESIAN_POINT('',(3.,0.5,-6.25));
#3382=CARTESIAN_POINT('',(3.,-4.5,-6.25));
#3383=CARTESIAN_POINT('',(3.,4.5,-6.25));
#3384=CARTESIAN_POINT('',(5.,4.5,-6.25));
#3385=CARTESIAN_POINT('',(5.,4.5,-6.25));
#3386=CARTESIAN_POINT('',(5.,-4.5,-6.25));
#3387=CARTESIAN_POINT('',(5.,-2.12541274627432,-6.25));
#3388=CARTESIAN_POINT('',(5.,-2.12541274627432,-6.25));
#3389=CARTESIAN_POINT('',(5.53705904774487,-1.98150820814326,-6.25));
#3390=CARTESIAN_POINT('',(5.55,-2.02980449945771,-6.25));
#3391=CARTESIAN_POINT('',(5.6,-2.02980449945771,-6.25));
#3392=CARTESIAN_POINT('',(5.6,-2.52541274627432,-6.25));
#3393=CARTESIAN_POINT('',(5.6,-3.02102099309094,-6.25));
#3394=CARTESIAN_POINT('',(5.55,-3.02102099309094,-6.25));
#3395=CARTESIAN_POINT('',(5.53705904774487,-3.06931728440539,-6.25));
#3396=CARTESIAN_POINT('',(5.,-2.92541274627432,-6.25));
#3397=CARTESIAN_POINT('',(5.,-2.92541274627432,-6.25));
#3398=CARTESIAN_POINT('',(5.,-4.5,-6.25));
#3399=CARTESIAN_POINT('',(5.,-4.5,-6.25));
#3400=CARTESIAN_POINT('',(5.,-4.5,-6.25));
#3401=CARTESIAN_POINT('',(-5.,-4.5,-6.25));
#3402=CARTESIAN_POINT('',(-5.,-4.5,-6.25));
#3403=CARTESIAN_POINT('',(-5.,-2.95890639532821,-6.25));
#3404=CARTESIAN_POINT('',(-5.,-2.95890639532821,-6.25));
#3405=CARTESIAN_POINT('',(-4.58794095225513,-3.06931728440539,-6.25));
#3406=CARTESIAN_POINT('',(-4.575,-3.02102099309094,-6.25));
#3407=CARTESIAN_POINT('',(-4.525,-3.02102099309094,-6.25));
#3408=CARTESIAN_POINT('',(-4.525,-2.02980449945771,-6.25));
#3409=CARTESIAN_POINT('',(-4.525,-2.02980449945771,-6.25));
#3410=CARTESIAN_POINT('',(-4.575,-2.02980449945771,-6.25));
#3411=CARTESIAN_POINT('',(2.5,0.500000000000015,5.88815021624546));
#3412=CARTESIAN_POINT('',(20.9251563163867,0.895382021318048,5.88815021624546));
#3413=CARTESIAN_POINT('',(4.10192791885853,0.895382021318048,5.88815021624546));
#3414=CARTESIAN_POINT('',(0.898072081141472,0.895382021318048,5.88815021624546));
#3415=CARTESIAN_POINT('',(2.5,0.500000000000001,5.88815021624546));
#3416=CARTESIAN_POINT('',(2.5,0.500000000000015,5.88815021624546));
#3417=CARTESIAN_POINT('',(20.9251563163867,0.104617978681982,5.88815021624546));
#3418=CARTESIAN_POINT('',(4.10192791885854,0.104617978681982,5.88815021624546));
#3419=CARTESIAN_POINT('',(0.898072081141465,0.104617978681982,5.88815021624546));
#3420=CARTESIAN_POINT('',(2.5,0.500000000000001,5.88815021624546));
#3421=CARTESIAN_POINT('',(20.9251563163867,0.750000000000015,5.48871639547949));
#3422=CARTESIAN_POINT('',(2.5,0.500000000000004,4.80184704061581));
#3423=CARTESIAN_POINT('',(4.43390796058136,0.750000000000015,5.48871639547949));
#3424=CARTESIAN_POINT('',(4.42888432508116,0.786190951038188,5.58815021624546));
#3425=CARTESIAN_POINT('',(4.42888432508116,0.786190951038188,5.58815021624546));
#3426=CARTESIAN_POINT('',(4.42030876958055,0.843988916082114,5.74694882009408));
#3427=CARTESIAN_POINT('',(4.27126800940486,0.895382021318078,5.88815021624554));
#3428=CARTESIAN_POINT('',(4.10192791885854,0.895382021318083,5.88815021624556));
#3429=CARTESIAN_POINT('',(0.898072081141472,0.895382021318048,5.88815021624546));
#3430=CARTESIAN_POINT('',(0.728814271340222,0.895382021318048,5.88815021624546));
#3431=CARTESIAN_POINT('',(0.579684643899286,0.843944523924001,5.74682685364206));
#3432=CARTESIAN_POINT('',(0.571115674917934,0.786190951038265,5.58815021624567));
#3433=CARTESIAN_POINT('',(0.571115674918838,0.786190951038188,5.58815021624546));
#3434=CARTESIAN_POINT('',(2.5,0.500000000000004,4.80184704061581));
#3435=CARTESIAN_POINT('',(0.566092039418643,0.750000000000015,5.48871639547949));
#3436=CARTESIAN_POINT('',(20.9251563163867,0.750000000000015,5.48871639547949));
#3437=CARTESIAN_POINT('',(20.9251563163867,0.250000000000015,5.48871639547949));
#3438=CARTESIAN_POINT('',(2.5,0.500000000000004,4.80184704061587));
#3439=CARTESIAN_POINT('',(0.571115674918834,0.213809048961842,5.58815021624546));
#3440=CARTESIAN_POINT('',(0.566092039418639,0.250000000000015,5.48871639547949));
#3441=CARTESIAN_POINT('',(0.571115674918834,0.213809048961843,5.58815021624546));
#3442=CARTESIAN_POINT('',(0.579691230419444,0.156011083917917,5.74694882009407));
#3443=CARTESIAN_POINT('',(0.728731990595129,0.104617978681953,5.88815021624554));
#3444=CARTESIAN_POINT('',(0.89807208114145,0.104617978681948,5.88815021624555));
#3445=CARTESIAN_POINT('',(4.10192791885853,0.104617978681982,5.88815021624546));
#3446=CARTESIAN_POINT('',(4.27118572865978,0.104617978681982,5.88815021624546));
#3447=CARTESIAN_POINT('',(4.42031535610072,0.15605547607603,5.74682685364206));
#3448=CARTESIAN_POINT('',(4.42888432508207,0.213809048961766,5.58815021624567));
#3449=CARTESIAN_POINT('',(4.42888432508117,0.213809048961842,5.58815021624546));
#3450=CARTESIAN_POINT('',(2.5,0.500000000000004,4.80184704061587));
#3451=CARTESIAN_POINT('',(4.43390796058136,0.250000000000015,5.48871639547949));
#3452=CARTESIAN_POINT('',(20.9251563163867,0.250000000000015,5.48871639547949));
#3453=CARTESIAN_POINT('',(20.9251563163867,0.500000000000015,5.48871639547949));
#3454=CARTESIAN_POINT('',(2.5,0.500000000000002,5.48871639547949));
#3455=CARTESIAN_POINT('',(2.5,0.500000000000002,5.48871639547949));
#3456=CARTESIAN_POINT('',(2.5,0.500000000000002,5.3432553787395));
#3457=CARTESIAN_POINT('',(2.5,0.500000000000005,4.43399570795592));
#3458=CARTESIAN_POINT('',(2.5,2.44999999999999,4.43399570795593));
#3459=CARTESIAN_POINT('',(2.5,0.500000000000001,5.58815021624546));
#3460=CARTESIAN_POINT('',(2.5,0.500000000000001,5.58815021624546));
#3461=CARTESIAN_POINT('',(2.5,0.500000000000005,4.43399570795592));
#3462=CARTESIAN_POINT('',(2.5,0.500000000000005,4.32333154643741));
#3463=CARTESIAN_POINT('',(2.5,2.15,4.32333154643742));
#3464=CARTESIAN_POINT('',(2.5,0.500000000000002,5.3432553787395));
#3465=CARTESIAN_POINT('',(2.5,0.500000000000015,1.21586663739942));
#3466=CARTESIAN_POINT('',(2.5,2.15000000000001,1.21586663739943));
#3467=CARTESIAN_POINT('',(2.5,0.500000000000014,1.56586663739942));
#3468=CARTESIAN_POINT('',(2.5,0.500000000000014,1.56586663739942));
#3469=CARTESIAN_POINT('',(2.5,2.50000000000001,1.56586663739943));
#3470=CARTESIAN_POINT('',(2.5,0.499999999999995,7.66807859492795));
#3471=CARTESIAN_POINT('',(2.5,0.499999999999999,6.25));
#3472=CARTESIAN_POINT('',(0.5,0.499999999999999,6.25));
#3473=CARTESIAN_POINT('',(-2.5,1.,-10.75));
#3474=CARTESIAN_POINT('',(-2.5,0.499999999999999,-10.75));
#3475=CARTESIAN_POINT('',(-2.225,0.499999999999999,-10.75));
#3476=CARTESIAN_POINT('',(2.5,1.,-10.75));
#3477=CARTESIAN_POINT('',(2.5,0.499999999999999,-10.75));
#3478=CARTESIAN_POINT('',(2.775,0.499999999999999,-10.75));
#3479=CARTESIAN_POINT('',(-1.625,2.48356615019753,-1.31135502102036));
#3480=CARTESIAN_POINT('',(-3.375,2.48356615019753,-1.81135502102036));
#3481=CARTESIAN_POINT('',(-3.50897459621556,2.48356615019753,-1.31135502102036));
#3482=CARTESIAN_POINT('',(-4.02063504480492,2.48356615019753,0.598187769338609));
#3483=CARTESIAN_POINT('',(-1.625,2.48356615019753,-1.31135502102036));
#3484=CARTESIAN_POINT('',(-1.49102540378444,2.48356615019753,-1.31135502102036));
#3485=CARTESIAN_POINT('',(-1.625,2.48356615019753,-1.81135502102036));
#3486=CARTESIAN_POINT('',(-0.979364955195082,2.48356615019753,0.598187769338609));
#3487=CARTESIAN_POINT('',(-1.625,2.48356615019753,0.598187769338609));
#3488=CARTESIAN_POINT('',(-1.625,2.28356615019753,-1.31135502102036));
#3489=CARTESIAN_POINT('',(-3.50897459621556,2.28356615019753,-1.31135502102036));
#3490=CARTESIAN_POINT('',(-3.45538475772934,2.28356615019753,-1.51135502102036));
#3491=CARTESIAN_POINT('',(-1.625,2.28356615019753,-1.51135502102036));
#3492=CARTESIAN_POINT('',(-1.54461524227066,2.28356615019753,-1.51135502102036));
#3493=CARTESIAN_POINT('',(-1.49102540378444,2.28356615019753,-1.31135502102036));
#3494=CARTESIAN_POINT('',(-1.625,-1.15371029875318,-1.51135502102036));
#3495=CARTESIAN_POINT('',(-3.45538475772934,0.564927925722173,-1.51135502102036));
#3496=CARTESIAN_POINT('',(-3.45538475772934,-1.15371029875318,-1.51135502102036));
#3497=CARTESIAN_POINT('',(-1.625,-1.15371029875318,-1.51135502102036));
#3498=CARTESIAN_POINT('',(-1.54461524227066,-1.15371029875318,-1.51135502102036));
#3499=CARTESIAN_POINT('',(-1.54461524227066,0.564927925722173,-1.51135502102036));
#3500=CARTESIAN_POINT('',(-1.625,-1.15371029875318,-1.51135502102036));
#3501=CARTESIAN_POINT('',(-3.375,-1.15371029875318,-1.81135502102036));
#3502=CARTESIAN_POINT('',(-3.375,-1.15371029875318,-1.81135502102036));
#3503=CARTESIAN_POINT('',(-1.625,-1.15371029875318,-1.81135502102036));
#3504=CARTESIAN_POINT('',(-1.625,-1.15371029875318,-1.81135502102036));
#3505=CARTESIAN_POINT('',(-1.625,-1.15371029875318,-1.81135502102036));
#3506=CARTESIAN_POINT('',(-1.625,-1.15371029875318,-1.81135502102036));
#3507=CARTESIAN_POINT('',(-3.375,0.564927925722173,-1.81135502102036));
#3508=CARTESIAN_POINT('',(-3.375,2.28356615019753,-1.81135502102036));
#3509=CARTESIAN_POINT('',(-1.625,2.28356615019753,-1.81135502102036));
#3510=CARTESIAN_POINT('',(-1.625,2.28356615019753,-1.81135502102036));
#3511=CARTESIAN_POINT('',(-1.625,0.564927925722173,-1.81135502102036));
#3512=CARTESIAN_POINT('',(-1.625,2.28356615019753,-1.31135502102036));
#3513=CARTESIAN_POINT('',(-3.50897459621556,2.28356615019753,-1.31135502102036));
#3514=CARTESIAN_POINT('',(-3.50897459621556,2.78356615019753,-1.31135502102036));
#3515=CARTESIAN_POINT('',(-1.625,2.78356615019753,-1.31135502102036));
#3516=CARTESIAN_POINT('',(-1.49102540378444,2.78356615019753,-1.31135502102036));
#3517=CARTESIAN_POINT('',(-1.49102540378444,2.28356615019753,-1.31135502102036));
#3518=CARTESIAN_POINT('',(-1.625,2.78356615019753,-1.31135502102036));
#3519=CARTESIAN_POINT('',(-3.375,2.78356615019753,-1.81135502102036));
#3520=CARTESIAN_POINT('',(-4.02063504480492,2.78356615019753,0.598187769338609));
#3521=CARTESIAN_POINT('',(-1.625,2.78356615019753,0.598187769338609));
#3522=CARTESIAN_POINT('',(-0.979364955195082,2.78356615019753,0.598187769338609));
#3523=CARTESIAN_POINT('',(-1.625,2.78356615019753,-1.81135502102036));
#3524=CARTESIAN_POINT('',(3.375,2.48356615019753,-1.31135502102036));
#3525=CARTESIAN_POINT('',(1.625,2.48356615019753,-1.81135502102036));
#3526=CARTESIAN_POINT('',(1.49102540378444,2.48356615019753,-1.31135502102036));
#3527=CARTESIAN_POINT('',(0.979364955195082,2.48356615019753,0.598187769338609));
#3528=CARTESIAN_POINT('',(3.375,2.48356615019753,-1.31135502102036));
#3529=CARTESIAN_POINT('',(3.50897459621556,2.48356615019753,-1.31135502102036));
#3530=CARTESIAN_POINT('',(3.375,2.48356615019753,-1.81135502102036));
#3531=CARTESIAN_POINT('',(4.02063504480492,2.48356615019753,0.598187769338609));
#3532=CARTESIAN_POINT('',(3.375,2.48356615019753,0.598187769338609));
#3533=CARTESIAN_POINT('',(3.375,2.28356615019753,-1.31135502102036));
#3534=CARTESIAN_POINT('',(1.49102540378444,2.28356615019753,-1.31135502102036));
#3535=CARTESIAN_POINT('',(1.54461524227066,2.28356615019753,-1.51135502102036));
#3536=CARTESIAN_POINT('',(3.375,2.28356615019753,-1.51135502102036));
#3537=CARTESIAN_POINT('',(3.45538475772934,2.28356615019753,-1.51135502102036));
#3538=CARTESIAN_POINT('',(3.50897459621556,2.28356615019753,-1.31135502102036));
#3539=CARTESIAN_POINT('',(3.375,-1.15371029875318,-1.51135502102036));
#3540=CARTESIAN_POINT('',(1.54461524227066,0.564927925722173,-1.51135502102036));
#3541=CARTESIAN_POINT('',(1.54461524227066,-1.15371029875318,-1.51135502102036));
#3542=CARTESIAN_POINT('',(3.375,-1.15371029875318,-1.51135502102036));
#3543=CARTESIAN_POINT('',(3.45538475772934,-1.15371029875318,-1.51135502102036));
#3544=CARTESIAN_POINT('',(3.45538475772934,0.564927925722173,-1.51135502102036));
#3545=CARTESIAN_POINT('',(3.375,-1.15371029875318,-1.51135502102036));
#3546=CARTESIAN_POINT('',(1.625,-1.15371029875318,-1.81135502102036));
#3547=CARTESIAN_POINT('',(1.625,-1.15371029875318,-1.81135502102036));
#3548=CARTESIAN_POINT('',(3.375,-1.15371029875318,-1.81135502102036));
#3549=CARTESIAN_POINT('',(3.375,-1.15371029875318,-1.81135502102036));
#3550=CARTESIAN_POINT('',(3.375,-1.15371029875318,-1.81135502102036));
#3551=CARTESIAN_POINT('',(3.375,-1.15371029875318,-1.81135502102036));
#3552=CARTESIAN_POINT('',(1.625,0.564927925722173,-1.81135502102036));
#3553=CARTESIAN_POINT('',(1.625,2.28356615019753,-1.81135502102036));
#3554=CARTESIAN_POINT('',(3.375,2.28356615019753,-1.81135502102036));
#3555=CARTESIAN_POINT('',(3.375,2.28356615019753,-1.81135502102036));
#3556=CARTESIAN_POINT('',(3.375,0.564927925722173,-1.81135502102036));
#3557=CARTESIAN_POINT('',(3.375,2.28356615019753,-1.31135502102036));
#3558=CARTESIAN_POINT('',(1.49102540378444,2.28356615019753,-1.31135502102036));
#3559=CARTESIAN_POINT('',(1.49102540378444,2.78356615019753,-1.31135502102036));
#3560=CARTESIAN_POINT('',(3.375,2.78356615019753,-1.31135502102036));
#3561=CARTESIAN_POINT('',(3.50897459621556,2.78356615019753,-1.31135502102036));
#3562=CARTESIAN_POINT('',(3.50897459621556,2.28356615019753,-1.31135502102036));
#3563=CARTESIAN_POINT('',(3.375,2.78356615019753,-1.31135502102036));
#3564=CARTESIAN_POINT('',(1.625,2.78356615019753,-1.81135502102036));
#3565=CARTESIAN_POINT('',(0.979364955195082,2.78356615019753,0.598187769338609));
#3566=CARTESIAN_POINT('',(3.375,2.78356615019753,0.598187769338609));
#3567=CARTESIAN_POINT('',(4.02063504480492,2.78356615019753,0.598187769338609));
#3568=CARTESIAN_POINT('',(3.375,2.78356615019753,-1.81135502102036));
#3569=CARTESIAN_POINT('',(-2.5,0.499999999999999,-10.55));
#3570=CARTESIAN_POINT('',(-2.5,0.499999999999999,-10.55));
#3571=CARTESIAN_POINT('',(-2.025,0.499999999999999,-10.55));
#3572=CARTESIAN_POINT('',(2.5,0.499999999999999,-10.55));
#3573=CARTESIAN_POINT('',(2.5,0.499999999999999,-10.55));
#3574=CARTESIAN_POINT('',(2.975,0.499999999999999,-10.55));
#3575=CARTESIAN_POINT('',(-2.5,0.500000000000015,5.88815021624546));
#3576=CARTESIAN_POINT('',(15.9251563163867,0.104617978681982,5.88815021624546));
#3577=CARTESIAN_POINT('',(-0.898072081141465,0.104617978681982,5.88815021624546));
#3578=CARTESIAN_POINT('',(-4.10192791885853,0.104617978681982,5.88815021624546));
#3579=CARTESIAN_POINT('',(-2.5,0.500000000000001,5.88815021624546));
#3580=CARTESIAN_POINT('',(15.9251563163867,0.250000000000015,5.48871639547949));
#3581=CARTESIAN_POINT('',(-2.5,0.500000000000004,4.80184704061587));
#3582=CARTESIAN_POINT('',(-4.42888432508117,0.213809048961842,5.58815021624546));
#3583=CARTESIAN_POINT('',(-4.43390796058136,0.250000000000015,5.48871639547949));
#3584=CARTESIAN_POINT('',(-4.42888432508117,0.213809048961843,5.58815021624546));
#3585=CARTESIAN_POINT('',(-4.42030876958056,0.156011083917917,5.74694882009407));
#3586=CARTESIAN_POINT('',(-4.27126800940487,0.104617978681953,5.88815021624554));
#3587=CARTESIAN_POINT('',(-4.10192791885855,0.104617978681948,5.88815021624555));
#3588=CARTESIAN_POINT('',(-0.898072081141465,0.104617978681982,5.88815021624546));
#3589=CARTESIAN_POINT('',(-0.728814271340216,0.104617978681982,5.88815021624546));
#3590=CARTESIAN_POINT('',(-0.579684643899281,0.15605547607603,5.74682685364206));
#3591=CARTESIAN_POINT('',(-0.57111567491793,0.213809048961766,5.58815021624567));
#3592=CARTESIAN_POINT('',(-0.571115674918834,0.213809048961842,5.58815021624546));
#3593=CARTESIAN_POINT('',(-2.5,0.500000000000004,4.80184704061587));
#3594=CARTESIAN_POINT('',(-0.566092039418639,0.250000000000015,5.48871639547949));
#3595=CARTESIAN_POINT('',(15.9251563163867,0.250000000000015,5.48871639547949));
#3596=CARTESIAN_POINT('',(-2.5,0.500000000000015,5.88815021624546));
#3597=CARTESIAN_POINT('',(15.9251563163867,0.895382021318048,5.88815021624546));
#3598=CARTESIAN_POINT('',(-0.898072081141472,0.895382021318048,5.88815021624546));
#3599=CARTESIAN_POINT('',(-4.10192791885853,0.895382021318048,5.88815021624546));
#3600=CARTESIAN_POINT('',(-2.5,0.500000000000001,5.88815021624546));
#3601=CARTESIAN_POINT('',(15.9251563163867,0.750000000000015,5.48871639547949));
#3602=CARTESIAN_POINT('',(-2.5,0.500000000000004,4.80184704061581));
#3603=CARTESIAN_POINT('',(-0.566092039418642,0.750000000000015,5.48871639547949));
#3604=CARTESIAN_POINT('',(-0.571115674918838,0.786190951038188,5.58815021624546));
#3605=CARTESIAN_POINT('',(-0.571115674918838,0.786190951038188,5.58815021624546));
#3606=CARTESIAN_POINT('',(-0.579691230419449,0.843988916082114,5.74694882009408));
#3607=CARTESIAN_POINT('',(-0.728731990595134,0.895382021318078,5.88815021624554));
#3608=CARTESIAN_POINT('',(-0.898072081141457,0.895382021318083,5.88815021624556));
#3609=CARTESIAN_POINT('',(-4.10192791885853,0.895382021318048,5.88815021624546));
#3610=CARTESIAN_POINT('',(-4.27118572865978,0.895382021318049,5.88815021624546));
#3611=CARTESIAN_POINT('',(-4.42031535610071,0.843944523924001,5.74682685364206));
#3612=CARTESIAN_POINT('',(-4.42888432508207,0.786190951038265,5.58815021624567));
#3613=CARTESIAN_POINT('',(-4.42888432508116,0.786190951038188,5.58815021624546));
#3614=CARTESIAN_POINT('',(-2.5,0.500000000000004,4.80184704061581));
#3615=CARTESIAN_POINT('',(-4.43390796058136,0.750000000000015,5.48871639547949));
#3616=CARTESIAN_POINT('',(15.9251563163867,0.750000000000015,5.48871639547949));
#3617=CARTESIAN_POINT('',(15.9251563163867,0.500000000000015,5.48871639547949));
#3618=CARTESIAN_POINT('',(-2.5,0.500000000000002,5.48871639547949));
#3619=CARTESIAN_POINT('',(-2.5,0.500000000000002,5.48871639547949));
#3620=CARTESIAN_POINT('',(-1.625,2.22466136897603,0.598187769338609));
#3621=CARTESIAN_POINT('',(-4.02063504480492,2.22466136897603,0.598187769338609));
#3622=CARTESIAN_POINT('',(-4.16122410699076,2.41722215511167,1.12287329240464));
#3623=CARTESIAN_POINT('',(-1.625,2.41722215511167,1.12287329240464));
#3624=CARTESIAN_POINT('',(-0.838775893009237,2.41722215511167,1.12287329240464));
#3625=CARTESIAN_POINT('',(-0.979364955195082,2.22466136897603,0.598187769338609));
#3626=CARTESIAN_POINT('',(-1.625,0.564927925722173,-1.81135502102036));
#3627=CARTESIAN_POINT('',(-0.782088540944574,2.41722215511167,1.33443337045651));
#3628=CARTESIAN_POINT('',(-0.932991913928271,2.41722215511167,0.771254315447836));
#3629=CARTESIAN_POINT('',(-0.979364955195082,2.22466136897603,0.598187769338609));
#3630=CARTESIAN_POINT('',(-1.625,2.22466136897603,0.598187769338609));
#3631=CARTESIAN_POINT('',(-1.625,2.41722215511167,0.771254315447836));
#3632=CARTESIAN_POINT('',(-4.06700808607173,2.41722215511167,0.771254315447836));
#3633=CARTESIAN_POINT('',(-4.02063504480492,2.22466136897603,0.598187769338609));
#3634=CARTESIAN_POINT('',(-3.375,0.564927925722173,-1.81135502102036));
#3635=CARTESIAN_POINT('',(-3.89553827976613,2.41722215511167,0.131320286351361));
#3636=CARTESIAN_POINT('',(3.375,2.22466136897603,0.598187769338609));
#3637=CARTESIAN_POINT('',(0.979364955195082,2.22466136897603,0.598187769338609));
#3638=CARTESIAN_POINT('',(0.838775893009237,2.41722215511167,1.12287329240464));
#3639=CARTESIAN_POINT('',(3.375,2.41722215511167,1.12287329240464));
#3640=CARTESIAN_POINT('',(4.16122410699076,2.41722215511167,1.12287329240464));
#3641=CARTESIAN_POINT('',(4.02063504480492,2.22466136897603,0.598187769338609));
#3642=CARTESIAN_POINT('',(3.375,0.564927925722173,-1.81135502102036));
#3643=CARTESIAN_POINT('',(4.21791145905543,2.41722215511167,1.33443337045651));
#3644=CARTESIAN_POINT('',(4.06700808607173,2.41722215511167,0.771254315447836));
#3645=CARTESIAN_POINT('',(4.02063504480492,2.22466136897603,0.598187769338609));
#3646=CARTESIAN_POINT('',(3.375,2.22466136897603,0.598187769338609));
#3647=CARTESIAN_POINT('',(3.375,2.41722215511167,0.771254315447836));
#3648=CARTESIAN_POINT('',(0.93299191392827,2.41722215511167,0.771254315447836));
#3649=CARTESIAN_POINT('',(0.979364955195082,2.22466136897603,0.598187769338609));
#3650=CARTESIAN_POINT('',(1.625,0.564927925722173,-1.81135502102036));
#3651=CARTESIAN_POINT('',(1.10446172023387,2.41722215511167,0.131320286351361));
#3652=CARTESIAN_POINT('',(-2.5,0.499999999999999,-10.75));
#3653=CARTESIAN_POINT('',(-2.5,0.499999999999999,-5.45));
#3654=CARTESIAN_POINT('',(-2.5,0.974999999999999,-5.45));
#3655=CARTESIAN_POINT('',(2.5,0.499999999999999,-10.75));
#3656=CARTESIAN_POINT('',(2.5,0.499999999999999,-5.45));
#3657=CARTESIAN_POINT('',(2.5,0.974999999999999,-5.45));
#3658=CARTESIAN_POINT('',(-2.5,0.500000000000002,5.3432553787395));
#3659=CARTESIAN_POINT('',(-2.5,0.500000000000005,4.43399570795592));
#3660=CARTESIAN_POINT('',(-2.5,2.44999999999999,4.43399570795593));
#3661=CARTESIAN_POINT('',(-2.5,0.500000000000001,5.58815021624546));
#3662=CARTESIAN_POINT('',(-2.5,0.500000000000001,5.58815021624546));
#3663=CARTESIAN_POINT('',(-0.0937738317896993,2.41722215511167,1.15));
#3664=CARTESIAN_POINT('',(-2.5,2.41722215511167,-2.26880104320471));
#3665=CARTESIAN_POINT('',(-2.5,2.41722215511167,-0.768801043204709));
#3666=CARTESIAN_POINT('',(-0.0937738317896993,2.41722215511167,1.15));
#3667=CARTESIAN_POINT('',(-0.5,2.41722215511167,1.15));
#3668=CARTESIAN_POINT('',(-4.5,2.41722215511167,1.15));
#3669=CARTESIAN_POINT('',(-0.5,2.41722215511167,3.17667577206323E-16));
#3670=CARTESIAN_POINT('',(-0.5,2.41722215511167,-5.45));
#3671=CARTESIAN_POINT('',(-0.0937738317896993,2.41722215511167,-5.45));
#3672=CARTESIAN_POINT('',(-2.,2.41722215511167,-5.45));
#3673=CARTESIAN_POINT('',(-0.0937738317896993,2.41722215511167,-5.45));
#3674=CARTESIAN_POINT('',(-3.,2.41722215511167,-5.45));
#3675=CARTESIAN_POINT('',(-0.0937738317896993,2.41722215511167,-5.45));
#3676=CARTESIAN_POINT('',(-4.5,2.41722215511167,-5.45));
#3677=CARTESIAN_POINT('',(-4.5,2.41722215511167,3.17667577206323E-16));
#3678=CARTESIAN_POINT('',(4.9062261682103,2.41722215511167,1.15));
#3679=CARTESIAN_POINT('',(2.5,2.41722215511167,-2.26880104320471));
#3680=CARTESIAN_POINT('',(2.5,2.41722215511167,-0.768801043204709));
#3681=CARTESIAN_POINT('',(4.9062261682103,2.41722215511167,1.15));
#3682=CARTESIAN_POINT('',(4.5,2.41722215511167,1.15));
#3683=CARTESIAN_POINT('',(0.500000000000001,2.41722215511167,1.15));
#3684=CARTESIAN_POINT('',(4.5,2.41722215511167,3.17667577206323E-16));
#3685=CARTESIAN_POINT('',(4.5,2.41722215511167,-5.45));
#3686=CARTESIAN_POINT('',(4.9062261682103,2.41722215511167,-5.45));
#3687=CARTESIAN_POINT('',(3.,2.41722215511167,-5.45));
#3688=CARTESIAN_POINT('',(4.9062261682103,2.41722215511167,-5.45));
#3689=CARTESIAN_POINT('',(2.,2.41722215511167,-5.45));
#3690=CARTESIAN_POINT('',(4.9062261682103,2.41722215511167,-5.45));
#3691=CARTESIAN_POINT('',(0.5,2.41722215511167,-5.45));
#3692=CARTESIAN_POINT('',(0.5,2.41722215511167,3.17667577206323E-16));
#3693=CARTESIAN_POINT('',(-3.,0.,-5.45));
#3694=CARTESIAN_POINT('',(-2.5,0.5,-5.45));
#3695=CARTESIAN_POINT('',(-2.,0.5,-5.45));
#3696=CARTESIAN_POINT('',(-3.,0.5,-5.45));
#3697=CARTESIAN_POINT('',(-3.,0.,-5.45));
#3698=CARTESIAN_POINT('',(-2.,0.,-5.45));
#3699=CARTESIAN_POINT('',(2.,0.,-5.45));
#3700=CARTESIAN_POINT('',(2.5,0.5,-5.45));
#3701=CARTESIAN_POINT('',(3.,0.5,-5.45));
#3702=CARTESIAN_POINT('',(2.,0.5,-5.45));
#3703=CARTESIAN_POINT('',(2.,0.,-5.45));
#3704=CARTESIAN_POINT('',(3.,0.,-5.45));
#3705=CARTESIAN_POINT('',(-0.75,4.5,-5.45));
#3706=CARTESIAN_POINT('',(-0.5,4.841418230938,-5.45));
#3707=CARTESIAN_POINT('',(-0.5,-1.58277784488833,-5.45));
#3708=CARTESIAN_POINT('',(-0.5,-3.5,-5.45));
#3709=CARTESIAN_POINT('',(-0.0937738317896993,-1.58277784488833,-5.45));
#3710=CARTESIAN_POINT('',(-4.5,-1.58277784488833,-5.45));
#3711=CARTESIAN_POINT('',(-4.5,4.5,-5.45));
#3712=CARTESIAN_POINT('',(-4.5,-3.5,-5.45));
#3713=CARTESIAN_POINT('',(-0.75,-3.5,-5.45));
#3714=CARTESIAN_POINT('',(-2.5,7.24806360872649,-2.26880104320471));
#3715=CARTESIAN_POINT('',(-2.5,-1.58277784488833,-2.26880104320471));
#3716=CARTESIAN_POINT('',(-2.5,-1.58277784488833,-3.76880104320471));
#3717=CARTESIAN_POINT('',(-2.5,0.500000000000005,4.43399570795592));
#3718=CARTESIAN_POINT('',(-2.5,0.500000000000005,4.32333154643741));
#3719=CARTESIAN_POINT('',(-2.5,2.15,4.32333154643742));
#3720=CARTESIAN_POINT('',(4.25,4.5,-5.45));
#3721=CARTESIAN_POINT('',(4.5,4.841418230938,-5.45));
#3722=CARTESIAN_POINT('',(4.5,-1.58277784488833,-5.45));
#3723=CARTESIAN_POINT('',(4.5,-3.5,-5.45));
#3724=CARTESIAN_POINT('',(4.9062261682103,-1.58277784488833,-5.45));
#3725=CARTESIAN_POINT('',(0.500000000000001,-1.58277784488833,-5.45));
#3726=CARTESIAN_POINT('',(0.5,4.5,-5.45));
#3727=CARTESIAN_POINT('',(0.5,-3.5,-5.45));
#3728=CARTESIAN_POINT('',(4.25,-3.5,-5.45));
#3729=CARTESIAN_POINT('',(2.5,7.24806360872649,-2.26880104320471));
#3730=CARTESIAN_POINT('',(2.5,-1.58277784488833,-2.26880104320471));
#3731=CARTESIAN_POINT('',(2.5,-1.58277784488833,-3.76880104320471));
#3732=CARTESIAN_POINT('',(-0.75,4.5,-5.45));
#3733=CARTESIAN_POINT('',(-3.,0.,-5.45));
#3734=CARTESIAN_POINT('',(-3.,4.5,-5.45));
#3735=CARTESIAN_POINT('',(2.5,4.5,-5.45));
#3736=CARTESIAN_POINT('',(-4.5,4.5,-5.45));
#3737=CARTESIAN_POINT('',(-4.5,4.5,-5.45));
#3738=CARTESIAN_POINT('',(-4.5,0.,0.));
#3739=CARTESIAN_POINT('',(-4.5,-3.5,1.15));
#3740=CARTESIAN_POINT('',(-4.5,4.5,1.15));
#3741=CARTESIAN_POINT('',(-4.5,4.5,-6.25));
#3742=CARTESIAN_POINT('',(-0.75,-3.5,1.15));
#3743=CARTESIAN_POINT('',(-0.5,-3.5,1.15));
#3744=CARTESIAN_POINT('',(-0.5,4.5,1.15));
#3745=CARTESIAN_POINT('',(2.5,4.5,1.15));
#3746=CARTESIAN_POINT('',(-0.5,0.,0.));
#3747=CARTESIAN_POINT('',(-0.5,4.5,-6.25));
#3748=CARTESIAN_POINT('',(-0.5,4.5,-5.45));
#3749=CARTESIAN_POINT('',(-0.5,4.841418230938,-5.45));
#3750=CARTESIAN_POINT('',(-0.75,4.5,-5.45));
#3751=CARTESIAN_POINT('',(-2.,0.,-5.45));
#3752=CARTESIAN_POINT('',(-2.,4.5,-5.45));
#3753=CARTESIAN_POINT('',(2.5,4.5,-5.45));
#3754=CARTESIAN_POINT('',(4.25,4.5,-5.45));
#3755=CARTESIAN_POINT('',(2.,0.,-5.45));
#3756=CARTESIAN_POINT('',(2.,4.5,-5.45));
#3757=CARTESIAN_POINT('',(5.,4.5,-5.45));
#3758=CARTESIAN_POINT('',(0.5,4.5,-5.45));
#3759=CARTESIAN_POINT('',(0.5,4.5,-5.45));
#3760=CARTESIAN_POINT('',(0.5,0.,0.));
#3761=CARTESIAN_POINT('',(0.5,-3.5,1.15));
#3762=CARTESIAN_POINT('',(0.5,4.5,1.15));
#3763=CARTESIAN_POINT('',(0.5,4.5,-6.25));
#3764=CARTESIAN_POINT('',(4.25,-3.5,1.15));
#3765=CARTESIAN_POINT('',(4.5,-3.5,1.15));
#3766=CARTESIAN_POINT('',(4.5,4.5,1.15));
#3767=CARTESIAN_POINT('',(5.,4.5,1.15));
#3768=CARTESIAN_POINT('',(4.5,0.,0.));
#3769=CARTESIAN_POINT('',(4.5,4.5,-6.25));
#3770=CARTESIAN_POINT('',(4.5,4.5,-5.45));
#3771=CARTESIAN_POINT('',(4.5,4.841418230938,-5.45));
#3772=CARTESIAN_POINT('',(4.25,4.5,-5.45));
#3773=CARTESIAN_POINT('',(3.,0.,-5.45));
#3774=CARTESIAN_POINT('',(3.,4.5,-5.45));
#3775=CARTESIAN_POINT('',(5.,4.5,-5.45));
#3776=CARTESIAN_POINT('',(-2.,0.,-6.25));
#3777=CARTESIAN_POINT('',(-2.,0.5,-6.25));
#3778=CARTESIAN_POINT('',(-2.,4.5,-6.25));
#3779=CARTESIAN_POINT('',(-2.5,0.5,-5.1795219833107E-31));
#3780=CARTESIAN_POINT('',(-3.,0.5,-6.25));
#3781=CARTESIAN_POINT('',(-3.,0.,-6.25));
#3782=CARTESIAN_POINT('',(-3.,4.5,-6.25));
#3783=CARTESIAN_POINT('',(3.,0.,-6.25));
#3784=CARTESIAN_POINT('',(3.,0.5,-6.25));
#3785=CARTESIAN_POINT('',(3.,4.5,-6.25));
#3786=CARTESIAN_POINT('',(2.5,0.5,-5.1795219833107E-31));
#3787=CARTESIAN_POINT('',(2.,0.5,-6.25));
#3788=CARTESIAN_POINT('',(2.,0.,-6.25));
#3789=CARTESIAN_POINT('',(2.,4.5,-6.25));
#3790=CARTESIAN_POINT('',(-4.5,0.,0.));
#3791=CARTESIAN_POINT('',(-4.5,-1.58277784488833,5.31677496841532E-17));
#3792=CARTESIAN_POINT('',(-4.5,-1.58277784488833,1.15));
#3793=CARTESIAN_POINT('',(-4.5,-3.5,1.15));
#3794=CARTESIAN_POINT('',(-4.5,-3.5,1.15));
#3795=CARTESIAN_POINT('',(-4.5,-3.5,-5.30523343825601));
#3796=CARTESIAN_POINT('',(-0.75,-3.5,-5.30523343825601));
#3797=CARTESIAN_POINT('',(-0.75,-3.5,1.15));
#3798=CARTESIAN_POINT('',(-0.5,-3.5,1.15));
#3799=CARTESIAN_POINT('',(-0.5,-3.5,-5.45));
#3800=CARTESIAN_POINT('',(-0.5,0.,0.));
#3801=CARTESIAN_POINT('',(-0.5,-1.58277784488833,5.31677496841532E-17));
#3802=CARTESIAN_POINT('',(-0.5,-1.58277784488833,1.15));
#3803=CARTESIAN_POINT('',(-0.5,-3.5,1.15));
#3804=CARTESIAN_POINT('',(-0.0937738317896993,-1.58277784488833,-5.30523343825601));
#3805=CARTESIAN_POINT('',(-0.0937738317896993,-1.58277784488833,1.15));
#3806=CARTESIAN_POINT('',(-2.5,0.500000000000002,5.3432553787395));
#3807=CARTESIAN_POINT('',(-2.5,0.500000000000015,1.21586663739942));
#3808=CARTESIAN_POINT('',(-2.5,2.15000000000001,1.21586663739943));
#3809=CARTESIAN_POINT('',(0.5,0.,0.));
#3810=CARTESIAN_POINT('',(0.5,-1.58277784488833,5.31677496841532E-17));
#3811=CARTESIAN_POINT('',(0.5,-1.58277784488833,1.15));
#3812=CARTESIAN_POINT('',(0.5,-3.5,1.15));
#3813=CARTESIAN_POINT('',(0.5,-3.5,1.15));
#3814=CARTESIAN_POINT('',(0.5,-3.5,-5.30523343825601));
#3815=CARTESIAN_POINT('',(4.25,-3.5,-5.30523343825601));
#3816=CARTESIAN_POINT('',(4.25,-3.5,1.15));
#3817=CARTESIAN_POINT('',(4.5,-3.5,1.15));
#3818=CARTESIAN_POINT('',(4.5,-3.5,-5.45));
#3819=CARTESIAN_POINT('',(4.5,0.,0.));
#3820=CARTESIAN_POINT('',(4.5,-1.58277784488833,5.31677496841532E-17));
#3821=CARTESIAN_POINT('',(4.5,-1.58277784488833,1.15));
#3822=CARTESIAN_POINT('',(4.5,-3.5,1.15));
#3823=CARTESIAN_POINT('',(4.9062261682103,-1.58277784488833,-5.30523343825601));
#3824=CARTESIAN_POINT('',(4.9062261682103,-1.58277784488833,1.15));
#3825=CARTESIAN_POINT('',(5.,4.5,1.44084672678504));
#3826=CARTESIAN_POINT('',(-5.,4.5,1.44084672678504));
#3827=CARTESIAN_POINT('',(-5.,4.5,1.44084672678504));
#3828=CARTESIAN_POINT('',(-5.,4.28635479099752,1.44084672678504));
#3829=CARTESIAN_POINT('',(5.,4.28635479099752,1.44084672678504));
#3830=CARTESIAN_POINT('',(5.,4.28635479099752,1.44084672678504));
#3831=CARTESIAN_POINT('',(5.,4.5,1.44084672678504));
#3832=CARTESIAN_POINT('',(5.,4.5,1.44084672678504));
#3833=CARTESIAN_POINT('',(5.,4.5,1.44084672678504));
#3834=CARTESIAN_POINT('',(5.,4.5,-6.25));
#3835=CARTESIAN_POINT('',(-5.,4.5,-6.25));
#3836=CARTESIAN_POINT('',(5.,4.5,-6.25));
#3837=CARTESIAN_POINT('',(-0.75,-3.5,1.15));
#3838=CARTESIAN_POINT('',(-2.5,-2.57514916565479,1.15));
#3839=CARTESIAN_POINT('',(-1.6,-2.57514916565479,1.15));
#3840=CARTESIAN_POINT('',(-2.5,0.500000000000014,1.56586663739942));
#3841=CARTESIAN_POINT('',(-2.5,0.500000000000014,1.56586663739942));
#3842=CARTESIAN_POINT('',(-2.5,2.50000000000001,1.56586663739943));
#3843=CARTESIAN_POINT('',(4.25,-3.5,1.15));
#3844=CARTESIAN_POINT('',(2.5,-2.57514916565479,1.15));
#3845=CARTESIAN_POINT('',(3.4,-2.57514916565479,1.15));
#3846=CARTESIAN_POINT('',(-5.,0.,0.));
#3847=CARTESIAN_POINT('',(-5.,0.,1.718875));
#3848=CARTESIAN_POINT('',(-5.,-2.95890639532821,1.718875));
#3849=CARTESIAN_POINT('',(-5.,-2.09191909722043,1.718875));
#3850=CARTESIAN_POINT('',(-5.,-2.95890639532821,0.));
#3851=CARTESIAN_POINT('',(-5.,-4.5,-5.30523343825601));
#3852=CARTESIAN_POINT('',(-5.,-4.5,6.25));
#3853=CARTESIAN_POINT('',(-5.,2.72376617032703,6.25));
#3854=CARTESIAN_POINT('',(-5.,2.72376617032703,6.25));
#3855=CARTESIAN_POINT('',(-5.,4.28635479099752,1.44084672678504));
#3856=CARTESIAN_POINT('',(-5.,-2.09191909722043,0.));
#3857=CARTESIAN_POINT('',(5.,4.28635479099752,1.44084672678504));
#3858=CARTESIAN_POINT('',(5.,2.72376617032703,6.25));
#3859=CARTESIAN_POINT('',(5.,2.72376617032703,6.25));
#3860=CARTESIAN_POINT('',(5.,4.28635479099752,1.44084672678504));
#3861=CARTESIAN_POINT('',(5.,0.,0.));
#3862=CARTESIAN_POINT('',(5.,-2.92541274627432,0.));
#3863=CARTESIAN_POINT('',(5.,-2.92541274627432,1.718875));
#3864=CARTESIAN_POINT('',(5.,-2.52541274627433,1.718875));
#3865=CARTESIAN_POINT('',(5.,-2.12541274627432,1.718875));
#3866=CARTESIAN_POINT('',(5.,-2.12541274627432,-2.16840434497101E-16));
#3867=CARTESIAN_POINT('',(5.,2.72376617032703,6.25));
#3868=CARTESIAN_POINT('',(5.,-4.5,6.25));
#3869=CARTESIAN_POINT('',(5.,-4.5,6.25));
#3870=CARTESIAN_POINT('',(5.,-4.5,-5.30523343825601));
#3871=CARTESIAN_POINT('',(5.,-4.5,6.25));
#3872=CARTESIAN_POINT('',(-2.5,-2.57514916565479,0.54806140359582));
#3873=CARTESIAN_POINT('',(-2.5,-2.57514916565479,6.25));
#3874=CARTESIAN_POINT('',(-3.4,-2.57514916565479,6.25));
#3875=CARTESIAN_POINT('',(-2.5,0.499999999999995,7.66807859492795));
#3876=CARTESIAN_POINT('',(-2.5,0.499999999999999,6.25));
#3877=CARTESIAN_POINT('',(-4.5,0.499999999999999,6.25));
#3878=CARTESIAN_POINT('',(2.5,-2.57514916565479,0.54806140359582));
#3879=CARTESIAN_POINT('',(2.5,-2.57514916565479,6.25));
#3880=CARTESIAN_POINT('',(1.6,-2.57514916565479,6.25));
#3881=CARTESIAN_POINT('',(5.,2.72376617032703,6.25));
#3882=CARTESIAN_POINT('',(5.,-2.12541274627432,-2.16840434497101E-16));
#3883=CARTESIAN_POINT('',(5.82965425234666,-1.90310755936099,0.88922074765334));
#3884=CARTESIAN_POINT('',(5.53705904774487,-1.98150820814326,1.18181595225513));
#3885=CARTESIAN_POINT('',(5.53705904774487,-1.98150820814326,-2.16840434497101E-16));
#3886=CARTESIAN_POINT('',(5.6,-2.52541274627432,1.75));
#3887=CARTESIAN_POINT('',(5.6,-2.02980449945771,1.75));
#3888=CARTESIAN_POINT('',(5.6,-2.02980449945771,1.118875));
#3889=CARTESIAN_POINT('',(5.6,-3.02102099309094,1.118875));
#3890=CARTESIAN_POINT('',(5.6,-3.02102099309094,1.118875));
#3891=CARTESIAN_POINT('',(5.6,-3.02102099309094,1.75));
#3892=CARTESIAN_POINT('',(5.,-2.92541274627432,-2.16840434497101E-16));
#3893=CARTESIAN_POINT('',(5.53705904774487,-3.06931728440539,-2.16840434497101E-16));
#3894=CARTESIAN_POINT('',(5.53705904774487,-3.06931728440539,1.18181595225513));
#3895=CARTESIAN_POINT('',(5.82965425234666,-3.14771793318766,0.889220747653339));
#3896=CARTESIAN_POINT('',(5.55,-2.02980449945771,-2.16840434497101E-16));
#3897=CARTESIAN_POINT('',(5.55,-2.02980449945771,1.168875));
#3898=CARTESIAN_POINT('',(5.55,-3.02102099309094,1.75));
#3899=CARTESIAN_POINT('',(5.55,-3.02102099309094,1.168875));
#3900=CARTESIAN_POINT('',(5.6,-2.52541274627432,1.118875));
#3901=CARTESIAN_POINT('',(-5.,-2.95890639532821,1.718875));
#3902=CARTESIAN_POINT('',(-4.58794095225513,-3.06931728440539,1.718875));
#3903=CARTESIAN_POINT('',(-4.58794095225513,-3.06931728440539,1.718875));
#3904=CARTESIAN_POINT('',(-4.58794095225513,-3.06931728440539,1.718875));
#3905=CARTESIAN_POINT('',(-5.,-2.09191909722043,1.718875));
#3906=CARTESIAN_POINT('',(-4.58794095225513,-1.98150820814326,1.718875));
#3907=CARTESIAN_POINT('',(-4.58794095225513,-1.98150820814326,1.718875));
#3908=CARTESIAN_POINT('',(-5.125,-2.12541274627432,1.718875));
#3909=CARTESIAN_POINT('',(-4.575,-3.02102099309094,1.718875));
#3910=CARTESIAN_POINT('',(-4.575,-2.02980449945771,1.718875));
#3911=CARTESIAN_POINT('',(-4.525,-2.02980449945771,1.718875));
#3912=CARTESIAN_POINT('',(-4.525,-2.02980449945771,1.718875));
#3913=CARTESIAN_POINT('',(-4.525,-3.02102099309094,1.718875));
#3914=CARTESIAN_POINT('',(-4.575,-3.02102099309094,1.718875));
#3915=CARTESIAN_POINT('',(-4.525,-2.02980449945771,1.718875));
#3916=CARTESIAN_POINT('',(-4.525,-3.02102099309094,1.718875));
#3917=CARTESIAN_POINT('',(-4.525,-2.02980449945771,1.718875));
#3918=CARTESIAN_POINT('',(-4.575,-3.02102099309094,1.718875));
#3919=CARTESIAN_POINT('',(-4.575,-2.02980449945771,1.718875));
#3920=CARTESIAN_POINT('',(2.5,0.500000000000001,5.58815021624546));
#3921=CARTESIAN_POINT('',(-2.5,0.500000000000001,5.58815021624546));
#3922=CARTESIAN_POINT('',(-2.5,0.500000000000001,5.58815021624546));
#3923=CARTESIAN_POINT('',(2.5,0.500000000000001,5.58815021624546));
#3924=MECHANICAL_DESIGN_GEOMETRIC_PRESENTATION_REPRESENTATION('',(#1774,
#1775,#1776,#1777,#1778,#1779,#1780,#1781,#1782,#1783,#1784,#1785,#1786,
#1787,#1788,#1789,#1790,#1791,#1792,#1793,#1794,#1795,#1796,#1797,#1798,
#1799,#1800,#1801,#1802,#1803,#1804,#1805,#1806,#1807,#1808,#1809,#1810,
#1811,#1812,#1813,#1814,#1815,#1816,#1817,#1818,#1819,#1820,#1821,#1822,
#1823,#1824,#1825,#1826,#1827,#1828,#1829,#1830,#1831,#1832,#1833,#1834,
#1835,#1836,#1837,#1838,#1839,#1840,#1841,#1842,#1843,#1844,#1845,#1846,
#1847,#1848,#1849,#1850,#1851,#1852,#1853,#1854,#1855,#1856,#1857,#1858,
#1859,#1860,#1861,#1862,#1863,#1864,#1865,#1866,#1867,#1868,#1869,#1870,
#1871,#1872,#1873,#1874,#1875,#1876,#1877,#1878,#1879,#1880,#1881),#3925);
#3925=(
GEOMETRIC_REPRESENTATION_CONTEXT(3)
GLOBAL_UNCERTAINTY_ASSIGNED_CONTEXT((#3926))
GLOBAL_UNIT_ASSIGNED_CONTEXT((#3929,#3928,#3927))
REPRESENTATION_CONTEXT('CTB1202 2BK','TOP_LEVEL_ASSEMBLY_PART')
);
#3926=UNCERTAINTY_MEASURE_WITH_UNIT(LENGTH_MEASURE(0.005),#3929,
'DISTANCE_ACCURACY_VALUE','Maximum Tolerance applied to model');
#3927=(
NAMED_UNIT(*)
SI_UNIT($,.STERADIAN.)
SOLID_ANGLE_UNIT()
);
#3928=(
NAMED_UNIT(*)
PLANE_ANGLE_UNIT()
SI_UNIT($,.RADIAN.)
);
#3929=(
LENGTH_UNIT()
NAMED_UNIT(*)
SI_UNIT(.MILLI.,.METRE.)
);
#3930=PRODUCT_DEFINITION_SHAPE('','',#3931);
#3931=PRODUCT_DEFINITION('','',#3933,#3932);
#3932=PRODUCT_DEFINITION_CONTEXT('',#3939,'design');
#3933=PRODUCT_DEFINITION_FORMATION_WITH_SPECIFIED_SOURCE('','',#3935,
 .NOT_KNOWN.);
#3934=PRODUCT_RELATED_PRODUCT_CATEGORY('','',(#3935));
#3935=PRODUCT('CTB1202 2BK','CTB1202 2BK','CTB1202 2BK',(#3937));
#3936=PRODUCT_CATEGORY('','');
#3937=PRODUCT_CONTEXT('',#3939,'mechanical');
#3938=APPLICATION_PROTOCOL_DEFINITION('international standard',
'automotive_design',2010,#3939);
#3939=APPLICATION_CONTEXT(
'core data for automotive mechanical design processes');
ENDSEC;
END-ISO-10303-21;
